method,estimate,flow,cq,runid
pw,15.182396497569847,base,dilution,1
beale,NA,base,dilution,1
rating,12.615066426371088,base,dilution,1
composite,13.128309868306365,base,dilution,1
truth,12.462414903805456,base,dilution,1
pw,29.225951838223306,storm,dilution,1
beale,NA,storm,dilution,1
rating,13.716816339397722,storm,dilution,1
composite,16.26477723103251,storm,dilution,1
truth,17.403684110562832,storm,dilution,1
pw,15.91464461942007,unaltered,dilution,1
beale,NA,unaltered,dilution,1
rating,12.672903624747905,unaltered,dilution,1
composite,13.25047045146752,unaltered,dilution,1
truth,13.684523074394617,unaltered,dilution,1
pw,6.105484203242624,base,enrich,1
beale,NA,base,enrich,1
rating,14.173808911057227,base,enrich,1
composite,14.706032429320556,base,enrich,1
truth,13.60244526901535,base,enrich,1
pw,1.2187997539574724,storm,enrich,1
beale,NA,storm,enrich,1
rating,57.41679391985449,storm,enrich,1
composite,58.102505894731536,storm,enrich,1
truth,73.45578468648692,storm,enrich,1
pw,3.887648954834479,unaltered,enrich,1
beale,NA,unaltered,enrich,1
rating,14.219087737756682,unaltered,enrich,1
composite,14.454782322496573,unaltered,enrich,1
truth,13.731214913055817,unaltered,enrich,1
pw,14.238063306227085,base,none,1
beale,NA,base,none,1
rating,15.11552554654251,base,none,1
composite,16.019668478306336,base,none,1
truth,15.82037324608433,base,none,1
pw,6.381254250397398,storm,none,1
beale,NA,storm,none,1
rating,12.720513684325198,storm,none,1
composite,13.802415397435489,storm,none,1
truth,13.767581803350875,storm,none,1
pw,11.36031360977405,unaltered,none,1
beale,NA,unaltered,none,1
rating,12.852560425501279,unaltered,none,1
composite,13.67276767652469,unaltered,none,1
truth,13.550096111473877,unaltered,none,1
pw,13.76166255928817,base,chemostatic,1
beale,NA,base,chemostatic,1
rating,15.425014104159759,base,chemostatic,1
composite,15.291932861881147,base,chemostatic,1
truth,15.80495199296961,base,chemostatic,1
pw,6.167739657442409,storm,chemostatic,1
beale,NA,storm,chemostatic,1
rating,13.175209483608308,storm,chemostatic,1
composite,12.959259301324085,storm,chemostatic,1
truth,13.721150165494894,storm,chemostatic,1
pw,10.980201387152475,unaltered,chemostatic,1
beale,NA,unaltered,chemostatic,1
rating,13.160128870310068,unaltered,chemostatic,1
composite,13.027239117435112,unaltered,chemostatic,1
truth,13.53311798619856,unaltered,chemostatic,1
pw,14.436505369947973,base,dilution,2
beale,NA,base,dilution,2
rating,11.966874050101048,base,dilution,2
composite,12.343635460516394,base,dilution,2
truth,12.326551571509889,base,dilution,2
pw,72.81401226988288,storm,dilution,2
beale,NA,storm,dilution,2
rating,14.125185285714904,storm,dilution,2
composite,45.993518472700686,storm,dilution,2
truth,17.187521581423464,storm,dilution,2
pw,71.88646056374583,unaltered,dilution,2
beale,NA,unaltered,dilution,2
rating,13.736394803436676,unaltered,dilution,2
composite,57.85267499187064,unaltered,dilution,2
truth,13.45077705842556,unaltered,dilution,2
pw,5.989623218331809,base,enrich,2
beale,NA,base,enrich,2
rating,15.30385519422714,base,enrich,2
composite,15.439993205926536,base,enrich,2
truth,14.352074389167052,base,enrich,2
pw,1.1956974861731706,storm,enrich,2
beale,NA,storm,enrich,2
rating,85.39087372878704,storm,enrich,2
composite,86.00534609980495,storm,enrich,2
truth,76.03436786689835,storm,enrich,2
pw,3.950093565191814,unaltered,enrich,2
beale,NA,unaltered,enrich,2
rating,20.567111583171528,unaltered,enrich,2
composite,20.946213418271924,unaltered,enrich,2
truth,13.8316196714673,unaltered,enrich,2
pw,11.875726739110446,base,none,2
beale,NA,base,none,2
rating,15.591409675757431,base,none,2
composite,15.966141142946134,base,none,2
truth,15.764618395782653,base,none,2
pw,5.379136771282887,storm,none,2
beale,NA,storm,none,2
rating,16.174506403949575,storm,none,2
composite,16.343439622158012,storm,none,2
truth,13.745641376156572,storm,none,2
pw,9.64243318369411,unaltered,none,2
beale,NA,unaltered,none,2
rating,13.717186672604482,unaltered,none,2
composite,14.032029948244261,unaltered,none,2
truth,13.531682274007752,unaltered,none,2
pw,13.433929896668543,base,chemostatic,2
beale,NA,base,chemostatic,2
rating,15.355351676227114,base,chemostatic,2
composite,15.30580074341066,base,chemostatic,2
truth,15.751698874682667,base,chemostatic,2
pw,6.084928348176118,storm,chemostatic,2
beale,NA,storm,chemostatic,2
rating,13.28398942985692,storm,chemostatic,2
composite,13.1473537810482,storm,chemostatic,2
truth,13.699127805422629,storm,chemostatic,2
pw,10.907607952653182,unaltered,chemostatic,2
beale,NA,unaltered,chemostatic,2
rating,13.179393959226392,unaltered,chemostatic,2
composite,13.11657311512246,unaltered,chemostatic,2
truth,13.517828491032528,unaltered,chemostatic,2
pw,14.846738672323205,base,dilution,3
beale,NA,base,dilution,3
rating,12.697908881757398,base,dilution,3
composite,12.72511014770297,base,dilution,3
truth,12.831643235133418,base,dilution,3
pw,30.178588307222263,storm,dilution,3
beale,NA,storm,dilution,3
rating,14.073238748936387,storm,dilution,3
composite,16.079069031418314,storm,dilution,3
truth,17.706183158167736,storm,dilution,3
pw,16.598757513976963,unaltered,dilution,3
beale,NA,unaltered,dilution,3
rating,13.175647539015637,unaltered,dilution,3
composite,13.676030685590076,unaltered,dilution,3
truth,13.909223966368444,unaltered,dilution,3
pw,6.135454131973723,base,enrich,3
beale,NA,base,enrich,3
rating,16.881187972634102,base,enrich,3
composite,16.985164002369572,base,enrich,3
truth,16.352604922555553,base,enrich,3
pw,1.1764923684625916,storm,enrich,3
beale,NA,storm,enrich,3
rating,58.31735439472538,storm,enrich,3
composite,58.80091171584638,storm,enrich,3
truth,82.26540026561372,storm,enrich,3
pw,3.7666493963982437,unaltered,enrich,3
beale,NA,unaltered,enrich,3
rating,13.366700201584024,unaltered,enrich,3
composite,13.458137748632097,unaltered,enrich,3
truth,14.608089425773793,unaltered,enrich,3
pw,14.038084443235654,base,none,3
beale,NA,base,none,3
rating,15.764140222221043,base,none,3
composite,15.622761948420928,base,none,3
truth,16.413921013716735,base,none,3
pw,6.11776019958273,storm,none,3
beale,NA,storm,none,3
rating,13.77837931128294,storm,none,3
composite,13.420800625292994,storm,none,3
truth,13.915983640434298,storm,none,3
pw,10.875589787410503,unaltered,none,3
beale,NA,unaltered,none,3
rating,13.13155174385474,unaltered,none,3
composite,12.955812377365591,unaltered,none,3
truth,13.610911117224786,unaltered,none,3
pw,14.457976933119046,base,chemostatic,3
beale,NA,base,chemostatic,3
rating,16.741760484387743,base,chemostatic,3
composite,16.662555626170565,base,chemostatic,3
truth,16.393630293214695,base,chemostatic,3
pw,6.300748239945323,storm,chemostatic,3
beale,NA,storm,chemostatic,3
rating,14.38940576234596,storm,chemostatic,3
composite,14.308181174976697,storm,chemostatic,3
truth,13.89105092055286,storm,chemostatic,3
pw,11.200889046953467,unaltered,chemostatic,3
beale,NA,unaltered,chemostatic,3
rating,13.913740963077926,unaltered,chemostatic,3
composite,13.840876128919493,unaltered,chemostatic,3
truth,13.595427843148148,unaltered,chemostatic,3
pw,14.16942181565949,base,dilution,4
beale,NA,base,dilution,4
rating,11.880967741845692,base,dilution,4
composite,12.078470604363813,base,dilution,4
truth,12.590840338803341,base,dilution,4
pw,28.014203150798874,storm,dilution,4
beale,NA,storm,dilution,4
rating,12.91286688004545,storm,dilution,4
composite,11.288376084459582,storm,dilution,4
truth,18.17215889753941,storm,dilution,4
pw,15.315634672914586,unaltered,dilution,4
beale,NA,unaltered,dilution,4
rating,12.042133221440821,unaltered,dilution,4
composite,12.122198800298456,unaltered,dilution,4
truth,14.053115939547908,unaltered,dilution,4
pw,6.096221874660348,base,enrich,4
beale,NA,base,enrich,4
rating,13.018944644739168,base,enrich,4
composite,13.372250196221197,base,enrich,4
truth,14.152566916949297,base,enrich,4
pw,1.2729105530138844,storm,enrich,4
beale,NA,storm,enrich,4
rating,54.149662862083865,storm,enrich,4
composite,54.89026895320522,storm,enrich,4
truth,76.55171778716237,storm,enrich,4
pw,4.0451136106830115,unaltered,enrich,4
beale,NA,unaltered,enrich,4
rating,13.116807572299212,unaltered,enrich,4
composite,13.446461125936347,unaltered,enrich,4
truth,14.047889635954615,unaltered,enrich,4
pw,13.948127204342287,base,none,4
beale,NA,base,none,4
rating,15.281622289860222,base,none,4
composite,15.717876618178975,base,none,4
truth,15.892821981074274,base,none,4
pw,6.191388670556163,storm,none,4
beale,NA,storm,none,4
rating,12.932600344984555,storm,none,4
composite,12.80137212254052,storm,none,4
truth,13.727915138788207,storm,none,4
pw,11.050081928984634,unaltered,none,4
beale,NA,unaltered,none,4
rating,12.98130161311445,unaltered,none,4
composite,13.29469560492349,unaltered,none,4
truth,13.53197580290845,unaltered,none,4
pw,13.947543930690543,base,chemostatic,4
beale,NA,base,chemostatic,4
rating,16.237620831781243,base,chemostatic,4
composite,16.254042742890615,base,chemostatic,4
truth,15.90312278432179,base,chemostatic,4
pw,6.191129763118172,storm,chemostatic,4
beale,NA,storm,chemostatic,4
rating,14.377489632731702,storm,chemostatic,4
composite,14.429499670784665,storm,chemostatic,4
truth,13.714948689358318,storm,chemostatic,4
pw,11.049619843892895,unaltered,chemostatic,4
beale,NA,unaltered,chemostatic,4
rating,13.898515452547013,unaltered,chemostatic,4
composite,13.918448630567799,unaltered,chemostatic,4
truth,13.539328607747036,unaltered,chemostatic,4
pw,14.13341750817874,base,dilution,5
beale,NA,base,dilution,5
rating,11.854352073694708,base,dilution,5
composite,11.720057422800235,base,dilution,5
truth,12.384297602191392,base,dilution,5
pw,27.965613567375986,storm,dilution,5
beale,NA,storm,dilution,5
rating,13.077886636978933,storm,dilution,5
composite,13.526278265806626,storm,dilution,5
truth,17.291801333861695,storm,dilution,5
pw,15.454402732982667,unaltered,dilution,5
beale,NA,unaltered,dilution,5
rating,12.21124855341298,unaltered,dilution,5
composite,12.540036707989099,unaltered,dilution,5
truth,13.784225362313721,unaltered,dilution,5
pw,5.845565533121872,base,enrich,5
beale,NA,base,enrich,5
rating,14.750667528003369,base,enrich,5
composite,15.105245934258344,base,enrich,5
truth,14.267234259569037,base,enrich,5
pw,1.095351176177081,storm,enrich,5
beale,NA,storm,enrich,5
rating,59.57567359136896,storm,enrich,5
composite,60.15938106751223,storm,enrich,5
truth,75.1257780725105,storm,enrich,5
pw,3.573199753084656,unaltered,enrich,5
beale,NA,unaltered,enrich,5
rating,13.86475610279747,unaltered,enrich,5
composite,14.088088660319546,unaltered,enrich,5
truth,13.784614590362565,unaltered,enrich,5
pw,11.738701616012865,base,none,5
beale,NA,base,none,5
rating,13.535962863252468,base,none,5
composite,14.033067511080798,base,none,5
truth,15.776442453036886,base,none,5
pw,5.299931149816249,storm,none,5
beale,NA,storm,none,5
rating,11.455388982123802,storm,none,5
composite,12.342483290755236,storm,none,5
truth,13.72846312736494,storm,none,5
pw,9.518223550709193,unaltered,none,5
beale,NA,unaltered,none,5
rating,11.528940428942281,unaltered,none,5
composite,12.02918298512138,unaltered,none,5
truth,13.52057885090754,unaltered,none,5
pw,13.511609057964554,base,chemostatic,5
beale,NA,base,chemostatic,5
rating,15.19090668395406,base,chemostatic,5
composite,15.324172521097825,base,chemostatic,5
truth,15.793219304556914,base,chemostatic,5
pw,6.100384869887235,storm,chemostatic,5
beale,NA,storm,chemostatic,5
rating,12.606247956444584,storm,chemostatic,5
composite,12.789116028194163,storm,chemostatic,5
truth,13.719417123495111,storm,chemostatic,5
pw,10.955770045987078,unaltered,chemostatic,5
beale,NA,unaltered,chemostatic,5
rating,12.935908900604268,unaltered,chemostatic,5
composite,13.05989858085095,unaltered,chemostatic,5
truth,13.533897906323947,unaltered,chemostatic,5
pw,15.117209594044782,base,dilution,6
beale,NA,base,dilution,6
rating,12.632866729554843,base,dilution,6
composite,12.552707991234515,base,dilution,6
truth,12.472053886863913,base,dilution,6
pw,28.729508548387518,storm,dilution,6
beale,NA,storm,dilution,6
rating,13.664055917875348,storm,dilution,6
composite,10.702035083814256,storm,dilution,6
truth,17.480791618624032,storm,dilution,6
pw,15.913201565446517,unaltered,dilution,6
beale,NA,unaltered,dilution,6
rating,12.577760733416156,unaltered,dilution,6
composite,12.29878242517892,unaltered,dilution,6
truth,13.764038569423427,unaltered,dilution,6
pw,6.070584898855877,base,enrich,6
beale,NA,base,enrich,6
rating,15.484751323152032,base,enrich,6
composite,15.864442839377872,base,enrich,6
truth,13.919911471298429,base,enrich,6
pw,1.1224229522801705,storm,enrich,6
beale,NA,storm,enrich,6
rating,63.780902229328554,storm,enrich,6
composite,64.64397755277109,storm,enrich,6
truth,76.10384678737192,storm,enrich,6
pw,3.72425139594861,unaltered,enrich,6
beale,NA,unaltered,enrich,6
rating,15.922861825624867,unaltered,enrich,6
composite,16.31762475485674,unaltered,enrich,6
truth,13.886252370476189,unaltered,enrich,6
pw,14.139546723510737,base,none,6
beale,NA,base,none,6
rating,16.21871839826365,base,none,6
composite,16.098815379249263,base,none,6
truth,15.749293736449712,base,none,6
pw,6.348298283190531,storm,none,6
beale,NA,storm,none,6
rating,15.194683802155522,storm,none,6
composite,14.550668094429593,storm,none,6
truth,13.574053820443245,storm,none,6
pw,11.283032571912644,unaltered,none,6
beale,NA,unaltered,none,6
rating,14.004919426397976,unaltered,none,6
composite,13.83036168652691,unaltered,none,6
truth,13.475874249153037,unaltered,none,6
pw,14.052531131133508,base,chemostatic,6
beale,NA,base,chemostatic,6
rating,16.0944389164416,base,chemostatic,6
composite,16.076031956099964,base,chemostatic,6
truth,15.814853575630869,base,chemostatic,6
pw,6.309230486570101,storm,chemostatic,6
beale,NA,storm,chemostatic,6
rating,14.123128696842231,storm,chemostatic,6
composite,14.07544646545129,storm,chemostatic,6
truth,13.777101203852213,storm,chemostatic,6
pw,11.213596133655109,unaltered,chemostatic,6
beale,NA,unaltered,chemostatic,6
rating,13.808266594137935,unaltered,chemostatic,6
composite,13.790641410911453,unaltered,chemostatic,6
truth,13.5505881281787,unaltered,chemostatic,6
pw,14.351787018810375,base,dilution,7
beale,NA,base,dilution,7
rating,11.999013396855043,base,dilution,7
composite,12.305368978848003,base,dilution,7
truth,12.34745809483312,base,dilution,7
pw,27.901200612811422,storm,dilution,7
beale,NA,storm,dilution,7
rating,12.690294055408655,storm,dilution,7
composite,12.612631116384069,storm,dilution,7
truth,17.56021791604041,storm,dilution,7
pw,15.223214760791556,unaltered,dilution,7
beale,NA,unaltered,dilution,7
rating,11.85548150199393,unaltered,dilution,7
composite,12.34516761907364,unaltered,dilution,7
truth,13.529115513671778,unaltered,dilution,7
pw,5.242747735582334,base,enrich,7
beale,NA,base,enrich,7
rating,13.700988994130807,base,enrich,7
composite,13.778727252715472,base,enrich,7
truth,14.010571519910117,base,enrich,7
pw,1.3174889444976898,storm,enrich,7
beale,NA,storm,enrich,7
rating,64.45871012637168,storm,enrich,7
composite,65.06291413766415,storm,enrich,7
truth,75.40206222276665,storm,enrich,7
pw,4.066492055259903,unaltered,enrich,7
beale,NA,unaltered,enrich,7
rating,15.15772783214566,unaltered,enrich,7
composite,15.342524727741367,unaltered,enrich,7
truth,13.763409869979359,unaltered,enrich,7
pw,13.835485298418273,base,none,7
beale,NA,base,none,7
rating,16.314286649176946,base,none,7
composite,17.50719186894716,base,none,7
truth,15.70142571618367,base,none,7
pw,6.231363595138379,storm,none,7
beale,NA,storm,none,7
rating,14.102394508545721,storm,none,7
composite,15.924617733979552,storm,none,7
truth,13.735541338467817,storm,none,7
pw,11.159175880554757,unaltered,none,7
beale,NA,unaltered,none,7
rating,14.223078297634528,unaltered,none,7
composite,15.348826668378639,unaltered,none,7
truth,13.5092098165211,unaltered,none,7
pw,13.64554207281875,base,chemostatic,7
beale,NA,base,chemostatic,7
rating,15.689292539744459,base,chemostatic,7
composite,15.779157000758302,base,chemostatic,7
truth,15.727496684016003,base,chemostatic,7
pw,6.14581507438795,storm,chemostatic,7
beale,NA,storm,chemostatic,7
rating,13.868774065054172,storm,chemostatic,7
composite,13.962001524716857,storm,chemostatic,7
truth,13.737379247458428,storm,chemostatic,7
pw,11.005974903786182,unaltered,chemostatic,7
beale,NA,unaltered,chemostatic,7
rating,13.51205421746619,unaltered,chemostatic,7
composite,13.591207773801614,unaltered,chemostatic,7
truth,13.529371079603418,unaltered,chemostatic,7
pw,13.813852170098668,base,dilution,8
beale,NA,base,dilution,8
rating,11.43162908398671,base,dilution,8
composite,11.647905587693657,base,dilution,8
truth,12.268411771546592,base,dilution,8
pw,27.022538264655918,storm,dilution,8
beale,NA,storm,dilution,8
rating,12.671669636370012,storm,dilution,8
composite,11.787166444291934,storm,dilution,8
truth,17.154444249008836,storm,dilution,8
pw,14.911232821912868,unaltered,dilution,8
beale,NA,unaltered,dilution,8
rating,11.80344546603243,unaltered,dilution,8
composite,11.870819024462795,unaltered,dilution,8
truth,13.49559335579306,unaltered,dilution,8
pw,5.822358696049505,base,enrich,8
beale,NA,base,enrich,8
rating,13.994820371409293,base,enrich,8
composite,14.089141854437454,base,enrich,8
truth,13.689302764893105,base,enrich,8
pw,1.1389553003902055,storm,enrich,8
beale,NA,storm,enrich,8
rating,56.25218460657164,storm,enrich,8
composite,56.89034149870146,storm,enrich,8
truth,74.51161493900993,storm,enrich,8
pw,3.7172617433097397,unaltered,enrich,8
beale,NA,unaltered,enrich,8
rating,13.242569181314831,unaltered,enrich,8
composite,13.48555321040796,unaltered,enrich,8
truth,13.626400454269719,unaltered,enrich,8
pw,13.2150664750839,base,none,8
beale,NA,base,none,8
rating,13.476650989433443,base,none,8
composite,14.06057037285321,base,none,8
truth,15.677524417300363,base,none,8
pw,6.001124349114967,storm,none,8
beale,NA,storm,none,8
rating,9.714802044607223,storm,none,8
composite,10.184417306560436,storm,none,8
truth,13.751007662327307,storm,none,8
pw,10.750584980358926,unaltered,none,8
beale,NA,unaltered,none,8
rating,11.262488125308629,unaltered,none,8
composite,11.785427342191255,unaltered,none,8
truth,13.532244897189253,unaltered,none,8
pw,13.593182127891781,base,chemostatic,8
beale,NA,base,chemostatic,8
rating,15.681060721964775,base,chemostatic,8
composite,15.76385279372061,base,chemostatic,8
truth,15.670668318103477,base,chemostatic,8
pw,6.172831321238423,storm,chemostatic,8
beale,NA,storm,chemostatic,8
rating,13.696739752765987,storm,chemostatic,8
composite,13.882064094208918,storm,chemostatic,8
truth,13.737403580968595,storm,chemostatic,8
pw,11.058185737841242,unaltered,chemostatic,8
beale,NA,unaltered,chemostatic,8
rating,13.528091785610323,unaltered,chemostatic,8
composite,13.613809447761744,unaltered,chemostatic,8
truth,13.524280025141303,unaltered,chemostatic,8
pw,14.017110096665148,base,dilution,9
beale,NA,base,dilution,9
rating,11.797041961766496,base,dilution,9
composite,11.984527623683345,base,dilution,9
truth,12.265104486461158,base,dilution,9
pw,27.938857686313415,storm,dilution,9
beale,NA,storm,dilution,9
rating,13.223794307459693,storm,dilution,9
composite,13.535391144348296,storm,dilution,9
truth,17.252416389254627,storm,dilution,9
pw,15.407496126136074,unaltered,dilution,9
beale,NA,unaltered,dilution,9
rating,12.269865527867518,unaltered,dilution,9
composite,12.42640930525623,unaltered,dilution,9
truth,13.26456634069368,unaltered,dilution,9
pw,5.848595150678201,base,enrich,9
beale,NA,base,enrich,9
rating,15.856016172151337,base,enrich,9
composite,15.901425483989264,base,enrich,9
truth,13.845719867985753,base,enrich,9
pw,1.1493908873209908,storm,enrich,9
beale,NA,storm,enrich,9
rating,63.768878076730246,storm,enrich,9
composite,64.38337738467325,storm,enrich,9
truth,74.94146134657323,storm,enrich,9
pw,3.7300352173041036,unaltered,enrich,9
beale,NA,unaltered,enrich,9
rating,14.818132358170795,unaltered,enrich,9
composite,15.00474235590331,unaltered,enrich,9
truth,13.626210785739243,unaltered,enrich,9
pw,14.39447319317627,base,none,9
beale,NA,base,none,9
rating,16.07161112681617,base,none,9
composite,16.77209724995475,base,none,9
truth,15.69899917014975,base,none,9
pw,6.525237844613279,storm,none,9
beale,NA,storm,none,9
rating,13.517064974968601,storm,none,9
composite,14.580141154797888,storm,none,9
truth,13.769564694672358,storm,none,9
pw,11.680800825428062,unaltered,none,9
beale,NA,unaltered,none,9
rating,13.809345127783589,unaltered,none,9
composite,14.471206742895342,unaltered,none,9
truth,13.555717963352786,unaltered,none,9
pw,13.507342071669756,base,chemostatic,9
beale,NA,base,chemostatic,9
rating,15.444864907882218,base,chemostatic,9
composite,15.424757679840265,base,chemostatic,9
truth,15.652561472242455,base,chemostatic,9
pw,6.12308755474142,storm,chemostatic,9
beale,NA,storm,chemostatic,9
rating,13.527597555399693,storm,chemostatic,9
composite,13.472753984443298,storm,chemostatic,9
truth,13.740288173186354,storm,chemostatic,9
pw,10.960913282668349,unaltered,chemostatic,9
beale,NA,unaltered,chemostatic,9
rating,13.33196999609083,unaltered,chemostatic,9
composite,13.309389830814878,unaltered,chemostatic,9
truth,13.518311638075003,unaltered,chemostatic,9
pw,14.300580073760546,base,dilution,10
beale,NA,base,dilution,10
rating,12.171035342170597,base,dilution,10
composite,12.232508860857248,base,dilution,10
truth,12.356099089321157,base,dilution,10
pw,27.60353974222543,storm,dilution,10
beale,NA,storm,dilution,10
rating,13.022602364430446,storm,dilution,10
composite,10.981928974865262,storm,dilution,10
truth,18.316254547190464,storm,dilution,10
pw,15.194850903297072,unaltered,dilution,10
beale,NA,unaltered,dilution,10
rating,12.023872394898738,unaltered,dilution,10
composite,11.975110276299013,unaltered,dilution,10
truth,13.360466371697807,unaltered,dilution,10
pw,6.047278070374552,base,enrich,10
beale,NA,base,enrich,10
rating,16.321120793726536,base,enrich,10
composite,16.460386447411395,base,enrich,10
truth,14.177888191484424,base,enrich,10
pw,1.2074620294926872,storm,enrich,10
beale,NA,storm,enrich,10
rating,66.30849424753227,storm,enrich,10
composite,66.93245325773584,storm,enrich,10
truth,75.68900441249674,storm,enrich,10
pw,3.9470534966438113,unaltered,enrich,10
beale,NA,unaltered,enrich,10
rating,15.961716744452742,unaltered,enrich,10
composite,16.17102381728408,unaltered,enrich,10
truth,13.784141413647644,unaltered,enrich,10
pw,14.37527698065561,base,none,10
beale,NA,base,none,10
rating,16.631120582228483,base,none,10
composite,16.87704699470797,base,none,10
truth,15.794393318439578,base,none,10
pw,6.49925810716529,storm,none,10
beale,NA,storm,none,10
rating,14.880236392476869,storm,none,10
composite,15.54536126491306,storm,none,10
truth,13.82197595607804,storm,none,10
pw,11.627238395406803,unaltered,none,10
beale,NA,unaltered,none,10
rating,14.340971885110328,unaltered,none,10
composite,14.597735961488612,unaltered,none,10
truth,13.563788740555209,unaltered,none,10
pw,13.699733493366718,base,chemostatic,10
beale,NA,base,chemostatic,10
rating,15.90660964817237,base,chemostatic,10
composite,15.953809431538572,base,chemostatic,10
truth,15.771940424318002,base,chemostatic,10
pw,6.193835714788904,storm,chemostatic,10
beale,NA,storm,chemostatic,10
rating,13.993125586541938,storm,chemostatic,10
composite,14.103006575260174,storm,chemostatic,10
truth,13.76763658758849,storm,chemostatic,10
pw,11.080834650717762,unaltered,chemostatic,10
beale,NA,unaltered,chemostatic,10
rating,13.677655336009668,unaltered,chemostatic,10
composite,13.730856345216191,unaltered,chemostatic,10
truth,13.54038810868155,unaltered,chemostatic,10
pw,14.386321063289577,base,dilution,11
beale,NA,base,dilution,11
rating,12.179058172244622,base,dilution,11
composite,12.397344825609183,base,dilution,11
truth,12.556600555947657,base,dilution,11
pw,28.844198821685282,storm,dilution,11
beale,NA,storm,dilution,11
rating,13.201256702371646,storm,dilution,11
composite,13.199289603625925,storm,dilution,11
truth,17.409173039728913,storm,dilution,11
pw,15.706724662834766,unaltered,dilution,11
beale,NA,unaltered,dilution,11
rating,12.253740125353723,unaltered,dilution,11
composite,12.332886555892387,unaltered,dilution,11
truth,13.493768998574774,unaltered,dilution,11
pw,5.862712052948212,base,enrich,11
beale,NA,base,enrich,11
rating,14.187323996630115,base,enrich,11
composite,14.188961678140705,base,enrich,11
truth,14.704857281317166,base,enrich,11
pw,1.2724140723752078,storm,enrich,11
beale,NA,storm,enrich,11
rating,66.08375231091048,storm,enrich,11
composite,66.73253275810069,storm,enrich,11
truth,77.43761721513661,storm,enrich,11
pw,4.025964980860238,unaltered,enrich,11
beale,NA,unaltered,enrich,11
rating,15.18815377613902,unaltered,enrich,11
composite,15.404357726832593,unaltered,enrich,11
truth,14.02816109433266,unaltered,enrich,11
pw,13.38997681641097,base,none,11
beale,NA,base,none,11
rating,17.368918688630696,base,none,11
composite,17.582211176898184,base,none,11
truth,15.885289385687255,base,none,11
pw,5.974571940761519,storm,none,11
beale,NA,storm,none,11
rating,17.088688737449157,storm,none,11
composite,17.16816625189606,storm,none,11
truth,13.694327945806853,storm,none,11
pw,10.676758876891583,unaltered,none,11
beale,NA,unaltered,none,11
rating,15.092905427256461,unaltered,none,11
composite,15.269232288186743,unaltered,none,11
truth,13.496928894854552,unaltered,none,11
pw,13.921052937872497,base,chemostatic,11
beale,NA,base,chemostatic,11
rating,16.035182871588805,base,chemostatic,11
composite,16.03021768349006,base,chemostatic,11
truth,15.959009363953795,base,chemostatic,11
pw,6.211536689632755,storm,chemostatic,11
beale,NA,storm,chemostatic,11
rating,14.101644578623413,storm,chemostatic,11
composite,14.05856902560956,storm,chemostatic,11
truth,13.816166207469742,storm,chemostatic,11
pw,11.100222768716254,unaltered,chemostatic,11
beale,NA,unaltered,chemostatic,11
rating,13.655856943150077,unaltered,chemostatic,11
composite,13.645413587336026,unaltered,chemostatic,11
truth,13.56544294541601,unaltered,chemostatic,11
pw,13.88935918617721,base,dilution,12
beale,NA,base,dilution,12
rating,11.686625220329324,base,dilution,12
composite,11.685842824119042,base,dilution,12
truth,12.369660793325814,base,dilution,12
pw,27.972227748240442,storm,dilution,12
beale,NA,storm,dilution,12
rating,13.01786066979099,storm,dilution,12
composite,13.682702067726144,storm,dilution,12
truth,17.59682222478382,storm,dilution,12
pw,15.407184075264972,unaltered,dilution,12
beale,NA,unaltered,dilution,12
rating,12.187568965798473,unaltered,dilution,12
composite,12.704483227634942,unaltered,dilution,12
truth,13.501224465493738,unaltered,dilution,12
pw,6.790357770370813,base,enrich,12
beale,NA,base,enrich,12
rating,14.30002671171469,base,enrich,12
composite,14.552916861101854,base,enrich,12
truth,14.0587840455982,base,enrich,12
pw,1.2455731662658591,storm,enrich,12
beale,NA,storm,enrich,12
rating,53.12857977315505,storm,enrich,12
composite,53.74507046696145,storm,enrich,12
truth,75.16076303204926,storm,enrich,12
pw,3.9311509102813584,unaltered,enrich,12
beale,NA,unaltered,enrich,12
rating,12.76410329697268,unaltered,enrich,12
composite,12.977124438636382,unaltered,enrich,12
truth,13.748694379377778,unaltered,enrich,12
pw,12.677558529484163,base,none,12
beale,NA,base,none,12
rating,14.69990172735806,base,none,12
composite,15.117313674781567,base,none,12
truth,15.765998226754663,base,none,12
pw,5.690889333165038,storm,none,12
beale,NA,storm,none,12
rating,13.34532209040543,storm,none,12
composite,14.009857030745483,storm,none,12
truth,13.784228666864099,storm,none,12
pw,10.173589518027113,unaltered,none,12
beale,NA,unaltered,none,12
rating,12.705851643686243,unaltered,none,12
composite,13.102726934753049,unaltered,none,12
truth,13.538302009263582,unaltered,none,12
pw,13.780924850252527,base,chemostatic,12
beale,NA,base,chemostatic,12
rating,16.0618603292168,base,chemostatic,12
composite,16.01330976515652,base,chemostatic,12
truth,15.763025295305342,base,chemostatic,12
pw,6.186184670262547,storm,chemostatic,12
beale,NA,storm,chemostatic,12
rating,14.409702125750828,storm,chemostatic,12
composite,14.281703988977764,storm,chemostatic,12
truth,13.72009266889751,storm,chemostatic,12
pw,11.059027830885757,unaltered,chemostatic,12
beale,NA,unaltered,chemostatic,12
rating,13.858872169962602,unaltered,chemostatic,12
composite,13.805976057647221,unaltered,chemostatic,12
truth,13.529857151312312,unaltered,chemostatic,12
pw,14.05630691438095,base,dilution,13
beale,NA,base,dilution,13
rating,11.924408733565452,base,dilution,13
composite,12.157963979298053,base,dilution,13
truth,12.51435669581555,base,dilution,13
pw,27.79064150182035,storm,dilution,13
beale,NA,storm,dilution,13
rating,13.21458936423547,storm,dilution,13
composite,12.645883297577127,storm,dilution,13
truth,17.86317211709549,storm,dilution,13
pw,15.314148020839035,unaltered,dilution,13
beale,NA,unaltered,dilution,13
rating,12.23730021405813,unaltered,dilution,13
composite,12.333435773300991,unaltered,dilution,13
truth,13.694664588055632,unaltered,dilution,13
pw,6.305613122996245,base,enrich,13
beale,NA,base,enrich,13
rating,17.678667926164287,base,enrich,13
composite,17.650147328366245,base,enrich,13
truth,14.319708469930587,base,enrich,13
pw,1.234664419411057,storm,enrich,13
beale,NA,storm,enrich,13
rating,69.55006643148468,storm,enrich,13
composite,70.25549815040583,storm,enrich,13
truth,75.71084832111694,storm,enrich,13
pw,3.9563084319263155,unaltered,enrich,13
beale,NA,unaltered,enrich,13
rating,16.77297437625247,unaltered,enrich,13
composite,17.057008740307932,unaltered,enrich,13
truth,13.931138786059636,unaltered,enrich,13
pw,13.964010944801752,base,none,13
beale,NA,base,none,13
rating,15.508853665169072,base,none,13
composite,16.018204358688777,base,none,13
truth,15.838337771416118,base,none,13
pw,6.264299829707412,storm,none,13
beale,NA,storm,none,13
rating,13.971528586649333,storm,none,13
composite,14.548924308897691,storm,none,13
truth,13.67908627069197,storm,none,13
pw,11.187442879468882,unaltered,none,13
beale,NA,unaltered,none,13
rating,13.330778749465933,unaltered,none,13
composite,13.755690989009723,unaltered,none,13
truth,13.495752087048798,unaltered,none,13
pw,13.768693765994234,base,chemostatic,13
beale,NA,base,chemostatic,13
rating,15.741069712467167,base,chemostatic,13
composite,15.790968314549081,base,chemostatic,13
truth,15.898136306501868,base,chemostatic,13
pw,6.176679920586793,storm,chemostatic,13
beale,NA,storm,chemostatic,13
rating,13.505939761726104,storm,chemostatic,13
composite,13.599221278619117,storm,chemostatic,13
truth,13.761568497957006,storm,chemostatic,13
pw,11.030962066762168,unaltered,chemostatic,13
beale,NA,unaltered,chemostatic,13
rating,13.408027273693788,unaltered,chemostatic,13
composite,13.454821729813284,unaltered,chemostatic,13
truth,13.553466841580398,unaltered,chemostatic,13
pw,14.798175569141614,base,dilution,14
beale,NA,base,dilution,14
rating,12.503925215915883,base,dilution,14
composite,12.280786187425367,base,dilution,14
truth,12.62407162758605,base,dilution,14
pw,27.587717876597242,storm,dilution,14
beale,NA,storm,dilution,14
rating,13.291490272804623,storm,dilution,14
composite,12.43572054613705,storm,dilution,14
truth,17.549445900437433,storm,dilution,14
pw,15.3026838694293,unaltered,dilution,14
beale,NA,unaltered,dilution,14
rating,12.31301824163033,unaltered,dilution,14
composite,12.261856336732887,unaltered,dilution,14
truth,13.567818895030022,unaltered,dilution,14
pw,5.875649697324665,base,enrich,14
beale,NA,base,enrich,14
rating,13.805372519339084,base,enrich,14
composite,14.065763985551163,base,enrich,14
truth,15.964006736505134,base,enrich,14
pw,1.120668938703412,storm,enrich,14
beale,NA,storm,enrich,14
rating,55.94306415077011,storm,enrich,14
composite,56.50042034969711,storm,enrich,14
truth,79.46170148453176,storm,enrich,14
pw,3.6781907721355824,unaltered,enrich,14
beale,NA,unaltered,enrich,14
rating,13.17629264898331,unaltered,enrich,14
composite,13.32618807978112,unaltered,enrich,14
truth,14.249023022627549,unaltered,enrich,14
pw,13.736158627199021,base,none,14
beale,NA,base,none,14
rating,13.40704552426555,base,none,14
composite,13.74906860615022,base,none,14
truth,16.150424993920723,base,none,14
pw,6.068999432325169,storm,none,14
beale,NA,storm,none,14
rating,9.0766397911987209,storm,none,14
composite,9.426578951164002,storm,none,14
truth,13.792019906990681,storm,none,14
pw,10.846062724320769,unaltered,none,14
beale,NA,unaltered,none,14
rating,10.894057326816341,unaltered,none,14
composite,11.212375682985138,unaltered,none,14
truth,13.543551873740595,unaltered,none,14
pw,13.87802548361868,base,chemostatic,14
beale,NA,base,chemostatic,14
rating,16.140282595442734,base,chemostatic,14
composite,16.210336610191106,base,chemostatic,14
truth,16.19292583393976,base,chemostatic,14
pw,6.131679974567292,storm,chemostatic,14
beale,NA,storm,chemostatic,14
rating,13.837576633891983,storm,chemostatic,14
composite,13.931479310500055,storm,chemostatic,14
truth,13.845078222158689,storm,chemostatic,14
pw,10.958080710206797,unaltered,chemostatic,14
beale,NA,unaltered,chemostatic,14
rating,13.543158489776804,unaltered,chemostatic,14
composite,13.612052124562704,unaltered,chemostatic,14
truth,13.57884749578141,unaltered,chemostatic,14
pw,14.36871328295886,base,dilution,15
beale,NA,base,dilution,15
rating,12.30349562966072,base,dilution,15
composite,12.143509016406911,base,dilution,15
truth,12.518698802302469,base,dilution,15
pw,28.171721553918417,storm,dilution,15
beale,NA,storm,dilution,15
rating,13.446684674758577,storm,dilution,15
composite,10.954650971194766,storm,dilution,15
truth,17.287564940846345,storm,dilution,15
pw,15.646634193085731,unaltered,dilution,15
beale,NA,unaltered,dilution,15
rating,12.49968413377122,unaltered,dilution,15
composite,12.395214848009209,unaltered,dilution,15
truth,13.4375374530178,unaltered,dilution,15
pw,5.586492943376522,base,enrich,15
beale,NA,base,enrich,15
rating,14.490238396861661,base,enrich,15
composite,14.436748679698356,base,enrich,15
truth,14.470280591009654,base,enrich,15
pw,1.1518403420039378,storm,enrich,15
beale,NA,storm,enrich,15
rating,53.284238274583345,storm,enrich,15
composite,53.88343716926691,storm,enrich,15
truth,76.84006774660307,storm,enrich,15
pw,3.787819982651888,unaltered,enrich,15
beale,NA,unaltered,enrich,15
rating,13.229199551692695,unaltered,enrich,15
composite,13.399714885697332,unaltered,enrich,15
truth,13.953163412791715,unaltered,enrich,15
pw,14.415435808562385,base,none,15
beale,NA,base,none,15
rating,14.76393794734263,base,none,15
composite,14.900323293650347,base,none,15
truth,15.885873628818228,base,none,15
pw,6.477433656083309,storm,none,15
beale,NA,storm,none,15
rating,11.595521941545377,storm,none,15
composite,11.562340458711862,storm,none,15
truth,13.588395502021678,storm,none,15
pw,11.576851443090792,unaltered,none,15
beale,NA,unaltered,none,15
rating,12.38731871760199,unaltered,none,15
composite,12.449957714296824,unaltered,none,15
truth,13.491169788197329,unaltered,none,15
pw,13.693378022465454,base,chemostatic,15
beale,NA,base,chemostatic,15
rating,15.463682895312903,base,chemostatic,15
composite,15.533673586911481,base,chemostatic,15
truth,15.935862760934995,base,chemostatic,15
pw,6.152984123831,storm,chemostatic,15
beale,NA,storm,chemostatic,15
rating,12.993747164799561,storm,chemostatic,15
composite,12.988468828568697,storm,chemostatic,15
truth,13.76695771967457,storm,chemostatic,15
pw,10.996976104323297,unaltered,chemostatic,15
beale,NA,unaltered,chemostatic,15
rating,13.095774338368308,unaltered,chemostatic,15
composite,13.14730107300695,unaltered,chemostatic,15
truth,13.549194024460288,unaltered,chemostatic,15
pw,13.91663934922395,base,dilution,16
beale,NA,base,dilution,16
rating,11.815721289905595,base,dilution,16
composite,11.87554087752315,base,dilution,16
truth,12.423118699477284,base,dilution,16
pw,26.41971991418572,storm,dilution,16
beale,NA,storm,dilution,16
rating,12.879148503278861,storm,dilution,16
composite,11.616275915782722,storm,dilution,16
truth,16.93709129953866,storm,dilution,16
pw,14.813838658423807,unaltered,dilution,16
beale,NA,unaltered,dilution,16
rating,11.964252435050312,unaltered,dilution,16
composite,11.917944064146393,unaltered,dilution,16
truth,13.30528404910594,unaltered,dilution,16
pw,6.740414520213873,base,enrich,16
beale,NA,base,enrich,16
rating,15.369258248814369,base,enrich,16
composite,15.516543159760955,base,enrich,16
truth,14.777401699743159,base,enrich,16
pw,1.2626461530479067,storm,enrich,16
beale,NA,storm,enrich,16
rating,63.945174417276,storm,enrich,16
composite,64.46965680200378,storm,enrich,16
truth,76.1421264338501,storm,enrich,16
pw,4.057030638532718,unaltered,enrich,16
beale,NA,unaltered,enrich,16
rating,14.3884990351408,unaltered,enrich,16
composite,14.531946307743409,unaltered,enrich,16
truth,13.884268721638742,unaltered,enrich,16
pw,14.639992199597426,base,none,16
beale,NA,base,none,16
rating,16.65774125851996,base,none,16
composite,16.80332862239485,base,none,16
truth,15.907681284995897,base,none,16
pw,6.576735326509138,storm,none,16
beale,NA,storm,none,16
rating,15.888062416935812,storm,none,16
composite,15.658488804430851,storm,none,16
truth,13.746096820691683,storm,none,16
pw,11.795476563260555,unaltered,none,16
beale,NA,unaltered,none,16
rating,14.50325398292586,unaltered,none,16
composite,14.535624512999949,unaltered,none,16
truth,13.538923557301104,unaltered,none,16
pw,13.94264895530175,base,chemostatic,16
beale,NA,base,chemostatic,16
rating,16.246014641240386,base,chemostatic,16
composite,16.22112571904727,base,chemostatic,16
truth,15.915435887116839,base,chemostatic,16
pw,6.263467266872604,storm,chemostatic,16
beale,NA,storm,chemostatic,16
rating,14.265043976619307,storm,chemostatic,16
composite,14.207998183935777,storm,chemostatic,16
truth,13.770213552854022,storm,chemostatic,16
pw,11.233625451422945,unaltered,chemostatic,16
beale,NA,unaltered,chemostatic,16
rating,13.870769265863595,unaltered,chemostatic,16
composite,13.840728349085905,unaltered,chemostatic,16
truth,13.550276886830979,unaltered,chemostatic,16
pw,14.51688431411635,base,dilution,17
beale,NA,base,dilution,17
rating,12.16669587448411,base,dilution,17
composite,12.520347319557676,base,dilution,17
truth,12.693795410435492,base,dilution,17
pw,27.90235551379755,storm,dilution,17
beale,NA,storm,dilution,17
rating,13.198520842396901,storm,dilution,17
composite,12.423429021095002,storm,dilution,17
truth,19.349783384621396,storm,dilution,17
pw,15.425104537339797,unaltered,dilution,17
beale,NA,unaltered,dilution,17
rating,12.25032448132853,unaltered,dilution,17
composite,12.405953159925504,unaltered,dilution,17
truth,14.039462883900585,unaltered,dilution,17
pw,6.516069699944658,base,enrich,17
beale,NA,base,enrich,17
rating,14.631879439658794,base,enrich,17
composite,14.79914741439795,base,enrich,17
truth,14.833178771715412,base,enrich,17
pw,1.1876791350951599,storm,enrich,17
beale,NA,storm,enrich,17
rating,55.85309125053782,storm,enrich,17
composite,56.4781463495756,storm,enrich,17
truth,78.20194350606805,storm,enrich,17
pw,3.880541833687464,unaltered,enrich,17
beale,NA,unaltered,enrich,17
rating,13.120715194345781,unaltered,enrich,17
composite,13.387194975568248,unaltered,enrich,17
truth,14.22578250620336,unaltered,enrich,17
pw,14.721992381207201,base,none,17
beale,NA,base,none,17
rating,16.95201391774626,base,none,17
composite,17.32377806293611,base,none,17
truth,16.072719899734764,base,none,17
pw,6.577110708211536,storm,none,17
beale,NA,storm,none,17
rating,13.819318547327457,storm,none,17
composite,14.006113073239968,storm,none,17
truth,13.818237410261482,storm,none,17
pw,11.750476806621924,unaltered,none,17
beale,NA,unaltered,none,17
rating,14.085465090511894,unaltered,none,17
composite,14.43055546351662,unaltered,none,17
truth,13.555140392097607,unaltered,none,17
pw,14.127994681192309,base,chemostatic,17
beale,NA,base,chemostatic,17
rating,16.71179385601304,base,chemostatic,17
composite,16.608247549172493,base,chemostatic,17
truth,16.077376355434833,base,chemostatic,17
pw,6.311739790182259,storm,chemostatic,17
beale,NA,storm,chemostatic,17
rating,14.534769531083285,storm,chemostatic,17
composite,14.516046312719288,storm,chemostatic,17
truth,13.785940197765726,storm,chemostatic,17
pw,11.276372757626385,unaltered,chemostatic,17
beale,NA,unaltered,chemostatic,17
rating,14.102304880603509,unaltered,chemostatic,17
composite,14.026208021151215,unaltered,chemostatic,17
truth,13.55482966504001,unaltered,chemostatic,17
pw,14.385848736198318,base,dilution,18
beale,NA,base,dilution,18
rating,12.18894566293175,base,dilution,18
composite,12.160002986561368,base,dilution,18
truth,12.62227949960296,base,dilution,18
pw,31.17553509616404,storm,dilution,18
beale,NA,storm,dilution,18
rating,13.749058206094194,storm,dilution,18
composite,13.444536883716411,storm,dilution,18
truth,18.432127584683574,storm,dilution,18
pw,16.841196174496915,unaltered,dilution,18
beale,NA,unaltered,dilution,18
rating,12.817701791610661,unaltered,dilution,18
composite,13.102038508506876,unaltered,dilution,18
truth,13.742898139308318,unaltered,dilution,18
pw,6.4621384813521185,base,enrich,18
beale,NA,base,enrich,18
rating,18.07643273475565,base,enrich,18
composite,18.333734498999746,base,enrich,18
truth,14.504322850988961,base,enrich,18
pw,1.2866081201357598,storm,enrich,18
beale,NA,storm,enrich,18
rating,91.71852044940628,storm,enrich,18
composite,92.4352562343807,storm,enrich,18
truth,76.9048203369328,storm,enrich,18
pw,4.018702986373509,unaltered,enrich,18
beale,NA,unaltered,enrich,18
rating,20.407296712897104,unaltered,enrich,18
composite,20.65598707702495,unaltered,enrich,18
truth,14.044633126703314,unaltered,enrich,18
pw,15.126681569446689,base,none,18
beale,NA,base,none,18
rating,16.55174878512043,base,none,18
composite,17.03798913562616,base,none,18
truth,16.030406543143414,base,none,18
pw,6.810519057557665,storm,none,18
beale,NA,storm,none,18
rating,12.904773491747251,storm,none,18
composite,13.580993371421537,storm,none,18
truth,13.78933424547657,storm,none,18
pw,12.143876637570402,unaltered,none,18
beale,NA,unaltered,none,18
rating,13.715877180209404,unaltered,none,18
composite,14.176201914494348,unaltered,none,18
truth,13.572223868504322,unaltered,none,18
pw,13.73933246298982,base,chemostatic,18
beale,NA,base,chemostatic,18
rating,16.097607960149272,base,chemostatic,18
composite,16.08950659030378,base,chemostatic,18
truth,16.00990676115501,base,chemostatic,18
pw,6.185889823073439,storm,chemostatic,18
beale,NA,storm,chemostatic,18
rating,13.732224236246248,storm,chemostatic,18
composite,13.781121953846323,storm,chemostatic,18
truth,13.774930641099342,storm,chemostatic,18
pw,11.030096571221582,unaltered,chemostatic,18
beale,NA,unaltered,chemostatic,18
rating,13.58795560137242,unaltered,chemostatic,18
composite,13.597636356456466,unaltered,chemostatic,18
truth,13.553864846104895,unaltered,chemostatic,18
pw,14.322210775786477,base,dilution,19
beale,NA,base,dilution,19
rating,12.125277409667326,base,dilution,19
composite,12.741567364193314,base,dilution,19
truth,12.465725843088492,base,dilution,19
pw,27.838196480777867,storm,dilution,19
beale,NA,storm,dilution,19
rating,13.484029352986754,storm,dilution,19
composite,14.886445506353006,storm,dilution,19
truth,18.574522131747074,storm,dilution,19
pw,15.52888258747289,unaltered,dilution,19
beale,NA,unaltered,dilution,19
rating,12.57317385521938,unaltered,dilution,19
composite,13.015604126134974,unaltered,dilution,19
truth,13.745072267410658,unaltered,dilution,19
pw,5.766043332571768,base,enrich,19
beale,NA,base,enrich,19
rating,15.184432052826494,base,enrich,19
composite,15.38005864444922,base,enrich,19
truth,14.108987342262377,base,enrich,19
pw,1.1413941170933386,storm,enrich,19
beale,NA,storm,enrich,19
rating,61.205732300450535,storm,enrich,19
composite,61.762800485362156,storm,enrich,19
truth,75.12062238014984,storm,enrich,19
pw,3.6635917936387377,unaltered,enrich,19
beale,NA,unaltered,enrich,19
rating,14.17431071748425,unaltered,enrich,19
composite,14.302446050842873,unaltered,enrich,19
truth,13.834576530422435,unaltered,enrich,19
pw,13.108451151203733,base,none,19
beale,NA,base,none,19
rating,13.863118172996463,base,none,19
composite,14.758042119274988,base,none,19
truth,15.890435621923693,base,none,19
pw,5.871811759084957,storm,none,19
beale,NA,storm,none,19
rating,12.05869837421923,storm,none,19
composite,12.820612829777973,storm,none,19
truth,13.84572737231002,storm,none,19
pw,10.488385877503344,unaltered,none,19
beale,NA,unaltered,none,19
rating,11.850457894841465,unaltered,none,19
composite,12.603521616634778,unaltered,none,19
truth,13.591091937201103,unaltered,none,19
pw,13.787568881351046,base,chemostatic,19
beale,NA,base,chemostatic,19
rating,15.73802541956538,base,chemostatic,19
composite,15.812338630959557,base,chemostatic,19
truth,15.819970886881462,base,chemostatic,19
pw,6.1760163846112865,storm,chemostatic,19
beale,NA,storm,chemostatic,19
rating,13.510958950065817,storm,chemostatic,19
composite,13.603060789042736,storm,chemostatic,19
truth,13.69950219387214,storm,chemostatic,19
pw,11.031764246761346,unaltered,chemostatic,19
beale,NA,unaltered,chemostatic,19
rating,13.435073321123648,unaltered,chemostatic,19
composite,13.507684210914816,unaltered,chemostatic,19
truth,13.52079728909109,unaltered,chemostatic,19
pw,14.103663415932612,base,dilution,20
beale,NA,base,dilution,20
rating,11.806151165579028,base,dilution,20
composite,11.936444651552499,base,dilution,20
truth,12.29059577336436,base,dilution,20
pw,27.122827342648364,storm,dilution,20
beale,NA,storm,dilution,20
rating,12.845763353339414,storm,dilution,20
composite,12.385190521830603,storm,dilution,20
truth,17.242865018646366,storm,dilution,20
pw,14.968583121844638,unaltered,dilution,20
beale,NA,unaltered,dilution,20
rating,11.903991293419223,unaltered,dilution,20
composite,12.086950056606002,unaltered,dilution,20
truth,14.755144664090565,unaltered,dilution,20
pw,5.833462615279934,base,enrich,20
beale,NA,base,enrich,20
rating,12.38732957624201,base,enrich,20
composite,12.618036985530072,base,enrich,20
truth,14.00016570501665,base,enrich,20
pw,1.1203680503404487,storm,enrich,20
beale,NA,storm,enrich,20
rating,50.818800088398376,storm,enrich,20
composite,51.3275222748685,storm,enrich,20
truth,74.84642875607173,storm,enrich,20
pw,3.704127260545545,unaltered,enrich,20
beale,NA,unaltered,enrich,20
rating,12.552955223141424,unaltered,enrich,20
composite,12.713975751439673,unaltered,enrich,20
truth,13.686279204268773,unaltered,enrich,20
pw,13.296790263808392,base,none,20
beale,NA,base,none,20
rating,14.613958159999195,base,none,20
composite,14.906534088197937,base,none,20
truth,15.710177755780963,base,none,20
pw,6.014195567691716,storm,none,20
beale,NA,storm,none,20
rating,12.123109251692812,storm,none,20
composite,12.493062454047624,storm,none,20
truth,13.754536618284328,storm,none,20
pw,10.756748432954288,unaltered,none,20
beale,NA,unaltered,none,20
rating,12.475746067698484,unaltered,none,20
composite,12.742501952424677,unaltered,none,20
truth,13.538776751505674,unaltered,none,20
pw,13.414503969489196,base,chemostatic,20
beale,NA,base,chemostatic,20
rating,15.50673485869296,base,chemostatic,20
composite,15.618022691416213,base,chemostatic,20
truth,15.705546041782092,base,chemostatic,20
pw,6.067437984313792,storm,chemostatic,20
beale,NA,storm,chemostatic,20
rating,13.654521389646339,storm,chemostatic,20
composite,13.778260423768652,storm,chemostatic,20
truth,13.736969415436754,storm,chemostatic,20
pw,10.851975679078913,unaltered,chemostatic,20
beale,NA,unaltered,chemostatic,20
rating,13.370536916659077,unaltered,chemostatic,20
composite,13.476868288022242,unaltered,chemostatic,20
truth,13.534954506485292,unaltered,chemostatic,20
pw,14.381006050376438,base,dilution,21
beale,NA,base,dilution,21
rating,12.156242414642078,base,dilution,21
composite,12.192358144318204,base,dilution,21
truth,12.52875807264125,base,dilution,21
pw,25.80210956866527,storm,dilution,21
beale,NA,storm,dilution,21
rating,12.471469864128396,storm,dilution,21
composite,14.11230715804243,storm,dilution,21
truth,17.446903944542584,storm,dilution,21
pw,15.157389324002072,unaltered,dilution,21
beale,NA,unaltered,dilution,21
rating,12.234281855208868,unaltered,dilution,21
composite,12.435790822188109,unaltered,dilution,21
truth,13.516411381633633,unaltered,dilution,21
pw,6.363046104570569,base,enrich,21
beale,NA,base,enrich,21
rating,14.14146275530131,base,enrich,21
composite,14.178351732529308,base,enrich,21
truth,14.280459293588072,base,enrich,21
pw,1.0736925243087414,storm,enrich,21
beale,NA,storm,enrich,21
rating,78.04495299304813,storm,enrich,21
composite,78.14816974517042,storm,enrich,21
truth,75.62808402263255,storm,enrich,21
pw,3.7324787901537393,unaltered,enrich,21
beale,NA,unaltered,enrich,21
rating,13.824945295151364,unaltered,enrich,21
composite,13.865912797628662,unaltered,enrich,21
truth,13.915322053226067,unaltered,enrich,21
pw,13.644943257645528,base,none,21
beale,NA,base,none,21
rating,16.80742597086369,base,none,21
composite,17.494445742590845,base,none,21
truth,15.919823703222217,base,none,21
pw,6.0795375611418025,storm,none,21
beale,NA,storm,none,21
rating,16.670700217388006,storm,none,21
composite,17.721968554862098,storm,none,21
truth,13.730964353253468,storm,none,21
pw,10.867006654804731,unaltered,none,21
beale,NA,unaltered,none,21
rating,14.589407438855936,unaltered,none,21
composite,15.234304074288458,unaltered,none,21
truth,13.54329014359578,unaltered,none,21
pw,14.101216674257177,base,chemostatic,21
beale,NA,base,chemostatic,21
rating,16.06724856716195,base,chemostatic,21
composite,16.005475459730622,base,chemostatic,21
truth,15.928994870192055,base,chemostatic,21
pw,6.282831288500232,storm,chemostatic,21
beale,NA,storm,chemostatic,21
rating,13.888642596609044,storm,chemostatic,21
composite,13.714414190075782,storm,chemostatic,21
truth,13.742591116487864,storm,chemostatic,21
pw,11.230388616979695,unaltered,chemostatic,21
beale,NA,unaltered,chemostatic,21
rating,13.66919092546451,unaltered,chemostatic,21
composite,13.59809315198683,unaltered,chemostatic,21
truth,13.553034535730172,unaltered,chemostatic,21
pw,13.992814786731758,base,dilution,22
beale,NA,base,dilution,22
rating,11.712000518930823,base,dilution,22
composite,11.875857565739242,base,dilution,22
truth,12.416251742997488,base,dilution,22
pw,26.883334884532115,storm,dilution,22
beale,NA,storm,dilution,22
rating,12.892687065999988,storm,dilution,22
composite,11.825384321612354,storm,dilution,22
truth,17.327486031015876,storm,dilution,22
pw,14.992144273089142,unaltered,dilution,22
beale,NA,unaltered,dilution,22
rating,11.990449758210431,unaltered,dilution,22
composite,12.050454266406698,unaltered,dilution,22
truth,13.555574300635648,unaltered,dilution,22
pw,6.090176327929059,base,enrich,22
beale,NA,base,enrich,22
rating,13.521526469099985,base,enrich,22
composite,13.650984734805053,base,enrich,22
truth,13.31113130960452,base,enrich,22
pw,1.257079045982714,storm,enrich,22
beale,NA,storm,enrich,22
rating,56.173388763909294,storm,enrich,22
composite,56.77870519043687,storm,enrich,22
truth,74.15167885898778,storm,enrich,22
pw,3.9831041252651658,unaltered,enrich,22
beale,NA,unaltered,enrich,22
rating,13.144619639467823,unaltered,enrich,22
composite,13.359447055477839,unaltered,enrich,22
truth,13.688494515130222,unaltered,enrich,22
pw,12.464882564576044,base,none,22
beale,NA,base,none,22
rating,13.648104632705483,base,none,22
composite,14.225716446290784,base,none,22
truth,15.673987341841036,base,none,22
pw,5.7145182441709235,storm,none,22
beale,NA,storm,none,22
rating,11.771119090237814,storm,none,22
composite,12.5453991105761,storm,none,22
truth,13.725285255857242,storm,none,22
pw,10.14563475482915,unaltered,none,22
beale,NA,unaltered,none,22
rating,11.746532110886998,unaltered,none,22
composite,12.273033928553325,unaltered,none,22
truth,13.517946637068345,unaltered,none,22
pw,13.592222590863118,base,chemostatic,22
beale,NA,base,chemostatic,22
rating,15.60632486865201,base,chemostatic,22
composite,15.643496195999735,base,chemostatic,22
truth,15.690179812780556,base,chemostatic,22
pw,6.231346630978972,storm,chemostatic,22
beale,NA,storm,chemostatic,22
rating,13.693314736202936,storm,chemostatic,22
composite,13.686279516540743,storm,chemostatic,22
truth,13.802045911339368,storm,chemostatic,22
pw,11.063219023429689,unaltered,chemostatic,22
beale,NA,unaltered,chemostatic,22
rating,13.473156605169786,unaltered,chemostatic,22
composite,13.493897456065591,unaltered,chemostatic,22
truth,13.541815180050204,unaltered,chemostatic,22
pw,14.904014463612718,base,dilution,23
beale,NA,base,dilution,23
rating,12.582327583069587,base,dilution,23
composite,12.588396392930939,base,dilution,23
truth,12.388200644655496,base,dilution,23
pw,28.691048416042737,storm,dilution,23
beale,NA,storm,dilution,23
rating,13.601644683073273,storm,dilution,23
composite,12.807516249559557,storm,dilution,23
truth,19.39666496605734,storm,dilution,23
pw,15.767732662113334,unaltered,dilution,23
beale,NA,unaltered,dilution,23
rating,12.523559258179391,unaltered,dilution,23
composite,12.585022458013757,unaltered,dilution,23
truth,13.634652968470412,unaltered,dilution,23
pw,5.3468045315633335,base,enrich,23
beale,NA,base,enrich,23
rating,13.305672299581293,base,enrich,23
composite,13.652452175699155,base,enrich,23
truth,13.670778758481028,base,enrich,23
pw,1.0755349403133014,storm,enrich,23
beale,NA,storm,enrich,23
rating,56.44396096720928,storm,enrich,23
composite,57.21024428437002,storm,enrich,23
truth,75.30078337714272,storm,enrich,23
pw,3.553726306359824,unaltered,enrich,23
beale,NA,unaltered,enrich,23
rating,13.860311024629468,unaltered,enrich,23
composite,14.157093572425989,unaltered,enrich,23
truth,13.754906751095424,unaltered,enrich,23
pw,13.556155462306359,base,none,23
beale,NA,base,none,23
rating,16.104026377382585,base,none,23
composite,16.06558257466413,base,none,23
truth,15.652501645969307,base,none,23
pw,6.151631954565929,storm,none,23
beale,NA,storm,none,23
rating,15.855028641603912,storm,none,23
composite,15.385302318807193,storm,none,23
truth,13.650583369257992,storm,none,23
pw,10.965412518805742,unaltered,none,23
beale,NA,unaltered,none,23
rating,14.152356076453607,unaltered,none,23
composite,14.035885505928448,unaltered,none,23
truth,13.47707616133323,unaltered,none,23
pw,13.560066031236031,base,chemostatic,23
beale,NA,base,chemostatic,23
rating,15.884228439890741,base,chemostatic,23
composite,15.832767771460134,base,chemostatic,23
truth,15.710806453752785,base,chemostatic,23
pw,6.153406527073244,storm,chemostatic,23
beale,NA,storm,chemostatic,23
rating,14.316842472381499,storm,chemostatic,23
composite,14.20880954339787,storm,chemostatic,23
truth,13.75077958295737,storm,chemostatic,23
pw,10.96857573138591,unaltered,chemostatic,23
beale,NA,unaltered,chemostatic,23
rating,13.74708254360003,unaltered,chemostatic,23
composite,13.69506335813879,unaltered,chemostatic,23
truth,13.532765864690123,unaltered,chemostatic,23
pw,14.363605287494497,base,dilution,24
beale,NA,base,dilution,24
rating,11.91976335623228,base,dilution,24
composite,11.808307427143802,base,dilution,24
truth,12.463212125067772,base,dilution,24
pw,26.677583919866894,storm,dilution,24
beale,NA,storm,dilution,24
rating,12.792600587558798,storm,dilution,24
composite,12.91078258032104,storm,dilution,24
truth,17.8505511418128,storm,dilution,24
pw,14.804744866761538,unaltered,dilution,24
beale,NA,unaltered,dilution,24
rating,11.877513705585965,unaltered,dilution,24
composite,12.024942006841615,unaltered,dilution,24
truth,14.670359873426449,unaltered,dilution,24
pw,5.814483958409844,base,enrich,24
beale,NA,base,enrich,24
rating,13.700408455282505,base,enrich,24
composite,13.914174329945562,base,enrich,24
truth,14.466397993140083,base,enrich,24
pw,1.1225537144955466,storm,enrich,24
beale,NA,storm,enrich,24
rating,51.299782605930055,storm,enrich,24
composite,51.81290217772296,storm,enrich,24
truth,77.20479209773936,storm,enrich,24
pw,3.724550900504737,unaltered,enrich,24
beale,NA,unaltered,enrich,24
rating,12.271701638832447,unaltered,enrich,24
composite,12.393238083801863,unaltered,enrich,24
truth,13.997036623155317,unaltered,enrich,24
pw,14.042197692050447,base,none,24
beale,NA,base,none,24
rating,15.363350687060295,base,none,24
composite,16.304539806545847,base,none,24
truth,15.863354829436611,base,none,24
pw,6.355254971986064,storm,none,24
beale,NA,storm,none,24
rating,13.185468574876744,storm,none,24
composite,14.05567769476934,storm,none,24
truth,13.833207286339796,storm,none,24
pw,11.346371220370719,unaltered,none,24
beale,NA,unaltered,none,24
rating,13.097723896518511,unaltered,none,24
composite,13.939539300848036,unaltered,none,24
truth,13.564493313728798,unaltered,none,24
pw,13.587654813868628,base,chemostatic,24
beale,NA,base,chemostatic,24
rating,15.75352501699366,base,chemostatic,24
composite,15.7370055021622,base,chemostatic,24
truth,15.8385804238112,base,chemostatic,24
pw,6.149536753948068,storm,chemostatic,24
beale,NA,storm,chemostatic,24
rating,13.832538928713355,storm,chemostatic,24
composite,13.761469143516882,storm,chemostatic,24
truth,13.7347587493524,storm,chemostatic,24
pw,10.979091657404133,unaltered,chemostatic,24
beale,NA,unaltered,chemostatic,24
rating,13.491211967670697,unaltered,chemostatic,24
composite,13.464442228604026,unaltered,chemostatic,24
truth,13.53716404960164,unaltered,chemostatic,24
pw,15.291143835057655,base,dilution,25
beale,NA,base,dilution,25
rating,12.767257414130844,base,dilution,25
composite,13.057462326236376,base,dilution,25
truth,12.270900299484026,base,dilution,25
pw,30.005533766082202,storm,dilution,25
beale,NA,storm,dilution,25
rating,13.60970197008059,storm,dilution,25
composite,13.376595355751084,storm,dilution,25
truth,17.06100201341699,storm,dilution,25
pw,16.412402309617832,unaltered,dilution,25
beale,NA,unaltered,dilution,25
rating,12.694521289355718,unaltered,dilution,25
composite,12.933261863731945,unaltered,dilution,25
truth,13.50169070987014,unaltered,dilution,25
pw,6.132383594107662,base,enrich,25
beale,NA,base,enrich,25
rating,13.275863090121941,base,enrich,25
composite,13.430003388635761,base,enrich,25
truth,13.858407574830752,base,enrich,25
pw,1.1296298359182813,storm,enrich,25
beale,NA,storm,enrich,25
rating,68.39871873817728,storm,enrich,25
composite,68.92285873184571,storm,enrich,25
truth,75.32601830623192,storm,enrich,25
pw,3.6456121493781484,unaltered,enrich,25
beale,NA,unaltered,enrich,25
rating,15.515938272283499,unaltered,enrich,25
composite,15.648458771384396,unaltered,enrich,25
truth,13.72914366243732,unaltered,enrich,25
pw,13.69303780114538,base,none,25
beale,NA,base,none,25
rating,15.040941386690417,base,none,25
composite,15.430557623033184,base,none,25
truth,15.657933431773351,base,none,25
pw,6.186859169843083,storm,none,25
beale,NA,storm,none,25
rating,12.880358901062545,storm,none,25
composite,12.92230222330118,storm,none,25
truth,13.704844122916455,storm,none,25
pw,11.094402468628903,unaltered,none,25
beale,NA,unaltered,none,25
rating,12.935122782599523,unaltered,none,25
composite,13.226838765897096,unaltered,none,25
truth,13.509313322360654,unaltered,none,25
pw,13.850564682213136,base,chemostatic,25
beale,NA,base,chemostatic,25
rating,16.04159578024808,base,chemostatic,25
composite,16.038638418616543,base,chemostatic,25
truth,15.664530873194591,base,chemostatic,25
pw,6.2580337800927746,storm,chemostatic,25
beale,NA,storm,chemostatic,25
rating,14.080105739699038,storm,chemostatic,25
composite,14.23195469523286,storm,chemostatic,25
truth,13.676141257065067,storm,chemostatic,25
pw,11.22203423621574,unaltered,chemostatic,25
beale,NA,unaltered,chemostatic,25
rating,13.858054240562398,unaltered,chemostatic,25
composite,13.8692976429951,unaltered,chemostatic,25
truth,13.513736462595729,unaltered,chemostatic,25
pw,14.75678949390292,base,dilution,26
beale,NA,base,dilution,26
rating,12.458726892446531,base,dilution,26
composite,12.4940223940155,base,dilution,26
truth,12.590235842609665,base,dilution,26
pw,29.241877979462778,storm,dilution,26
beale,NA,storm,dilution,26
rating,13.791969267344857,storm,dilution,26
composite,11.60368124800971,storm,dilution,26
truth,17.649861353738263,storm,dilution,26
pw,16.13057736044687,unaltered,dilution,26
beale,NA,unaltered,dilution,26
rating,12.82472748453602,unaltered,dilution,26
composite,12.66573490522387,unaltered,dilution,26
truth,13.82827205977261,unaltered,dilution,26
pw,6.305160630324971,base,enrich,26
beale,NA,base,enrich,26
rating,13.638575473605677,base,enrich,26
composite,13.623365410014157,base,enrich,26
truth,14.169113052415641,base,enrich,26
pw,1.192354873524984,storm,enrich,26
beale,NA,storm,enrich,26
rating,55.03648091624677,storm,enrich,26
composite,55.62955982798781,storm,enrich,26
truth,75.69100573604223,storm,enrich,26
pw,3.8706938700675595,unaltered,enrich,26
beale,NA,unaltered,enrich,26
rating,13.47270998635332,unaltered,enrich,26
composite,13.649979892885305,unaltered,enrich,26
truth,13.960212276665338,unaltered,enrich,26
pw,15.273039294141485,base,none,26
beale,NA,base,none,26
rating,16.124179640784636,base,none,26
composite,16.408189134298752,base,none,26
truth,15.869616092729078,base,none,26
pw,6.785670668831315,storm,none,26
beale,NA,storm,none,26
rating,12.85894832816467,storm,none,26
composite,13.022760389914525,storm,none,26
truth,13.683542930669736,storm,none,26
pw,12.094499700112568,unaltered,none,26
beale,NA,unaltered,none,26
rating,13.56829690226041,unaltered,none,26
composite,13.769404021969446,unaltered,none,26
truth,13.500692033715419,unaltered,none,26
pw,13.971393874149463,base,chemostatic,26
beale,NA,base,chemostatic,26
rating,16.060287292624373,base,chemostatic,26
composite,16.1279377558732,base,chemostatic,26
truth,15.926425820539599,base,chemostatic,26
pw,6.207361599002201,storm,chemostatic,26
beale,NA,storm,chemostatic,26
rating,14.195057933063442,storm,chemostatic,26
composite,14.20190731595671,storm,chemostatic,26
truth,13.77130533195581,storm,chemostatic,26
pw,11.063745451494539,unaltered,chemostatic,26
beale,NA,unaltered,chemostatic,26
rating,13.72590678382805,unaltered,chemostatic,26
composite,13.77595960825515,unaltered,chemostatic,26
truth,13.554157972923935,unaltered,chemostatic,26
pw,14.692655161196349,base,dilution,27
beale,NA,base,dilution,27
rating,12.399283057421636,base,dilution,27
composite,12.427157014970675,base,dilution,27
truth,12.461127295191854,base,dilution,27
pw,30.328805111129867,storm,dilution,27
beale,NA,storm,dilution,27
rating,13.759101387521955,storm,dilution,27
composite,11.790656165604817,storm,dilution,27
truth,17.732903434433695,storm,dilution,27
pw,16.55619030671545,unaltered,dilution,27
beale,NA,unaltered,dilution,27
rating,12.946983922059346,unaltered,dilution,27
composite,12.99597541215767,unaltered,dilution,27
truth,13.648279034708446,unaltered,dilution,27
pw,6.2031682089673765,base,enrich,27
beale,NA,base,enrich,27
rating,15.146043779588076,base,enrich,27
composite,15.320128266683765,base,enrich,27
truth,13.867812282213274,base,enrich,27
pw,1.177445509396873,storm,enrich,27
beale,NA,storm,enrich,27
rating,76.45050209402831,storm,enrich,27
composite,76.96790465621703,storm,enrich,27
truth,75.53545081363428,storm,enrich,27
pw,3.7345379711872644,unaltered,enrich,27
beale,NA,unaltered,enrich,27
rating,16.085455714236744,unaltered,enrich,27
composite,16.241229790739595,unaltered,enrich,27
truth,13.825405396945005,unaltered,enrich,27
pw,12.657586757442935,base,none,27
beale,NA,base,none,27
rating,12.940916201135169,base,none,27
composite,13.484621456689453,base,none,27
truth,15.717470209973659,base,none,27
pw,5.655637963602235,storm,none,27
beale,NA,storm,none,27
rating,10.195979841196966,storm,none,27
composite,10.026291773162413,storm,none,27
truth,13.659501744309734,storm,none,27
pw,10.109652297074135,unaltered,none,27
beale,NA,unaltered,none,27
rating,10.954522713419426,unaltered,none,27
composite,11.335106256327382,unaltered,none,27
truth,13.498199843608832,unaltered,none,27
pw,13.958252237001046,base,chemostatic,27
beale,NA,base,chemostatic,27
rating,15.793481356051146,base,chemostatic,27
composite,15.7804741420242,base,chemostatic,27
truth,15.754906348842388,base,chemostatic,27
pw,6.236798749232263,storm,chemostatic,27
beale,NA,storm,chemostatic,27
rating,13.644932874819816,storm,chemostatic,27
composite,13.56093209159243,storm,chemostatic,27
truth,13.745641918131469,storm,chemostatic,27
pw,11.148497695104503,unaltered,chemostatic,27
beale,NA,unaltered,chemostatic,27
rating,13.54541952591083,unaltered,chemostatic,27
composite,13.52839815218387,unaltered,chemostatic,27
truth,13.535623977688214,unaltered,chemostatic,27
pw,14.079316981512713,base,dilution,28
beale,NA,base,dilution,28
rating,12.147415993999045,base,dilution,28
composite,11.995906693333769,base,dilution,28
truth,12.544197905955722,base,dilution,28
pw,29.435756415685706,storm,dilution,28
beale,NA,storm,dilution,28
rating,13.419474860157697,storm,dilution,28
composite,9.884743352237582,storm,dilution,28
truth,17.864562645415514,storm,dilution,28
pw,16.017342047028478,unaltered,dilution,28
beale,NA,unaltered,dilution,28
rating,12.472146255708427,unaltered,dilution,28
composite,12.205264103550764,unaltered,dilution,28
truth,13.719393810706176,unaltered,dilution,28
pw,6.6545443959294595,base,enrich,28
beale,NA,base,enrich,28
rating,15.30017974930555,base,enrich,28
composite,15.440304963884229,base,enrich,28
truth,14.91264817026269,base,enrich,28
pw,1.1841496582184734,storm,enrich,28
beale,NA,storm,enrich,28
rating,71.98899981376674,storm,enrich,28
composite,72.48279021159307,storm,enrich,28
truth,76.41002814070723,storm,enrich,28
pw,3.828793746277142,unaltered,enrich,28
beale,NA,unaltered,enrich,28
rating,16.689972973016047,unaltered,enrich,28
composite,16.75100164693723,unaltered,enrich,28
truth,14.008936086908205,unaltered,enrich,28
pw,13.416141929950832,base,none,28
beale,NA,base,none,28
rating,14.407623759908425,base,none,28
composite,14.637313571755369,base,none,28
truth,16.060426300200596,base,none,28
pw,6.032751560861401,storm,none,28
beale,NA,storm,none,28
rating,11.875654667592826,storm,none,28
composite,11.115267706604664,storm,none,28
truth,13.939551313414668,storm,none,28
pw,10.722330501017854,unaltered,none,28
beale,NA,unaltered,none,28
rating,12.211710587266909,unaltered,none,28
composite,12.261525144632444,unaltered,none,28
truth,13.604346967001419,unaltered,none,28
pw,13.809736718946262,base,chemostatic,28
beale,NA,base,chemostatic,28
rating,16.045727585506743,base,chemostatic,28
composite,16.026050243056357,base,chemostatic,28
truth,16.017733712277444,base,chemostatic,28
pw,6.209736836513429,storm,chemostatic,28
beale,NA,storm,chemostatic,28
rating,13.809941804060594,storm,chemostatic,28
composite,13.768151863643926,storm,chemostatic,28
truth,13.83432534004344,storm,chemostatic,28
pw,11.036895853197521,unaltered,chemostatic,28
beale,NA,unaltered,chemostatic,28
rating,13.555551399721589,unaltered,chemostatic,28
composite,13.542458698425534,unaltered,chemostatic,28
truth,13.560827684542963,unaltered,chemostatic,28
pw,15.019321100638177,base,dilution,29
beale,NA,base,dilution,29
rating,12.670426263192615,base,dilution,29
composite,12.493532800804761,base,dilution,29
truth,12.450077551771603,base,dilution,29
pw,29.18605487687432,storm,dilution,29
beale,NA,storm,dilution,29
rating,13.52075568681605,storm,dilution,29
composite,12.818797224055468,storm,dilution,29
truth,17.46807557882681,storm,dilution,29
pw,15.974177344331132,unaltered,dilution,29
beale,NA,unaltered,dilution,29
rating,12.595889367301748,unaltered,dilution,29
composite,12.646650148969739,unaltered,dilution,29
truth,13.621002405482697,unaltered,dilution,29
pw,5.894049607408606,base,enrich,29
beale,NA,base,enrich,29
rating,12.42307367316475,base,enrich,29
composite,12.800371577063801,base,enrich,29
truth,14.232226661950182,base,enrich,29
pw,1.153034933418089,storm,enrich,29
beale,NA,storm,enrich,29
rating,54.512750939885244,storm,enrich,29
composite,55.14963115517367,storm,enrich,29
truth,76.70875466954283,storm,enrich,29
pw,3.72730746445986,unaltered,enrich,29
beale,NA,unaltered,enrich,29
rating,13.069854747790963,unaltered,enrich,29
composite,13.322706372990888,unaltered,enrich,29
truth,13.910833904474927,unaltered,enrich,29
pw,14.092228276760293,base,none,29
beale,NA,base,none,29
rating,14.30645844866446,base,none,29
composite,14.930602360587756,base,none,29
truth,15.81670741569207,base,none,29
pw,6.312206237493113,storm,none,29
beale,NA,storm,none,29
rating,10.471504304496632,storm,none,29
composite,10.402847581085876,storm,none,29
truth,13.782672775153287,storm,none,29
pw,11.267375815368837,unaltered,none,29
beale,NA,unaltered,none,29
rating,11.959806980418659,unaltered,none,29
composite,12.421686588625489,unaltered,none,29
truth,13.531718762913606,unaltered,none,29
pw,13.69589062358617,base,chemostatic,29
beale,NA,base,chemostatic,29
rating,15.628459406030883,base,chemostatic,29
composite,15.647733793758645,base,chemostatic,29
truth,15.822102011574641,base,chemostatic,29
pw,6.134678244234248,storm,chemostatic,29
beale,NA,storm,chemostatic,29
rating,13.69861339884454,storm,chemostatic,29
composite,13.730619656945326,storm,chemostatic,29
truth,13.744692553810317,storm,chemostatic,29
pw,10.950485881400157,unaltered,chemostatic,29
beale,NA,unaltered,chemostatic,29
rating,13.378907445975761,unaltered,chemostatic,29
composite,13.394484905655307,unaltered,chemostatic,29
truth,13.53265170800912,unaltered,chemostatic,29
pw,14.51936160005196,base,dilution,30
beale,NA,base,dilution,30
rating,12.236476289573027,base,dilution,30
composite,11.91657791409458,base,dilution,30
truth,12.659242086191767,base,dilution,30
pw,28.70428509066138,storm,dilution,30
beale,NA,storm,dilution,30
rating,13.612408514899531,storm,dilution,30
composite,11.498563188353708,storm,dilution,30
truth,25.31619195890221,storm,dilution,30
pw,15.85033826886562,unaltered,dilution,30
beale,NA,unaltered,dilution,30
rating,12.67870391722899,unaltered,dilution,30
composite,12.544938319437344,unaltered,dilution,30
truth,14.668286277616625,unaltered,dilution,30
pw,6.209809464978218,base,enrich,30
beale,NA,base,enrich,30
rating,15.979733407845952,base,enrich,30
composite,16.204367953217698,base,enrich,30
truth,14.85451548857834,base,enrich,30
pw,1.2345585395606422,storm,enrich,30
beale,NA,storm,enrich,30
rating,62.1786832678391,storm,enrich,30
composite,62.86934953993993,storm,enrich,30
truth,78.37661214602934,storm,enrich,30
pw,3.9863562364253675,unaltered,enrich,30
beale,NA,unaltered,enrich,30
rating,14.383703256949227,unaltered,enrich,30
composite,14.608358998733314,unaltered,enrich,30
truth,14.2100312732087,unaltered,enrich,30
pw,14.89300870466156,base,none,30
beale,NA,base,none,30
rating,18.21223165658522,base,none,30
composite,18.87689995858445,base,none,30
truth,16.084597438355207,base,none,30
pw,6.555571740881587,storm,none,30
beale,NA,storm,none,30
rating,17.150254996710473,storm,none,30
composite,18.13615492293201,storm,none,30
truth,13.799858653317395,storm,none,30
pw,11.702247787714054,unaltered,none,30
beale,NA,unaltered,none,30
rating,15.68624357124325,unaltered,none,30
composite,16.29954233637819,unaltered,none,30
truth,13.545924137398853,unaltered,none,30
pw,13.855026447763917,base,chemostatic,30
beale,NA,base,chemostatic,30
rating,15.649558943050339,base,chemostatic,30
composite,15.547471135353563,base,chemostatic,30
truth,16.134973431613023,base,chemostatic,30
pw,6.0986749992094484,storm,chemostatic,30
beale,NA,storm,chemostatic,30
rating,13.356035222055139,storm,chemostatic,30
composite,13.252106032726607,storm,chemostatic,30
truth,13.849893015720514,storm,chemostatic,30
pw,10.886648615622999,unaltered,chemostatic,30
beale,NA,unaltered,chemostatic,30
rating,13.163820764841109,unaltered,chemostatic,30
composite,13.06877755190003,unaltered,chemostatic,30
truth,13.59166904389597,unaltered,chemostatic,30
pw,13.815121788422031,base,dilution,31
beale,NA,base,dilution,31
rating,11.525240351767597,base,dilution,31
composite,11.256963645685946,base,dilution,31
truth,12.187346732048635,base,dilution,31
pw,26.426061427013774,storm,dilution,31
beale,NA,storm,dilution,31
rating,12.46100267187324,storm,dilution,31
composite,10.775779761908055,storm,dilution,31
truth,16.92849941718081,storm,dilution,31
pw,14.507177752061592,unaltered,dilution,31
beale,NA,unaltered,dilution,31
rating,11.540247210973238,unaltered,dilution,31
composite,11.513084918724568,unaltered,dilution,31
truth,13.126604685669971,unaltered,dilution,31
pw,5.841121147951497,base,enrich,31
beale,NA,base,enrich,31
rating,15.220353974873346,base,enrich,31
composite,15.57664928353867,base,enrich,31
truth,13.442226572593219,base,enrich,31
pw,1.2092470218552078,storm,enrich,31
beale,NA,storm,enrich,31
rating,66.35939421096865,storm,enrich,31
composite,67.15875409269339,storm,enrich,31
truth,74.12248152034685,storm,enrich,31
pw,3.9147614565083626,unaltered,enrich,31
beale,NA,unaltered,enrich,31
rating,15.603074086466568,unaltered,enrich,31
composite,15.930201821472387,unaltered,enrich,31
truth,13.55844327978431,unaltered,enrich,31
pw,13.335137962637232,base,none,31
beale,NA,base,none,31
rating,15.81096149332179,base,none,31
composite,16.029525327281434,base,none,31
truth,15.553318491084044,base,none,31
pw,6.115754174980761,storm,none,31
beale,NA,storm,none,31
rating,14.341646850773929,storm,none,31
composite,14.544497949709658,storm,none,31
truth,13.743205373509802,storm,none,31
pw,10.929715395388166,unaltered,none,31
beale,NA,unaltered,none,31
rating,13.809669357118944,unaltered,none,31
composite,14.017785813290837,unaltered,none,31
truth,13.529716355333171,unaltered,none,31
pw,13.47273429822831,base,chemostatic,31
beale,NA,base,chemostatic,31
rating,15.471875285974129,base,chemostatic,31
composite,15.475540586854807,base,chemostatic,31
truth,15.539273135525699,base,chemostatic,31
pw,6.178858536271282,storm,chemostatic,31
beale,NA,storm,chemostatic,31
rating,13.721831547330893,storm,chemostatic,31
composite,13.709835034794347,storm,chemostatic,31
truth,13.718099073093724,storm,chemostatic,31
pw,11.042491790478524,unaltered,chemostatic,31
beale,NA,unaltered,chemostatic,31
rating,13.457087432006684,unaltered,chemostatic,31
composite,13.456067141838343,unaltered,chemostatic,31
truth,13.51568509815911,unaltered,chemostatic,31
pw,14.254695764559358,base,dilution,32
beale,NA,base,dilution,32
rating,12.214269074232014,base,dilution,32
composite,12.160607848828082,base,dilution,32
truth,12.402807369135854,base,dilution,32
pw,27.873561375649878,storm,dilution,32
beale,NA,storm,dilution,32
rating,13.14844879957966,storm,dilution,32
composite,12.458610192906058,storm,dilution,32
truth,17.020733055978432,storm,dilution,32
pw,15.341483356207515,unaltered,dilution,32
beale,NA,unaltered,dilution,32
rating,12.196503261789791,unaltered,dilution,32
composite,12.214449262268188,unaltered,dilution,32
truth,13.211909388836728,unaltered,dilution,32
pw,5.758042959130996,base,enrich,32
beale,NA,base,enrich,32
rating,11.97665236369545,base,enrich,32
composite,12.217695551949706,base,enrich,32
truth,14.362781549793429,base,enrich,32
pw,1.12046552101707,storm,enrich,32
beale,NA,storm,enrich,32
rating,48.14267817730426,storm,enrich,32
composite,48.69803636207861,storm,enrich,32
truth,75.41230812647589,storm,enrich,32
pw,3.6686719575074327,unaltered,enrich,32
beale,NA,unaltered,enrich,32
rating,11.901900341772793,unaltered,enrich,32
composite,12.091954581624323,unaltered,enrich,32
truth,13.805312184198904,unaltered,enrich,32
pw,13.673095611961037,base,none,32
beale,NA,base,none,32
rating,14.87444927765121,base,none,32
composite,15.564528797537339,base,none,32
truth,15.841042130667113,base,none,32
pw,6.167309305865686,storm,none,32
beale,NA,storm,none,32
rating,12.869929895739851,storm,none,32
composite,13.430401851517292,storm,none,32
truth,13.835153975684666,storm,none,32
pw,10.982667315841029,unaltered,none,32
beale,NA,unaltered,none,32
rating,12.614983331080607,unaltered,none,32
composite,13.225254085954548,unaltered,none,32
truth,13.531355793232281,unaltered,none,32
pw,13.824792576362519,base,chemostatic,32
beale,NA,base,chemostatic,32
rating,15.872852929542189,base,chemostatic,32
composite,15.947514023761956,base,chemostatic,32
truth,15.85806778543465,base,chemostatic,32
pw,6.235732882119072,storm,chemostatic,32
beale,NA,storm,chemostatic,32
rating,13.79533053547467,storm,chemostatic,32
composite,13.919375233199249,storm,chemostatic,32
truth,13.779908529144327,storm,chemostatic,32
pw,11.104515165086449,unaltered,chemostatic,32
beale,NA,unaltered,chemostatic,32
rating,13.566366689056668,unaltered,chemostatic,32
composite,13.63397551430804,unaltered,chemostatic,32
truth,13.538353778339445,unaltered,chemostatic,32
pw,15.46565095817517,base,dilution,33
beale,NA,base,dilution,33
rating,12.417128531338314,base,dilution,33
composite,12.457498249706367,base,dilution,33
truth,12.557643657944407,base,dilution,33
pw,29.387906406402536,storm,dilution,33
beale,NA,storm,dilution,33
rating,13.422893477848126,storm,dilution,33
composite,12.691475770481645,storm,dilution,33
truth,17.326074441340154,storm,dilution,33
pw,16.058927670783962,unaltered,dilution,33
beale,NA,unaltered,dilution,33
rating,12.497614072953466,unaltered,dilution,33
composite,12.781873808825075,unaltered,dilution,33
truth,13.656013819767843,unaltered,dilution,33
pw,5.500370027100257,base,enrich,33
beale,NA,base,enrich,33
rating,13.94018006432293,base,enrich,33
composite,13.922480407462317,base,enrich,33
truth,14.522450907733804,base,enrich,33
pw,1.088150671437458,storm,enrich,33
beale,NA,storm,enrich,33
rating,53.771963330334785,storm,enrich,33
composite,54.20467298181066,storm,enrich,33
truth,76.56724429459247,storm,enrich,33
pw,3.5955928057417728,unaltered,enrich,33
beale,NA,unaltered,enrich,33
rating,12.791468438906216,unaltered,enrich,33
composite,12.868352833661222,unaltered,enrich,33
truth,14.013256602534122,unaltered,enrich,33
pw,14.832011259271722,base,none,33
beale,NA,base,none,33
rating,15.39701262588535,base,none,33
composite,16.225905289091855,base,none,33
truth,16.033145559503463,base,none,33
pw,6.6225640393131595,storm,none,33
beale,NA,storm,none,33
rating,11.99073461822943,storm,none,33
composite,12.913509127177253,storm,none,33
truth,13.785144292007091,storm,none,33
pw,11.851572296814046,unaltered,none,33
beale,NA,unaltered,none,33
rating,12.884440256128935,unaltered,none,33
composite,13.620140524797035,unaltered,none,33
truth,13.591258434645624,unaltered,none,33
pw,13.7022770538189,base,chemostatic,33
beale,NA,base,chemostatic,33
rating,15.403812885209742,base,chemostatic,33
composite,15.418029698723283,base,chemostatic,33
truth,15.99026308415554,base,chemostatic,33
pw,6.11813230768695,storm,chemostatic,33
beale,NA,storm,chemostatic,33
rating,12.898217581951458,storm,chemostatic,33
composite,12.817511319452041,storm,chemostatic,33
truth,13.733157711953957,storm,chemostatic,33
pw,10.94885408968363,unaltered,chemostatic,33
beale,NA,unaltered,chemostatic,33
rating,13.011631220968667,unaltered,chemostatic,33
composite,13.004520163349925,unaltered,chemostatic,33
truth,13.54972017706814,unaltered,chemostatic,33
pw,14.867020825858734,base,dilution,34
beale,NA,base,dilution,34
rating,12.252110224330474,base,dilution,34
composite,12.345082812343918,base,dilution,34
truth,12.604306153871795,base,dilution,34
pw,28.908423321800594,storm,dilution,34
beale,NA,storm,dilution,34
rating,13.49064583619656,storm,dilution,34
composite,14.443862898698729,storm,dilution,34
truth,17.587618450297782,storm,dilution,34
pw,15.856228087049077,unaltered,dilution,34
beale,NA,unaltered,dilution,34
rating,12.52457927286196,unaltered,dilution,34
composite,12.725476847386567,unaltered,dilution,34
truth,13.695461726210155,unaltered,dilution,34
pw,5.88565962203303,base,enrich,34
beale,NA,base,enrich,34
rating,14.595391458543622,base,enrich,34
composite,14.731776905900999,base,enrich,34
truth,14.891163937131836,base,enrich,34
pw,1.201662621607146,storm,enrich,34
beale,NA,storm,enrich,34
rating,61.82396421164551,storm,enrich,34
composite,62.339264045334716,storm,enrich,34
truth,77.42778397708406,storm,enrich,34
pw,3.9089608357621435,unaltered,enrich,34
beale,NA,unaltered,enrich,34
rating,14.563388995168753,unaltered,enrich,34
composite,14.688171290449876,unaltered,enrich,34
truth,14.094141833963235,unaltered,enrich,34
pw,13.141176409957566,base,none,34
beale,NA,base,none,34
rating,15.818110049123613,base,none,34
composite,16.512633953401178,base,none,34
truth,16.027179299164523,base,none,34
pw,5.827566010326113,storm,none,34
beale,NA,storm,none,34
rating,15.200608237204428,storm,none,34
composite,16.019604516409338,storm,none,34
truth,13.704959140891877,storm,none,34
pw,10.382277793920483,unaltered,none,34
beale,NA,unaltered,none,34
rating,13.592345168559435,unaltered,none,34
composite,14.231614887892157,unaltered,none,34
truth,13.516559749648637,unaltered,none,34
pw,13.987782477370402,base,chemostatic,34
beale,NA,base,chemostatic,34
rating,15.950267057151748,base,chemostatic,34
composite,16.00250981118343,base,chemostatic,34
truth,16.070616749002635,base,chemostatic,34
pw,6.203000643320803,storm,chemostatic,34
beale,NA,storm,chemostatic,34
rating,13.579767959942021,storm,chemostatic,34
composite,13.56831479871239,storm,chemostatic,34
truth,13.788530034251412,storm,chemostatic,34
pw,11.051144803972822,unaltered,chemostatic,34
beale,NA,unaltered,chemostatic,34
rating,13.463648477150212,unaltered,chemostatic,34
composite,13.50023912173115,unaltered,chemostatic,34
truth,13.559193786981393,unaltered,chemostatic,34
pw,14.050511876466661,base,dilution,35
beale,NA,base,dilution,35
rating,12.116060119239199,base,dilution,35
composite,12.235826281635216,base,dilution,35
truth,12.817484404901226,base,dilution,35
pw,26.843008721106962,storm,dilution,35
beale,NA,storm,dilution,35
rating,13.052246941753063,storm,dilution,35
composite,12.244044510693298,storm,dilution,35
truth,18.06000228281119,storm,dilution,35
pw,14.969039856133772,unaltered,dilution,35
beale,NA,unaltered,dilution,35
rating,12.074320121902,unaltered,dilution,35
composite,12.130605519586227,unaltered,dilution,35
truth,14.17445784161172,unaltered,dilution,35
pw,7.293352622361522,base,enrich,35
beale,NA,base,enrich,35
rating,18.96508741475471,base,enrich,35
composite,19.06354624501076,base,enrich,35
truth,15.913655635496172,base,enrich,35
pw,1.2623285009654546,storm,enrich,35
beale,NA,storm,enrich,35
rating,72.19502168183266,storm,enrich,35
composite,72.87495650007074,storm,enrich,35
truth,80.31946809099638,storm,enrich,35
pw,4.068554478895669,unaltered,enrich,35
beale,NA,unaltered,enrich,35
rating,16.738004638989064,unaltered,enrich,35
composite,16.967338549140653,unaltered,enrich,35
truth,14.40424457567697,unaltered,enrich,35
pw,14.25483085051068,base,none,35
beale,NA,base,none,35
rating,15.115357836296806,base,none,35
composite,15.802018701210551,base,none,35
truth,16.351009778923704,base,none,35
pw,6.258864661734017,storm,none,35
beale,NA,storm,none,35
rating,11.511348719870778,storm,none,35
composite,12.172036162235777,storm,none,35
truth,13.864884366859105,storm,none,35
pw,11.144405782319414,unaltered,none,35
beale,NA,unaltered,none,35
rating,12.408087486570956,unaltered,none,35
composite,13.003294438634443,unaltered,none,35
truth,13.60452245139643,unaltered,none,35
pw,14.403202985202888,base,chemostatic,35
beale,NA,base,chemostatic,35
rating,16.89701498713445,base,chemostatic,35
composite,16.904539739713293,base,chemostatic,35
truth,16.314242727601297,base,chemostatic,35
pw,6.3240103741138904,storm,chemostatic,35
beale,NA,storm,chemostatic,35
rating,14.748549528849715,storm,chemostatic,35
composite,14.782524580043155,storm,chemostatic,35
truth,13.830564821196798,storm,chemostatic,35
pw,11.260402898885669,unaltered,chemostatic,35
beale,NA,unaltered,chemostatic,35
rating,14.125494038538905,unaltered,chemostatic,35
composite,14.134040572172555,unaltered,chemostatic,35
truth,13.575092894597974,unaltered,chemostatic,35
pw,14.048087051232516,base,dilution,36
beale,NA,base,dilution,36
rating,11.474754503505238,base,dilution,36
composite,11.678135930905468,base,dilution,36
truth,12.299710291733701,base,dilution,36
pw,27.33695382088732,storm,dilution,36
beale,NA,storm,dilution,36
rating,12.62002053131591,storm,dilution,36
composite,10.990513712630456,storm,dilution,36
truth,17.105547637278534,storm,dilution,36
pw,14.913574893959673,unaltered,dilution,36
beale,NA,unaltered,dilution,36
rating,11.72155452203,unaltered,dilution,36
composite,11.735069758864938,unaltered,dilution,36
truth,13.316586707150535,unaltered,dilution,36
pw,6.080037238199747,base,enrich,36
beale,NA,base,enrich,36
rating,13.490805194786619,base,enrich,36
composite,13.635571122283546,base,enrich,36
truth,13.618817275331827,base,enrich,36
pw,1.1404933844079388,storm,enrich,36
beale,NA,storm,enrich,36
rating,57.721801024428174,storm,enrich,36
composite,58.33147984363424,storm,enrich,36
truth,73.72364989670677,storm,enrich,36
pw,3.729733961243571,unaltered,enrich,36
beale,NA,unaltered,enrich,36
rating,13.758397366818086,unaltered,enrich,36
composite,13.952498177233393,unaltered,enrich,36
truth,13.617072173988426,unaltered,enrich,36
pw,12.948977893894309,base,none,36
beale,NA,base,none,36
rating,14.300245925407395,base,none,36
composite,14.9006667588629,base,none,36
truth,15.607548801676394,base,none,36
pw,5.8678288209208915,storm,none,36
beale,NA,storm,none,36
rating,12.28853874936497,storm,none,36
composite,12.754497304006904,storm,none,36
truth,13.65316824506961,storm,none,36
pw,10.499890318451476,unaltered,none,36
beale,NA,unaltered,none,36
rating,12.316421416893744,unaltered,none,36
composite,12.851809890216787,unaltered,none,36
truth,13.502669892283215,unaltered,none,36
pw,13.788959934040978,base,chemostatic,36
beale,NA,base,chemostatic,36
rating,15.799313533533388,base,chemostatic,36
composite,15.83873119745437,base,chemostatic,36
truth,15.622341761302822,base,chemostatic,36
pw,6.248466649220269,storm,chemostatic,36
beale,NA,storm,chemostatic,36
rating,13.908075462291448,storm,chemostatic,36
composite,13.81800354761795,storm,chemostatic,36
truth,13.714051240180305,storm,chemostatic,36
pw,11.181003481457786,unaltered,chemostatic,36
beale,NA,unaltered,chemostatic,36
rating,13.676712769421362,unaltered,chemostatic,36
composite,13.697856714217824,unaltered,chemostatic,36
truth,13.523066779750321,unaltered,chemostatic,36
pw,13.894903628885,base,dilution,37
beale,NA,base,dilution,37
rating,11.89688379741927,base,dilution,37
composite,11.99829948426819,base,dilution,37
truth,12.498567191523833,base,dilution,37
pw,28.16325112185175,storm,dilution,37
beale,NA,storm,dilution,37
rating,13.124646981423995,storm,dilution,37
composite,12.169638639039423,storm,dilution,37
truth,17.651753492977246,storm,dilution,37
pw,15.506275336263725,unaltered,dilution,37
beale,NA,unaltered,dilution,37
rating,12.24050957755736,unaltered,dilution,37
composite,12.267583657073528,unaltered,dilution,37
truth,13.496493752935374,unaltered,dilution,37
pw,6.029828712392332,base,enrich,37
beale,NA,base,enrich,37
rating,14.1478291535655,base,enrich,37
composite,14.06392093606585,base,enrich,37
truth,14.235835474031996,base,enrich,37
pw,1.1568845282098217,storm,enrich,37
beale,NA,storm,enrich,37
rating,54.5921542622168,storm,enrich,37
composite,55.302431021933074,storm,enrich,37
truth,75.67994117204708,storm,enrich,37
pw,3.7417516104275164,unaltered,enrich,37
beale,NA,unaltered,enrich,37
rating,13.361519965426885,unaltered,enrich,37
composite,13.615839107385206,unaltered,enrich,37
truth,13.901721080902927,unaltered,enrich,37
pw,13.930777106040324,base,none,37
beale,NA,base,none,37
rating,14.836593793398253,base,none,37
composite,15.63619439212397,base,none,37
truth,15.900746129814047,base,none,37
pw,6.270198925480504,storm,none,37
beale,NA,storm,none,37
rating,12.031834512335944,storm,none,37
composite,12.887063225969156,storm,none,37
truth,13.721073940488708,storm,none,37
pw,11.167177829297971,unaltered,none,37
beale,NA,unaltered,none,37
rating,12.49938070595277,unaltered,none,37
composite,13.217777946858844,unaltered,none,37
truth,13.532423891764859,unaltered,none,37
pw,13.974159732838006,base,chemostatic,37
beale,NA,base,chemostatic,37
rating,15.919858303004908,base,chemostatic,37
composite,15.841283461124368,base,chemostatic,37
truth,15.923363630163802,base,chemostatic,37
pw,6.289725309246521,storm,chemostatic,37
beale,NA,storm,chemostatic,37
rating,13.580008312216933,storm,chemostatic,37
composite,13.471265950446814,storm,chemostatic,37
truth,13.774826479543501,storm,chemostatic,37
pw,11.201954174110906,unaltered,chemostatic,37
beale,NA,unaltered,chemostatic,37
rating,13.521337196508226,unaltered,chemostatic,37
composite,13.445197755407584,unaltered,chemostatic,37
truth,13.556496049834962,unaltered,chemostatic,37
pw,15.112445454574559,base,dilution,38
beale,NA,base,dilution,38
rating,12.59720980948698,base,dilution,38
composite,12.693030788644252,base,dilution,38
truth,12.471451223558086,base,dilution,38
pw,29.50358162467909,storm,dilution,38
beale,NA,storm,dilution,38
rating,13.614809730554379,storm,dilution,38
composite,11.767034592158875,storm,dilution,38
truth,17.289445064801708,storm,dilution,38
pw,16.12086845916044,unaltered,dilution,38
beale,NA,unaltered,dilution,38
rating,12.666782041096875,unaltered,dilution,38
composite,12.675339021201363,unaltered,dilution,38
truth,13.393529611676437,unaltered,dilution,38
pw,5.926492700660072,base,enrich,38
beale,NA,base,enrich,38
rating,16.3495757457102,base,enrich,38
composite,16.613553287166855,base,enrich,38
truth,14.548396410498006,base,enrich,38
pw,1.2126618615510443,storm,enrich,38
beale,NA,storm,enrich,38
rating,73.61839624226522,storm,enrich,38
composite,74.3195290760832,storm,enrich,38
truth,76.35953246786579,storm,enrich,38
pw,3.8851249046823413,unaltered,enrich,38
beale,NA,unaltered,enrich,38
rating,16.707962257565057,unaltered,enrich,38
composite,16.96663650991028,unaltered,enrich,38
truth,13.948798888480686,unaltered,enrich,38
pw,13.62027506748255,base,none,38
beale,NA,base,none,38
rating,16.723271261705076,base,none,38
composite,16.875561426829343,base,none,38
truth,15.997544051901945,base,none,38
pw,6.034024286841108,storm,none,38
beale,NA,storm,none,38
rating,16.218148971331072,storm,none,38
composite,16.016327828297165,storm,none,38
truth,13.840613861766611,storm,none,38
pw,10.804909720058806,unaltered,none,38
beale,NA,unaltered,none,38
rating,14.566768919248249,unaltered,none,38
composite,14.653261322142512,unaltered,none,38
truth,13.598608011502924,unaltered,none,38
pw,13.957628514346323,base,chemostatic,38
beale,NA,base,chemostatic,38
rating,16.069437470993666,base,chemostatic,38
composite,15.984845034901518,base,chemostatic,38
truth,15.934443426413951,base,chemostatic,38
pw,6.183477868471439,storm,chemostatic,38
beale,NA,storm,chemostatic,38
rating,14.262872022666564,storm,chemostatic,38
composite,14.074537779511626,storm,chemostatic,38
truth,13.727142435371098,storm,chemostatic,38
pw,11.072530859797466,unaltered,chemostatic,38
beale,NA,unaltered,chemostatic,38
rating,13.71881229394703,unaltered,chemostatic,38
composite,13.62465268171853,unaltered,chemostatic,38
truth,13.539849045206056,unaltered,chemostatic,38
pw,13.391961787527697,base,dilution,39
beale,NA,base,dilution,39
rating,11.657270922303516,base,dilution,39
composite,11.619240262920457,base,dilution,39
truth,12.352354396478278,base,dilution,39
pw,27.381777050044693,storm,dilution,39
beale,NA,storm,dilution,39
rating,12.391685887032605,storm,dilution,39
composite,9.132529572180959,storm,dilution,39
truth,17.115940430935492,storm,dilution,39
pw,14.83012422007178,unaltered,dilution,39
beale,NA,unaltered,dilution,39
rating,11.561134758045256,unaltered,dilution,39
composite,11.22466475890942,unaltered,dilution,39
truth,13.285412525530923,unaltered,dilution,39
pw,4.371429372480486,base,enrich,39
beale,NA,base,enrich,39
rating,13.49057680845452,base,enrich,39
composite,13.475132370406593,base,enrich,39
truth,13.846419751856889,base,enrich,39
pw,1.2396357302077772,storm,enrich,39
beale,NA,storm,enrich,39
rating,66.01329300405774,storm,enrich,39
composite,66.72353304247619,storm,enrich,39
truth,74.90646805210574,storm,enrich,39
pw,3.931518675376443,unaltered,enrich,39
beale,NA,unaltered,enrich,39
rating,14.988149552989308,unaltered,enrich,39
composite,15.283938833847442,unaltered,enrich,39
truth,13.714197156391855,unaltered,enrich,39
pw,11.964055229107359,base,none,39
beale,NA,base,none,39
rating,12.00720950307134,base,none,39
composite,12.532666339517295,base,none,39
truth,15.713585300824578,base,none,39
pw,5.444705016958321,storm,none,39
beale,NA,storm,none,39
rating,8.746412279820184,storm,none,39
composite,9.362413272049123,storm,none,39
truth,13.763579278592525,storm,none,39
pw,9.797079740654237,unaltered,none,39
beale,NA,unaltered,none,39
rating,10.082573633744486,unaltered,none,39
composite,10.559892775768473,unaltered,none,39
truth,13.547601856365878,unaltered,none,39
pw,13.56570235849714,base,chemostatic,39
beale,NA,base,chemostatic,39
rating,15.613803064812373,base,chemostatic,39
composite,15.654738551520152,base,chemostatic,39
truth,15.688531370706665,base,chemostatic,39
pw,6.173596349687155,storm,chemostatic,39
beale,NA,storm,chemostatic,39
rating,13.666965177705817,storm,chemostatic,39
composite,13.761978418939782,storm,chemostatic,39
truth,13.720643214775325,storm,chemostatic,39
pw,11.108630409932816,unaltered,chemostatic,39
beale,NA,unaltered,chemostatic,39
rating,13.486142378491177,unaltered,chemostatic,39
composite,13.518907406010529,unaltered,chemostatic,39
truth,13.522453783476545,unaltered,chemostatic,39
pw,14.98860016745896,base,dilution,40
beale,NA,base,dilution,40
rating,12.501507336061433,base,dilution,40
composite,13.03285950671549,base,dilution,40
truth,12.544612754760827,base,dilution,40
pw,28.99859424020809,storm,dilution,40
beale,NA,storm,dilution,40
rating,13.870968929003553,storm,dilution,40
composite,21.684598874788815,storm,dilution,40
truth,17.519613161327705,storm,dilution,40
pw,16.862325467845327,unaltered,dilution,40
beale,NA,unaltered,dilution,40
rating,12.794116364919535,unaltered,dilution,40
composite,18.29397987889853,unaltered,dilution,40
truth,13.685220507755842,unaltered,dilution,40
pw,5.280010396109818,base,enrich,40
beale,NA,base,enrich,40
rating,13.397893317761756,base,enrich,40
composite,13.681817355729605,base,enrich,40
truth,14.495499565838957,base,enrich,40
pw,0.9710578575508586,storm,enrich,40
beale,NA,storm,enrich,40
rating,49.23473217537984,storm,enrich,40
composite,49.612112976251304,storm,enrich,40
truth,77.26037693768035,storm,enrich,40
pw,3.510477678135522,unaltered,enrich,40
beale,NA,unaltered,enrich,40
rating,13.565183142919752,unaltered,enrich,40
composite,13.567458110902713,unaltered,enrich,40
truth,14.070776537275055,unaltered,enrich,40
pw,13.740840383456714,base,none,40
beale,NA,base,none,40
rating,14.684814813862443,base,none,40
composite,15.069873797363622,base,none,40
truth,15.929689798106761,base,none,40
pw,6.116094359462171,storm,none,40
beale,NA,storm,none,40
rating,11.821357305508831,storm,none,40
composite,12.669127027179286,storm,none,40
truth,13.84703994356312,storm,none,40
pw,10.906430172748511,unaltered,none,40
beale,NA,unaltered,none,40
rating,12.357819179195692,unaltered,none,40
composite,12.744447561570853,unaltered,none,40
truth,13.58347608057436,unaltered,none,40
pw,14.016481147018876,base,chemostatic,40
beale,NA,base,chemostatic,40
rating,15.837968497080231,base,chemostatic,40
composite,15.777975285477785,base,chemostatic,40
truth,15.886993815493852,base,chemostatic,40
pw,6.238782992196022,storm,chemostatic,40
beale,NA,storm,chemostatic,40
rating,13.48664195109545,storm,chemostatic,40
composite,13.34929519487001,storm,chemostatic,40
truth,13.711741250952613,storm,chemostatic,40
pw,11.125212769493698,unaltered,chemostatic,40
beale,NA,unaltered,chemostatic,40
rating,13.470744473687565,unaltered,chemostatic,40
composite,13.405298310567694,unaltered,chemostatic,40
truth,13.535080791991577,unaltered,chemostatic,40
pw,13.349951260512144,base,dilution,41
beale,NA,base,dilution,41
rating,11.745193047407993,base,dilution,41
composite,12.251212592544755,base,dilution,41
truth,12.416482604848566,base,dilution,41
pw,25.919731455075215,storm,dilution,41
beale,NA,storm,dilution,41
rating,12.746459214985583,storm,dilution,41
composite,13.005367259850527,storm,dilution,41
truth,17.514982881049335,storm,dilution,41
pw,14.520452925235888,unaltered,dilution,41
beale,NA,unaltered,dilution,41
rating,11.852400136550251,unaltered,dilution,41
composite,12.101073117372927,unaltered,dilution,41
truth,13.752206116757359,unaltered,dilution,41
pw,5.39703815288165,base,enrich,41
beale,NA,base,enrich,41
rating,15.167478310735394,base,enrich,41
composite,15.36811656128249,base,enrich,41
truth,14.548222160412646,base,enrich,41
pw,1.1074446281178378,storm,enrich,41
beale,NA,storm,enrich,41
rating,57.29941830486863,storm,enrich,41
composite,57.728329834487404,storm,enrich,41
truth,76.89230775214773,storm,enrich,41
pw,3.6296526229168484,unaltered,enrich,41
beale,NA,unaltered,enrich,41
rating,13.4197434203394,unaltered,enrich,41
composite,13.536306008353467,unaltered,enrich,41
truth,13.915080635515178,unaltered,enrich,41
pw,13.75598815510508,base,none,41
beale,NA,base,none,41
rating,15.12266689397041,base,none,41
composite,15.183147100071547,base,none,41
truth,15.810675668359893,base,none,41
pw,6.187620789592919,storm,none,41
beale,NA,storm,none,41
rating,13.291830751933594,storm,none,41
composite,12.814845378131709,storm,none,41
truth,13.734291520783668,storm,none,41
pw,11.095786133382763,unaltered,none,41
beale,NA,unaltered,none,41
rating,12.955289515606701,unaltered,none,41
composite,12.935232675080332,unaltered,none,41
truth,13.522982841993443,unaltered,none,41
pw,13.766613089331784,base,chemostatic,41
beale,NA,base,chemostatic,41
rating,15.906050061305766,base,chemostatic,41
composite,15.897703548183355,base,chemostatic,41
truth,15.827692993205202,base,chemostatic,41
pw,6.19240002196561,storm,chemostatic,41
beale,NA,storm,chemostatic,41
rating,13.93366989036769,storm,chemostatic,41
composite,13.894597826840837,storm,chemostatic,41
truth,13.75255415247676,storm,chemostatic,41
pw,11.104356364509128,unaltered,chemostatic,41
beale,NA,unaltered,chemostatic,41
rating,13.620124916524762,unaltered,chemostatic,41
composite,13.609340426661976,unaltered,chemostatic,41
truth,13.536629386855752,unaltered,chemostatic,41
pw,14.671366741846011,base,dilution,42
beale,NA,base,dilution,42
rating,12.49764018841588,base,dilution,42
composite,12.358818702585602,base,dilution,42
truth,12.653476466619404,base,dilution,42
pw,28.32717708129589,storm,dilution,42
beale,NA,storm,dilution,42
rating,13.524998241956585,storm,dilution,42
composite,11.549697791400375,storm,dilution,42
truth,17.660698259812406,storm,dilution,42
pw,15.58341335666628,unaltered,dilution,42
beale,NA,unaltered,dilution,42
rating,12.428357499156625,unaltered,dilution,42
composite,12.451799170839795,unaltered,dilution,42
truth,13.627073163452483,unaltered,dilution,42
pw,6.270399814481502,base,enrich,42
beale,NA,base,enrich,42
rating,16.465022334762782,base,enrich,42
composite,16.73545309996037,base,enrich,42
truth,15.08425067828196,base,enrich,42
pw,1.1853075261819312,storm,enrich,42
beale,NA,storm,enrich,42
rating,67.73452801682127,storm,enrich,42
composite,68.4404532115252,storm,enrich,42
truth,77.58209363911953,storm,enrich,42
pw,3.9297036874899196,unaltered,enrich,42
beale,NA,unaltered,enrich,42
rating,16.802266136476426,unaltered,enrich,42
composite,16.990392227071183,unaltered,enrich,42
truth,14.092239301155015,unaltered,enrich,42
pw,14.156059611286558,base,none,42
beale,NA,base,none,42
rating,17.436221617913922,base,none,42
composite,18.147228852441128,base,none,42
truth,16.083127452119076,base,none,42
pw,6.267999749578082,storm,none,42
beale,NA,storm,none,42
rating,17.191065685219037,storm,none,42
composite,18.248134809856655,storm,none,42
truth,13.678432369560328,storm,none,42
pw,11.193320803738345,unaltered,none,42
beale,NA,unaltered,none,42
rating,15.022508607922806,unaltered,none,42
composite,15.682792793694897,unaltered,none,42
truth,13.541766470993617,unaltered,none,42
pw,13.807808286127866,base,chemostatic,42
beale,NA,base,chemostatic,42
rating,15.35781334905984,base,chemostatic,42
composite,15.413499283682984,base,chemostatic,42
truth,16.09706091181091,base,chemostatic,42
pw,6.113801527839557,storm,chemostatic,42
beale,NA,storm,chemostatic,42
rating,12.59811294834529,storm,chemostatic,42
composite,12.722814923959465,storm,chemostatic,42
truth,13.75491214757479,storm,chemostatic,42
pw,10.917955418887866,unaltered,chemostatic,42
beale,NA,unaltered,chemostatic,42
rating,12.85145519688878,unaltered,chemostatic,42
composite,12.910666240280127,unaltered,chemostatic,42
truth,13.559987291590542,unaltered,chemostatic,42
pw,14.54872252528351,base,dilution,43
beale,NA,base,dilution,43
rating,12.427687700550665,base,dilution,43
composite,12.603786517471843,base,dilution,43
truth,12.332824374693757,base,dilution,43
pw,28.54515507466202,storm,dilution,43
beale,NA,storm,dilution,43
rating,13.422502476955808,storm,dilution,43
composite,15.354360723254244,storm,dilution,43
truth,17.26870015243802,storm,dilution,43
pw,15.794890748987733,unaltered,dilution,43
beale,NA,unaltered,dilution,43
rating,12.535670925215024,unaltered,dilution,43
composite,12.889056765498754,unaltered,dilution,43
truth,13.56272227044269,unaltered,dilution,43
pw,6.436355612137724,base,enrich,43
beale,NA,base,enrich,43
rating,18.51855062207743,base,enrich,43
composite,18.53428904378999,base,enrich,43
truth,14.24717802502269,base,enrich,43
pw,1.2009596057770195,storm,enrich,43
beale,NA,storm,enrich,43
rating,72.1196313597847,storm,enrich,43
composite,72.50327649516872,storm,enrich,43
truth,76.11102923724428,storm,enrich,43
pw,3.8958129422027348,unaltered,enrich,43
beale,NA,unaltered,enrich,43
rating,15.734633792359519,unaltered,enrich,43
composite,15.781322637827781,unaltered,enrich,43
truth,13.79657813483092,unaltered,enrich,43
pw,14.841778833353441,base,none,43
beale,NA,base,none,43
rating,17.15019252569115,base,none,43
composite,17.682368051566996,base,none,43
truth,15.80411881916762,base,none,43
pw,6.7757908685690325,storm,none,43
beale,NA,storm,none,43
rating,15.321659151427355,storm,none,43
composite,15.77939075596708,storm,none,43
truth,13.811264198545848,storm,none,43
pw,12.152056769718993,unaltered,none,43
beale,NA,unaltered,none,43
rating,14.801418687136337,unaltered,none,43
composite,15.261311159307468,unaltered,none,43
truth,13.56960907204489,unaltered,none,43
pw,13.419136722469252,base,chemostatic,43
beale,NA,base,chemostatic,43
rating,15.24943917225707,base,chemostatic,43
composite,15.214526199640325,base,chemostatic,43
truth,15.757238275601,base,chemostatic,43
pw,6.126305012971434,storm,chemostatic,43
beale,NA,storm,chemostatic,43
rating,12.972507196532943,storm,chemostatic,43
composite,12.763543483262408,storm,chemostatic,43
truth,13.75223681003667,storm,chemostatic,43
pw,10.98723495903369,unaltered,chemostatic,43
beale,NA,unaltered,chemostatic,43
rating,13.06907192388821,unaltered,chemostatic,43
composite,13.007004121805453,unaltered,chemostatic,43
truth,13.527182249468174,unaltered,chemostatic,43
pw,14.082838576582997,base,dilution,44
beale,NA,base,dilution,44
rating,11.77661295519551,base,dilution,44
composite,12.003174459885503,base,dilution,44
truth,12.596825967841678,base,dilution,44
pw,28.747997897202918,storm,dilution,44
beale,NA,storm,dilution,44
rating,13.364725185339333,storm,dilution,44
composite,13.239238923133088,storm,dilution,44
truth,19.166102441267306,storm,dilution,44
pw,15.778936490100637,unaltered,dilution,44
beale,NA,unaltered,dilution,44
rating,12.430485943904005,unaltered,dilution,44
composite,12.468030355975898,unaltered,dilution,44
truth,13.670127998308786,unaltered,dilution,44
pw,6.361900228250344,base,enrich,44
beale,NA,base,enrich,44
rating,15.735276316952856,base,enrich,44
composite,15.762509863037913,base,enrich,44
truth,14.294577119451212,base,enrich,44
pw,1.2121642109879915,storm,enrich,44
beale,NA,storm,enrich,44
rating,65.16676363640109,storm,enrich,44
composite,65.8235629617052,storm,enrich,44
truth,75.5150989489007,storm,enrich,44
pw,3.89979899146009,unaltered,enrich,44
beale,NA,unaltered,enrich,44
rating,15.288953174551203,unaltered,enrich,44
composite,15.487545716649286,unaltered,enrich,44
truth,13.958333259630043,unaltered,enrich,44
pw,13.823747015024392,base,none,44
beale,NA,base,none,44
rating,14.604625568369707,base,none,44
composite,15.277862545768787,base,none,44
truth,15.96884059260454,base,none,44
pw,6.126152512414537,storm,none,44
beale,NA,storm,none,44
rating,11.103599235438178,storm,none,44
composite,12.42435448102972,storm,none,44
truth,13.68630918797419,storm,none,44
pw,10.934968047814504,unaltered,none,44
beale,NA,unaltered,none,44
rating,12.117392706417842,unaltered,none,44
composite,12.805863795931394,unaltered,none,44
truth,13.520428208829063,unaltered,none,44
pw,13.931486765856596,base,chemostatic,44
beale,NA,base,chemostatic,44
rating,15.989777757524502,base,chemostatic,44
composite,15.950226498286924,base,chemostatic,44
truth,16.002929922272504,base,chemostatic,44
pw,6.17389862238966,storm,chemostatic,44
beale,NA,storm,chemostatic,44
rating,13.82635308370113,storm,chemostatic,44
composite,13.800189713611307,storm,chemostatic,44
truth,13.788287564814981,storm,chemostatic,44
pw,11.02019318478708,unaltered,chemostatic,44
beale,NA,unaltered,chemostatic,44
rating,13.555630419542137,unaltered,chemostatic,44
composite,13.524642545189804,unaltered,chemostatic,44
truth,13.560566473803073,unaltered,chemostatic,44
pw,14.345712186612888,base,dilution,45
beale,NA,base,dilution,45
rating,11.989847848148454,base,dilution,45
composite,11.933079042845465,base,dilution,45
truth,12.442844399661464,base,dilution,45
pw,28.104063911654674,storm,dilution,45
beale,NA,storm,dilution,45
rating,13.801509813483284,storm,dilution,45
composite,11.06932272697926,storm,dilution,45
truth,18.312130749358886,storm,dilution,45
pw,16.258744609703996,unaltered,dilution,45
beale,NA,unaltered,dilution,45
rating,13.051636115074386,unaltered,dilution,45
composite,13.008342367480326,unaltered,dilution,45
truth,13.715062622630109,unaltered,dilution,45
pw,5.281919079578928,base,enrich,45
beale,NA,base,enrich,45
rating,15.09257175283308,base,enrich,45
composite,15.25428338558977,base,enrich,45
truth,14.607337708051297,base,enrich,45
pw,0.9461172395016736,storm,enrich,45
beale,NA,storm,enrich,45
rating,55.75157876112058,storm,enrich,45
composite,56.13259525364758,storm,enrich,45
truth,75.0901802669126,storm,enrich,45
pw,3.3303325218859885,unaltered,enrich,45
beale,NA,unaltered,enrich,45
rating,12.534313101446779,unaltered,enrich,45
composite,12.762842178658468,unaltered,enrich,45
truth,13.796960313561355,unaltered,enrich,45
pw,13.812493102813487,base,none,45
beale,NA,base,none,45
rating,15.095250231176802,base,none,45
composite,15.054873537896459,base,none,45
truth,15.922163787912638,base,none,45
pw,6.189655946989869,storm,none,45
beale,NA,storm,none,45
rating,13.251480039305859,storm,none,45
composite,12.500188833429256,storm,none,45
truth,13.782259683651935,storm,none,45
pw,11.088730688043242,unaltered,none,45
beale,NA,unaltered,none,45
rating,12.937846315901519,unaltered,none,45
composite,12.78763555122836,unaltered,none,45
truth,13.569951840302359,unaltered,none,45
pw,13.567907834254605,base,chemostatic,45
beale,NA,base,chemostatic,45
rating,15.391033485765831,base,chemostatic,45
composite,15.338085580362312,base,chemostatic,45
truth,15.878346880364118,base,chemostatic,45
pw,6.0800523692133694,storm,chemostatic,45
beale,NA,storm,chemostatic,45
rating,13.128892568439937,storm,chemostatic,45
composite,12.942506508070005,storm,chemostatic,45
truth,13.721066882816856,storm,chemostatic,45
pw,10.89237655029821,unaltered,chemostatic,45
beale,NA,unaltered,chemostatic,45
rating,13.115131707302886,unaltered,chemostatic,45
composite,13.047371311269925,unaltered,chemostatic,45
truth,13.531907362838835,unaltered,chemostatic,45
pw,14.052867797181138,base,dilution,46
beale,NA,base,dilution,46
rating,11.549721767754756,base,dilution,46
composite,11.469955929585916,base,dilution,46
truth,12.360168792896742,base,dilution,46
pw,29.041819347305918,storm,dilution,46
beale,NA,storm,dilution,46
rating,13.496377545022035,storm,dilution,46
composite,10.378416982675393,storm,dilution,46
truth,17.26245158734588,storm,dilution,46
pw,15.984826173709765,unaltered,dilution,46
beale,NA,unaltered,dilution,46
rating,12.546733536880218,unaltered,dilution,46
composite,12.3648140089855,unaltered,dilution,46
truth,13.37944800060472,unaltered,dilution,46
pw,6.078905011384194,base,enrich,46
beale,NA,base,enrich,46
rating,18.052764643470937,base,enrich,46
composite,18.063025889459894,base,enrich,46
truth,14.780323200860563,base,enrich,46
pw,1.180434053415066,storm,enrich,46
beale,NA,storm,enrich,46
rating,69.10236008887601,storm,enrich,46
composite,69.6123028550397,storm,enrich,46
truth,76.60416054145212,storm,enrich,46
pw,3.8202188517715463,unaltered,enrich,46
beale,NA,unaltered,enrich,46
rating,16.220895378244084,unaltered,enrich,46
composite,16.374120529649883,unaltered,enrich,46
truth,13.861110640834667,unaltered,enrich,46
pw,13.713433483734855,base,none,46
beale,NA,base,none,46
rating,14.850033132791918,base,none,46
composite,15.321811517041999,base,none,46
truth,15.854417067843082,base,none,46
pw,6.181311244719752,storm,none,46
beale,NA,storm,none,46
rating,12.177749129568394,storm,none,46
composite,12.488692928114117,storm,none,46
truth,13.786328435109262,storm,none,46
pw,11.043009965509968,unaltered,none,46
beale,NA,unaltered,none,46
rating,12.568790714215266,unaltered,none,46
composite,12.972127564819864,unaltered,none,46
truth,13.545793093113627,unaltered,none,46
pw,13.723204055432188,base,chemostatic,46
beale,NA,base,chemostatic,46
rating,15.341155461343082,base,chemostatic,46
composite,15.25680836894075,base,chemostatic,46
truth,15.841497686298474,base,chemostatic,46
pw,6.185715316447789,storm,chemostatic,46
beale,NA,storm,chemostatic,46
rating,12.817660953715,storm,chemostatic,46
composite,12.65525359172606,storm,chemostatic,46
truth,13.766240831278733,storm,chemostatic,46
pw,11.050877909066944,unaltered,chemostatic,46
beale,NA,unaltered,chemostatic,46
rating,13.03141831075497,unaltered,chemostatic,46
composite,12.950165763857642,unaltered,chemostatic,46
truth,13.535729911533533,unaltered,chemostatic,46
pw,14.693469623295137,base,dilution,47
beale,NA,base,dilution,47
rating,12.319197677587425,base,dilution,47
composite,12.331453618399054,base,dilution,47
truth,12.636304311431378,base,dilution,47
pw,33.802661204802206,storm,dilution,47
beale,NA,storm,dilution,47
rating,14.205135822916208,storm,dilution,47
composite,13.376149781078727,storm,dilution,47
truth,17.483258271750028,storm,dilution,47
pw,19.134894372854205,unaltered,dilution,47
beale,NA,unaltered,dilution,47
rating,13.393620865160337,unaltered,dilution,47
composite,14.467826497912279,unaltered,dilution,47
truth,13.756392761169103,unaltered,dilution,47
pw,6.501918645787535,base,enrich,47
beale,NA,base,enrich,47
rating,16.20324440746992,base,enrich,47
composite,16.343967096652047,base,enrich,47
truth,14.859339848611782,base,enrich,47
pw,1.2036627246056526,storm,enrich,47
beale,NA,storm,enrich,47
rating,89.34851020621421,storm,enrich,47
composite,89.94070304984058,storm,enrich,47
truth,78.45869377357985,storm,enrich,47
pw,3.7822981646072664,unaltered,enrich,47
beale,NA,unaltered,enrich,47
rating,19.263080185739692,unaltered,enrich,47
composite,19.494778239635217,unaltered,enrich,47
truth,14.15520467964528,unaltered,enrich,47
pw,13.725216490629377,base,none,47
beale,NA,base,none,47
rating,14.973903338950446,base,none,47
composite,16.265924173690237,base,none,47
truth,16.04961523210974,base,none,47
pw,6.063287723854494,storm,none,47
beale,NA,storm,none,47
rating,12.602064512335755,storm,none,47
composite,13.951795074979884,storm,none,47
truth,13.849513647667365,storm,none,47
pw,10.781246202469882,unaltered,none,47
beale,NA,unaltered,none,47
rating,12.58236858808122,unaltered,none,47
composite,13.733794054202257,unaltered,none,47
truth,13.5532240325901,unaltered,none,47
pw,14.510098752153445,base,chemostatic,47
beale,NA,base,chemostatic,47
rating,16.5435964614211,base,chemostatic,47
composite,16.567007455973574,base,chemostatic,47
truth,16.072064837615788,base,chemostatic,47
pw,6.410019375352969,storm,chemostatic,47
beale,NA,storm,chemostatic,47
rating,14.221418619005755,storm,chemostatic,47
composite,14.343085202425627,storm,chemostatic,47
truth,13.844503996783203,storm,chemostatic,47
pw,11.397776288331887,unaltered,chemostatic,47
beale,NA,unaltered,chemostatic,47
rating,13.971963855992305,unaltered,chemostatic,47
composite,14.00526489503326,unaltered,chemostatic,47
truth,13.568280697154638,unaltered,chemostatic,47
pw,13.610503806060033,base,dilution,48
beale,NA,base,dilution,48
rating,11.678153262818574,base,dilution,48
composite,11.629492137423671,base,dilution,48
truth,12.211871887620537,base,dilution,48
pw,27.736962073233883,storm,dilution,48
beale,NA,storm,dilution,48
rating,12.84903256397915,storm,dilution,48
composite,12.065023913967682,storm,dilution,48
truth,16.82741369684563,storm,dilution,48
pw,15.204878510678489,unaltered,dilution,48
beale,NA,unaltered,dilution,48
rating,11.927527290576975,unaltered,dilution,48
composite,11.978184121323519,unaltered,dilution,48
truth,13.145213614343463,unaltered,dilution,48
pw,5.853772036817692,base,enrich,48
beale,NA,base,enrich,48
rating,11.836092514524827,base,enrich,48
composite,12.047871341092097,base,enrich,48
truth,13.506349904314998,base,enrich,48
pw,1.088693262417844,storm,enrich,48
beale,NA,storm,enrich,48
rating,50.18536888357488,storm,enrich,48
composite,50.57155034461112,storm,enrich,48
truth,73.93529411874103,storm,enrich,48
pw,3.6022812360638006,unaltered,enrich,48
beale,NA,unaltered,enrich,48
rating,12.172476804908749,unaltered,enrich,48
composite,12.23192111523336,unaltered,enrich,48
truth,13.530303333963523,unaltered,enrich,48
pw,13.580296090460278,base,none,48
beale,NA,base,none,48
rating,14.561941563236536,base,none,48
composite,15.21164602786615,base,none,48
truth,15.614811882447716,base,none,48
pw,6.199438772144032,storm,none,48
beale,NA,storm,none,48
rating,11.467836285796274,storm,none,48
composite,12.437844685259163,storm,none,48
truth,13.7048981862493,storm,none,48
pw,11.10353638240112,unaltered,none,48
beale,NA,unaltered,none,48
rating,12.343805841822066,unaltered,none,48
composite,13.004953125769985,unaltered,none,48
truth,13.543452653804543,unaltered,none,48
pw,13.345669353465679,base,chemostatic,48
beale,NA,base,chemostatic,48
rating,15.729242736599174,base,chemostatic,48
composite,15.804678446095624,base,chemostatic,48
truth,15.579931044877632,base,chemostatic,48
pw,6.092331086080563,storm,chemostatic,48
beale,NA,storm,chemostatic,48
rating,14.27774891562051,storm,chemostatic,48
composite,14.492610360826523,storm,chemostatic,48
truth,13.719223994063869,storm,chemostatic,48
pw,10.911700615850076,unaltered,chemostatic,48
beale,NA,unaltered,chemostatic,48
rating,13.731977155695935,unaltered,chemostatic,48
composite,13.81162837855878,unaltered,chemostatic,48
truth,13.518895288201273,unaltered,chemostatic,48
pw,14.79081479764994,base,dilution,49
beale,NA,base,dilution,49
rating,12.630053432129534,base,dilution,49
composite,12.474155761381455,base,dilution,49
truth,12.327291424912037,base,dilution,49
pw,28.02384215988034,storm,dilution,49
beale,NA,storm,dilution,49
rating,13.163597885101428,storm,dilution,49
composite,12.128354271976752,storm,dilution,49
truth,17.055738959748123,storm,dilution,49
pw,15.444196378216576,unaltered,dilution,49
beale,NA,unaltered,dilution,49
rating,12.20385628710387,unaltered,dilution,49
composite,12.144632495713052,unaltered,dilution,49
truth,13.208719926236698,unaltered,dilution,49
pw,4.989478611574483,base,enrich,49
beale,NA,base,enrich,49
rating,11.15233230348851,base,enrich,49
composite,11.32529201870992,base,enrich,49
truth,14.01100889932727,base,enrich,49
pw,1.1121682197772,storm,enrich,49
beale,NA,storm,enrich,49
rating,53.44715382277734,storm,enrich,49
composite,53.91955508024558,storm,enrich,49
truth,74.97072961529184,storm,enrich,49
pw,3.656596097347178,unaltered,enrich,49
beale,NA,unaltered,enrich,49
rating,12.869111443913658,unaltered,enrich,49
composite,13.022549747868666,unaltered,enrich,49
truth,13.725520365002856,unaltered,enrich,49
pw,13.952979018103319,base,none,49
beale,NA,base,none,49
rating,16.828279486629356,base,none,49
composite,16.946288730595562,base,none,49
truth,15.69796168189061,base,none,49
pw,6.324688590916046,storm,none,49
beale,NA,storm,none,49
rating,16.532910648718694,storm,none,49
composite,16.54573141479969,storm,none,49
truth,13.73956694727761,storm,none,49
pw,11.313406444825471,unaltered,none,49
beale,NA,unaltered,none,49
rating,14.725734050676243,unaltered,none,49
composite,14.80446383857115,unaltered,none,49
truth,13.510823684382347,unaltered,none,49
pw,13.488383694494358,base,chemostatic,49
beale,NA,base,chemostatic,49
rating,15.712707880219313,base,chemostatic,49
composite,15.770852720593457,base,chemostatic,49
truth,15.703729227583894,base,chemostatic,49
pw,6.1140940835488315,storm,chemostatic,49
beale,NA,storm,chemostatic,49
rating,13.750424027842179,storm,chemostatic,49
composite,13.809595626990935,storm,chemostatic,49
truth,13.711384310499708,storm,chemostatic,49
pw,10.936701533169417,unaltered,chemostatic,49
beale,NA,unaltered,chemostatic,49
rating,13.507741356892701,unaltered,chemostatic,49
composite,13.56389571354467,unaltered,chemostatic,49
truth,13.513561467912046,unaltered,chemostatic,49
pw,14.879762388874585,base,dilution,50
beale,NA,base,dilution,50
rating,12.314377824153565,base,dilution,50
composite,12.187135412264178,base,dilution,50
truth,12.436467160266377,base,dilution,50
pw,28.450184424479737,storm,dilution,50
beale,NA,storm,dilution,50
rating,13.208838744185075,storm,dilution,50
composite,13.798962685467888,storm,dilution,50
truth,17.4373055917672,storm,dilution,50
pw,15.694779132456663,unaltered,dilution,50
beale,NA,unaltered,dilution,50
rating,12.334121709922707,unaltered,dilution,50
composite,12.642178703847044,unaltered,dilution,50
truth,13.589944317905562,unaltered,dilution,50
pw,5.499627661355982,base,enrich,50
beale,NA,base,enrich,50
rating,14.204671783475419,base,enrich,50
composite,14.782983764694768,base,enrich,50
truth,13.961284778511809,base,enrich,50
pw,1.2080396935022797,storm,enrich,50
beale,NA,storm,enrich,50
rating,57.30728952991697,storm,enrich,50
composite,58.016448137370205,storm,enrich,50
truth,74.5780668740383,storm,enrich,50
pw,3.859844735005872,unaltered,enrich,50
beale,NA,unaltered,enrich,50
rating,13.97065575812613,unaltered,enrich,50
composite,14.27636097511026,unaltered,enrich,50
truth,13.799246260752717,unaltered,enrich,50
pw,14.018163420372115,base,none,50
beale,NA,base,none,50
rating,16.015887335325427,base,none,50
composite,16.80391528154179,base,none,50
truth,15.865781987643402,base,none,50
pw,6.3189180852440385,storm,none,50
beale,NA,storm,none,50
rating,12.776554443283178,storm,none,50
composite,13.799580364131012,storm,none,50
truth,13.78499338627466,storm,none,50
pw,11.254238233574236,unaltered,none,50
beale,NA,unaltered,none,50
rating,13.580484961327222,unaltered,none,50
composite,14.2930286164517,unaltered,none,50
truth,13.569107239024097,unaltered,none,50
pw,13.91488052755569,base,chemostatic,50
beale,NA,base,chemostatic,50
rating,16.061322490860757,base,chemostatic,50
composite,16.058838296111063,base,chemostatic,50
truth,15.835502119507275,base,chemostatic,50
pw,6.272361619910957,storm,chemostatic,50
beale,NA,storm,chemostatic,50
rating,14.027057148112961,storm,chemostatic,50
composite,14.11154760315823,storm,chemostatic,50
truth,13.770264835738448,storm,chemostatic,50
pw,11.171319362795519,unaltered,chemostatic,50
beale,NA,unaltered,chemostatic,50
rating,13.761514167655072,unaltered,chemostatic,50
composite,13.767401048447853,unaltered,chemostatic,50
truth,13.545760960327815,unaltered,chemostatic,50
pw,14.319071246579604,base,dilution,51
beale,NA,base,dilution,51
rating,12.09858742153737,base,dilution,51
composite,12.149906817928075,base,dilution,51
truth,12.444737419464689,base,dilution,51
pw,167.88207502516255,storm,dilution,51
beale,NA,storm,dilution,51
rating,15.713886502492423,storm,dilution,51
composite,28.414587053736057,storm,dilution,51
truth,19.38279344248622,storm,dilution,51
pw,76.05040337629542,unaltered,dilution,51
beale,NA,unaltered,dilution,51
rating,14.861858494331756,unaltered,dilution,51
composite,37.61340718639542,unaltered,dilution,51
truth,13.81547418896395,unaltered,dilution,51
pw,6.505748051541623,base,enrich,51
beale,NA,base,enrich,51
rating,13.828417289125857,base,enrich,51
composite,14.001580795965562,base,enrich,51
truth,14.295507459452054,base,enrich,51
pw,1.160503832015491,storm,enrich,51
beale,NA,storm,enrich,51
rating,164.343353160331,storm,enrich,51
composite,164.55655961379327,storm,enrich,51
truth,76.57215373726577,storm,enrich,51
pw,3.794247024437425,unaltered,enrich,51
beale,NA,unaltered,enrich,51
rating,37.05956082587913,unaltered,enrich,51
composite,36.82969216809814,unaltered,enrich,51
truth,13.880002324402499,unaltered,enrich,51
pw,12.851357086889552,base,none,51
beale,NA,base,none,51
rating,14.039984363512279,base,none,51
composite,15.271184584781032,base,none,51
truth,15.820203814517226,base,none,51
pw,5.777513459474865,storm,none,51
beale,NA,storm,none,51
rating,11.638355993849649,storm,none,51
composite,12.794513077230615,storm,none,51
truth,13.693808070035184,storm,none,51
pw,10.334665191836281,unaltered,none,51
beale,NA,unaltered,none,51
rating,12.259067079670029,unaltered,none,51
composite,13.291987800531722,unaltered,none,51
truth,13.530428130208799,unaltered,none,51
pw,13.944307577039693,base,chemostatic,51
beale,NA,base,chemostatic,51
rating,15.758694351450101,base,chemostatic,51
composite,15.653878050846862,base,chemostatic,51
truth,15.82678124163518,base,chemostatic,51
pw,6.268865160675659,storm,chemostatic,51
beale,NA,storm,chemostatic,51
rating,13.3956377065036,storm,chemostatic,51
composite,13.225936414227496,storm,chemostatic,51
truth,13.741132699761778,storm,chemostatic,51
pw,11.213582282894164,unaltered,chemostatic,51
beale,NA,unaltered,chemostatic,51
rating,13.411719123022422,unaltered,chemostatic,51
composite,13.313618879241773,unaltered,chemostatic,51
truth,13.538556502007179,unaltered,chemostatic,51
pw,14.119432248237212,base,dilution,52
beale,NA,base,dilution,52
rating,12.04759239772792,base,dilution,52
composite,12.343783502373329,base,dilution,52
truth,12.299136565974667,base,dilution,52
pw,27.950709950046875,storm,dilution,52
beale,NA,storm,dilution,52
rating,13.222176943212988,storm,dilution,52
composite,13.387229018257816,storm,dilution,52
truth,17.14608862591227,storm,dilution,52
pw,15.440683621542185,unaltered,dilution,52
beale,NA,unaltered,dilution,52
rating,12.295985920429056,unaltered,dilution,52
composite,12.479934703161248,unaltered,dilution,52
truth,13.344230948882517,unaltered,dilution,52
pw,5.442821204168173,base,enrich,52
beale,NA,base,enrich,52
rating,15.007128229359099,base,enrich,52
composite,15.009279850861118,base,enrich,52
truth,13.747162269384171,base,enrich,52
pw,1.162829931279657,storm,enrich,52
beale,NA,storm,enrich,52
rating,68.90795152210589,storm,enrich,52
composite,69.44678940784043,storm,enrich,52
truth,75.0888662143033,storm,enrich,52
pw,3.7915228671436503,unaltered,enrich,52
beale,NA,unaltered,enrich,52
rating,15.923256425778543,unaltered,enrich,52
composite,16.024409223370544,unaltered,enrich,52
truth,13.667067005022949,unaltered,enrich,52
pw,13.442646118395784,base,none,52
beale,NA,base,none,52
rating,17.359689355976688,base,none,52
composite,17.93775653353866,base,none,52
truth,15.648787887282328,base,none,52
pw,6.0823609036922575,storm,none,52
beale,NA,storm,none,52
rating,18.06120384705209,storm,none,52
composite,18.92135132615423,storm,none,52
truth,13.75088452510217,storm,none,52
pw,10.897874281342018,unaltered,none,52
beale,NA,unaltered,none,52
rating,15.460470952307467,unaltered,none,52
composite,16.019428779354225,unaltered,none,52
truth,13.526896489319041,unaltered,none,52
pw,13.554172476934685,base,chemostatic,52
beale,NA,base,chemostatic,52
rating,15.51439407976367,base,chemostatic,52
composite,15.51360151825322,base,chemostatic,52
truth,15.64144952077333,base,chemostatic,52
pw,6.132822959818237,storm,chemostatic,52
beale,NA,storm,chemostatic,52
rating,13.575409094912603,storm,chemostatic,52
composite,13.49947596108392,storm,chemostatic,52
truth,13.708356234979911,storm,chemostatic,52
pw,10.988288045396224,unaltered,chemostatic,52
beale,NA,unaltered,chemostatic,52
rating,13.392253865600184,unaltered,chemostatic,52
composite,13.385748464124497,unaltered,chemostatic,52
truth,13.517443538353938,unaltered,chemostatic,52
pw,14.391699629721336,base,dilution,53
beale,NA,base,dilution,53
rating,12.311142518212831,base,dilution,53
composite,12.278124347029664,base,dilution,53
truth,12.320343359424141,base,dilution,53
pw,26.996907485488705,storm,dilution,53
beale,NA,storm,dilution,53
rating,13.095414637477285,storm,dilution,53
composite,12.58976483675102,storm,dilution,53
truth,16.969520001567076,storm,dilution,53
pw,15.039423815681207,unaltered,dilution,53
beale,NA,unaltered,dilution,53
rating,12.140683867860359,unaltered,dilution,53
composite,12.288809513546175,unaltered,dilution,53
truth,13.349618036015091,unaltered,dilution,53
pw,5.8143188251669375,base,enrich,53
beale,NA,base,enrich,53
rating,13.471638032975688,base,enrich,53
composite,13.633330916633712,base,enrich,53
truth,13.988269508845649,base,enrich,53
pw,1.2137511150659732,storm,enrich,53
beale,NA,storm,enrich,53
rating,51.764278109858125,storm,enrich,53
composite,52.33017506135152,storm,enrich,53
truth,75.11052026454605,storm,enrich,53
pw,3.991035752706822,unaltered,enrich,53
beale,NA,unaltered,enrich,53
rating,12.773727913591365,unaltered,enrich,53
composite,12.967420089578615,unaltered,enrich,53
truth,13.704741457393423,unaltered,enrich,53
pw,13.763262638940253,base,none,53
beale,NA,base,none,53
rating,14.047591108575041,base,none,53
composite,14.43823417809439,base,none,53
truth,15.709860663415295,base,none,53
pw,6.225567694898469,storm,none,53
beale,NA,storm,none,53
rating,10.712596121667755,storm,none,53
composite,11.015495168190188,storm,none,53
truth,13.737349745393093,storm,none,53
pw,11.125704888023156,unaltered,none,53
beale,NA,unaltered,none,53
rating,11.811995625312138,unaltered,none,53
composite,12.120696877560732,unaltered,none,53
truth,13.520358129399451,unaltered,none,53
pw,13.712203805947858,base,chemostatic,53
beale,NA,base,chemostatic,53
rating,15.591282966379302,base,chemostatic,53
composite,15.62893903498674,base,chemostatic,53
truth,15.719999257459037,base,chemostatic,53
pw,6.202472137576377,storm,chemostatic,53
beale,NA,storm,chemostatic,53
rating,13.504446401455978,storm,chemostatic,53
composite,13.4276947726749,storm,chemostatic,53
truth,13.750841619725508,storm,chemostatic,53
pw,11.08443084401901,unaltered,chemostatic,53
beale,NA,unaltered,chemostatic,53
rating,13.412751506299553,unaltered,chemostatic,53
composite,13.426189904668135,unaltered,chemostatic,53
truth,13.529408950415407,unaltered,chemostatic,53
pw,14.29383503271998,base,dilution,54
beale,NA,base,dilution,54
rating,12.384483303639712,base,dilution,54
composite,12.032032254648108,base,dilution,54
truth,12.732304136056799,base,dilution,54
pw,28.4582776646909,storm,dilution,54
beale,NA,storm,dilution,54
rating,13.138321193962307,storm,dilution,54
composite,9.920757772900684,storm,dilution,54
truth,18.075273909705587,storm,dilution,54
pw,15.406944182701269,unaltered,dilution,54
beale,NA,unaltered,dilution,54
rating,12.156849172065334,unaltered,dilution,54
composite,11.902925253711825,unaltered,dilution,54
truth,13.872745654507613,unaltered,dilution,54
pw,5.374049936680919,base,enrich,54
beale,NA,base,enrich,54
rating,14.363552967667783,base,enrich,54
composite,14.543790958644735,base,enrich,54
truth,15.376453688678259,base,enrich,54
pw,1.188170190670772,storm,enrich,54
beale,NA,storm,enrich,54
rating,59.69002746274822,storm,enrich,54
composite,60.23760926018097,storm,enrich,54
truth,77.30065236997125,storm,enrich,54
pw,3.8082136061428673,unaltered,enrich,54
beale,NA,unaltered,enrich,54
rating,13.944908894880285,unaltered,enrich,54
composite,14.109241774271474,unaltered,enrich,54
truth,14.222779119793993,unaltered,enrich,54
pw,15.205380098963042,base,none,54
beale,NA,base,none,54
rating,16.20232618815357,base,none,54
composite,17.627959416721684,base,none,54
truth,16.269856822523547,base,none,54
pw,6.735882911866274,storm,none,54
beale,NA,storm,none,54
rating,11.96666142385562,storm,none,54
composite,13.992172956252812,storm,none,54
truth,13.802586740617397,storm,none,54
pw,11.976823524008381,unaltered,none,54
beale,NA,unaltered,none,54
rating,13.235608783144787,unaltered,none,54
composite,14.621173820862868,unaltered,none,54
truth,13.571405224744202,unaltered,none,54
pw,14.04910305776073,base,chemostatic,54
beale,NA,base,chemostatic,54
rating,16.272026671062935,base,chemostatic,54
composite,16.267002118676686,base,chemostatic,54
truth,16.264224009281794,base,chemostatic,54
pw,6.223659822898632,storm,chemostatic,54
beale,NA,storm,chemostatic,54
rating,13.764234537229328,storm,chemostatic,54
composite,13.756383173457504,storm,chemostatic,54
truth,13.829419435916403,storm,chemostatic,54
pw,11.066058651495455,unaltered,chemostatic,54
beale,NA,unaltered,chemostatic,54
rating,13.552407324249156,unaltered,chemostatic,54
composite,13.551348044014675,unaltered,chemostatic,54
truth,13.571048585582917,unaltered,chemostatic,54
pw,14.827488749068698,base,dilution,55
beale,NA,base,dilution,55
rating,12.618249561488527,base,dilution,55
composite,12.563129887809177,base,dilution,55
truth,12.427150994995662,base,dilution,55
pw,29.716517138715485,storm,dilution,55
beale,NA,storm,dilution,55
rating,13.711808330646397,storm,dilution,55
composite,12.508935978170435,storm,dilution,55
truth,18.957402473209843,storm,dilution,55
pw,16.23181513104701,unaltered,dilution,55
beale,NA,unaltered,dilution,55
rating,12.779727148447607,unaltered,dilution,55
composite,12.769698591760928,unaltered,dilution,55
truth,13.7165162383934,unaltered,dilution,55
pw,5.762864710753288,base,enrich,55
beale,NA,base,enrich,55
rating,14.988591454221686,base,enrich,55
composite,15.379186312676753,base,enrich,55
truth,15.004312033160558,base,enrich,55
pw,1.1538844753183937,storm,enrich,55
beale,NA,storm,enrich,55
rating,58.93556404792134,storm,enrich,55
composite,59.660484113343905,storm,enrich,55
truth,76.7144606427724,storm,enrich,55
pw,3.734169676796956,unaltered,enrich,55
beale,NA,unaltered,enrich,55
rating,13.72807233933243,unaltered,enrich,55
composite,14.039110092488496,unaltered,enrich,55
truth,13.8569092093143,unaltered,enrich,55
pw,13.601550827008191,base,none,55
beale,NA,base,none,55
rating,14.421288235793154,base,none,55
composite,14.856087306182049,base,none,55
truth,15.833594884295334,base,none,55
pw,6.110676727205289,storm,none,55
beale,NA,storm,none,55
rating,11.708294809368434,storm,none,55
composite,11.996919546513645,storm,none,55
truth,13.75308085714939,storm,none,55
pw,10.93175192288062,unaltered,none,55
beale,NA,unaltered,none,55
rating,12.162018626776783,unaltered,none,55
composite,12.542394115968339,unaltered,none,55
truth,13.508862395245714,unaltered,none,55
pw,13.74486427405924,base,chemostatic,55
beale,NA,base,chemostatic,55
rating,15.70370315190576,base,chemostatic,55
composite,15.757343839137816,base,chemostatic,55
truth,15.862672558572559,base,chemostatic,55
pw,6.175062190063795,storm,chemostatic,55
beale,NA,storm,chemostatic,55
rating,13.407228481822882,storm,chemostatic,55
composite,13.599649728878173,storm,chemostatic,55
truth,13.77095785504775,storm,chemostatic,55
pw,11.046934895050535,unaltered,chemostatic,55
beale,NA,unaltered,chemostatic,55
rating,13.402738478635419,unaltered,chemostatic,55
composite,13.455151633002137,unaltered,chemostatic,55
truth,13.537140372602147,unaltered,chemostatic,55
pw,14.236247334703704,base,dilution,56
beale,NA,base,dilution,56
rating,12.478784896627554,base,dilution,56
composite,12.937599087229662,base,dilution,56
truth,12.542609771399935,base,dilution,56
pw,27.335316161008027,storm,dilution,56
beale,NA,storm,dilution,56
rating,13.524987030628077,storm,dilution,56
composite,13.438156859106885,storm,dilution,56
truth,17.579866681289833,storm,dilution,56
pw,15.50091234383788,unaltered,dilution,56
beale,NA,unaltered,dilution,56
rating,12.570559964551421,unaltered,dilution,56
composite,12.851254832528474,unaltered,dilution,56
truth,13.643092981623107,unaltered,dilution,56
pw,6.2673111225737435,base,enrich,56
beale,NA,base,enrich,56
rating,16.938896217643826,base,enrich,56
composite,17.024361769570753,base,enrich,56
truth,14.276663157586636,base,enrich,56
pw,1.3838958591729924,storm,enrich,56
beale,NA,storm,enrich,56
rating,73.86346932140756,storm,enrich,56
composite,74.55152773866149,storm,enrich,56
truth,76.66654351270508,storm,enrich,56
pw,4.3109135467823725,unaltered,enrich,56
beale,NA,unaltered,enrich,56
rating,17.16949371626388,unaltered,enrich,56
composite,17.399360441651638,unaltered,enrich,56
truth,14.03423158681344,unaltered,enrich,56
pw,13.419564800292228,base,none,56
beale,NA,base,none,56
rating,16.856411257873017,base,none,56
composite,16.990938560023938,base,none,56
truth,15.95861030135532,base,none,56
pw,5.981882500539213,storm,none,56
beale,NA,storm,none,56
rating,16.66723721229911,storm,none,56
composite,16.82475833995389,storm,none,56
truth,13.823066589944217,storm,none,56
pw,10.681835623207421,unaltered,none,56
beale,NA,unaltered,none,56
rating,14.684238733993071,unaltered,none,56
composite,14.793335164300279,unaltered,none,56
truth,13.56472957894934,unaltered,none,56
pw,13.906279663946489,base,chemostatic,56
beale,NA,base,chemostatic,56
rating,15.962918182374505,base,chemostatic,56
composite,16.02111924985904,base,chemostatic,56
truth,15.951455544459042,base,chemostatic,56
pw,6.198839694678799,storm,chemostatic,56
beale,NA,storm,chemostatic,56
rating,13.665704938745264,storm,chemostatic,56
composite,13.761633384099124,storm,chemostatic,56
truth,13.754231236982301,storm,chemostatic,56
pw,11.069255651076984,unaltered,chemostatic,56
beale,NA,unaltered,chemostatic,56
rating,13.548011065626719,unaltered,chemostatic,56
composite,13.605196582532265,unaltered,chemostatic,56
truth,13.549604986792746,unaltered,chemostatic,56
pw,14.089276665611148,base,dilution,57
beale,NA,base,dilution,57
rating,11.860858466171315,base,dilution,57
composite,11.862856908504545,base,dilution,57
truth,12.296539715231551,base,dilution,57
pw,27.50939968547684,storm,dilution,57
beale,NA,storm,dilution,57
rating,13.056138381585814,storm,dilution,57
composite,12.670255994427649,storm,dilution,57
truth,17.07377840248668,storm,dilution,57
pw,15.19119116323203,unaltered,dilution,57
beale,NA,unaltered,dilution,57
rating,12.118112446805837,unaltered,dilution,57
composite,12.205501351927309,unaltered,dilution,57
truth,13.21552509301568,unaltered,dilution,57
pw,5.803106836993426,base,enrich,57
beale,NA,base,enrich,57
rating,15.774590564763562,base,enrich,57
composite,16.08507661093789,base,enrich,57
truth,13.992660675205036,base,enrich,57
pw,1.1461523301848284,storm,enrich,57
beale,NA,storm,enrich,57
rating,63.26900297450021,storm,enrich,57
composite,63.86952653300531,storm,enrich,57
truth,74.57002646378037,storm,enrich,57
pw,3.7063618281432946,unaltered,enrich,57
beale,NA,unaltered,enrich,57
rating,15.20621263589762,unaltered,enrich,57
composite,15.391488903613126,unaltered,enrich,57
truth,13.68375567755457,unaltered,enrich,57
pw,13.846920834873778,base,none,57
beale,NA,base,none,57
rating,15.14331777339663,base,none,57
composite,15.29222946315573,base,none,57
truth,15.687599451607092,base,none,57
pw,6.23792136433292,storm,none,57
beale,NA,storm,none,57
rating,12.468686211295056,storm,none,57
composite,12.483970859683787,storm,none,57
truth,13.606546398646403,storm,none,57
pw,11.171284253477568,unaltered,none,57
beale,NA,unaltered,none,57
rating,12.931590174199085,unaltered,none,57
composite,13.043573990807065,unaltered,none,57
truth,13.486750610752624,unaltered,none,57
pw,13.943496624822407,base,chemostatic,57
beale,NA,base,chemostatic,57
rating,15.644733217698,base,chemostatic,57
composite,15.741804698446982,base,chemostatic,57
truth,15.731639036039734,base,chemostatic,57
pw,6.281427945368657,storm,chemostatic,57
beale,NA,storm,chemostatic,57
rating,13.267620434095992,storm,chemostatic,57
composite,13.327110976170882,storm,chemostatic,57
truth,13.723561771737547,storm,chemostatic,57
pw,11.24919873095498,unaltered,chemostatic,57
beale,NA,unaltered,chemostatic,57
rating,13.386597630394983,unaltered,chemostatic,57
composite,13.473772500588984,unaltered,chemostatic,57
truth,13.534763499615456,unaltered,chemostatic,57
pw,14.8333411936754,base,dilution,58
beale,NA,base,dilution,58
rating,12.533365018504668,base,dilution,58
composite,12.46776854045436,base,dilution,58
truth,12.63260673760748,base,dilution,58
pw,28.24513377667718,storm,dilution,58
beale,NA,storm,dilution,58
rating,13.680571545936543,storm,dilution,58
composite,11.549323859546307,storm,dilution,58
truth,17.68485596837073,storm,dilution,58
pw,15.749833684429131,unaltered,dilution,58
beale,NA,unaltered,dilution,58
rating,12.742198304047015,unaltered,dilution,58
composite,12.505941063984345,unaltered,dilution,58
truth,13.82106181746057,unaltered,dilution,58
pw,6.008296605826042,base,enrich,58
beale,NA,base,enrich,58
rating,15.185850504582378,base,enrich,58
composite,15.288648575637927,base,enrich,58
truth,14.49552075408208,base,enrich,58
pw,1.1822797628589468,storm,enrich,58
beale,NA,storm,enrich,58
rating,60.7936210202345,storm,enrich,58
composite,61.29475132433247,storm,enrich,58
truth,77.06610250400232,storm,enrich,58
pw,3.830397160424515,unaltered,enrich,58
beale,NA,unaltered,enrich,58
rating,13.839464067654326,unaltered,enrich,58
composite,13.987606149513056,unaltered,enrich,58
truth,14.057702771654073,unaltered,enrich,58
pw,14.13839483796728,base,none,58
beale,NA,base,none,58
rating,18.97976053740343,base,none,58
composite,19.143855736170405,base,none,58
truth,15.993854935436001,base,none,58
pw,6.315246516807573,storm,none,58
beale,NA,storm,none,58
rating,19.640068296560187,storm,none,58
composite,20.16685367992387,storm,none,58
truth,13.77246366494577,storm,none,58
pw,11.253273577322812,unaltered,none,58
beale,NA,unaltered,none,58
rating,16.630714642760204,unaltered,none,58
composite,16.849767207554763,unaltered,none,58
truth,13.551936473912043,unaltered,none,58
pw,13.818921601818863,base,chemostatic,58
beale,NA,base,chemostatic,58
rating,15.70711209248912,base,chemostatic,58
composite,15.74575122012716,base,chemostatic,58
truth,15.998450313362286,base,chemostatic,58
pw,6.1725462835122356,storm,chemostatic,58
beale,NA,storm,chemostatic,58
rating,13.202340858652512,storm,chemostatic,58
composite,13.32403187057786,storm,chemostatic,58
truth,13.795567151145457,storm,chemostatic,58
pw,10.99899296285331,unaltered,chemostatic,58
beale,NA,unaltered,chemostatic,58
rating,13.251151120991114,unaltered,chemostatic,58
composite,13.29498789541901,unaltered,chemostatic,58
truth,13.558384191007665,unaltered,chemostatic,58
pw,13.470199558766533,base,dilution,59
beale,NA,base,dilution,59
rating,11.20012190776636,base,dilution,59
composite,11.596814727072395,base,dilution,59
truth,12.15427198094976,base,dilution,59
pw,28.386714412569823,storm,dilution,59
beale,NA,storm,dilution,59
rating,12.585928416476783,storm,dilution,59
composite,13.280739336155083,storm,dilution,59
truth,16.78936155687427,storm,dilution,59
pw,16.050164283218233,unaltered,dilution,59
beale,NA,unaltered,dilution,59
rating,11.946925259249896,unaltered,dilution,59
composite,13.310417400335977,unaltered,dilution,59
truth,13.19993649227235,unaltered,dilution,59
pw,5.054580629378426,base,enrich,59
beale,NA,base,enrich,59
rating,13.648847378078383,base,enrich,59
composite,13.704899855037027,base,enrich,59
truth,13.151849553814657,base,enrich,59
pw,1.11270425904656,storm,enrich,59
beale,NA,storm,enrich,59
rating,57.94673941488074,storm,enrich,59
composite,58.4853334378015,storm,enrich,59
truth,73.15987540915233,storm,enrich,59
pw,3.5040780648312313,unaltered,enrich,59
beale,NA,unaltered,enrich,59
rating,13.563249275678574,unaltered,enrich,59
composite,13.812357310103136,unaltered,enrich,59
truth,13.448440818534113,unaltered,enrich,59
pw,13.823083729845203,base,none,59
beale,NA,base,none,59
rating,15.676710253869624,base,none,59
composite,15.918490926642352,base,none,59
truth,15.463594009459465,base,none,59
pw,6.361360676890799,storm,none,59
beale,NA,storm,none,59
rating,14.067504761859592,storm,none,59
composite,13.819240632139698,storm,none,59
truth,13.693476131593547,storm,none,59
pw,11.374050014212914,unaltered,none,59
beale,NA,unaltered,none,59
rating,13.767081855886014,unaltered,none,59
composite,13.903547987556026,unaltered,none,59
truth,13.493144233365753,unaltered,none,59
pw,13.388701226528907,base,chemostatic,59
beale,NA,base,chemostatic,59
rating,15.235183136680423,base,chemostatic,59
composite,15.211106083106849,base,chemostatic,59
truth,15.475792978881802,base,chemostatic,59
pw,6.161458554518526,storm,chemostatic,59
beale,NA,storm,chemostatic,59
rating,13.264736561880168,storm,chemostatic,59
composite,13.0955102442788,storm,chemostatic,59
truth,13.657993540165322,storm,chemostatic,59
pw,11.016626995255775,unaltered,chemostatic,59
beale,NA,unaltered,chemostatic,59
rating,13.25367486374076,unaltered,chemostatic,59
composite,13.21409800179581,unaltered,chemostatic,59
truth,13.497721853279252,unaltered,chemostatic,59
pw,13.449301540594925,base,dilution,60
beale,NA,base,dilution,60
rating,11.57977276189578,base,dilution,60
composite,11.859197236955012,base,dilution,60
truth,12.432271118448508,base,dilution,60
pw,195.60311697550438,storm,dilution,60
beale,NA,storm,dilution,60
rating,17.137432011412766,storm,dilution,60
composite,84.8440928977656,storm,dilution,60
truth,17.656909707275513,storm,dilution,60
pw,87.23832447244726,unaltered,dilution,60
beale,NA,unaltered,dilution,60
rating,15.863154079535843,unaltered,dilution,60
composite,68.14835975984741,unaltered,dilution,60
truth,13.650020165639448,unaltered,dilution,60
pw,5.396182411402673,base,enrich,60
beale,NA,base,enrich,60
rating,14.44569864134187,base,enrich,60
composite,14.32208557461798,base,enrich,60
truth,14.233678817499824,base,enrich,60
pw,1.0022423856710658,storm,enrich,60
beale,NA,storm,enrich,60
rating,45.870971825446,storm,enrich,60
composite,46.98612415161958,storm,enrich,60
truth,76.3955363453752,storm,enrich,60
pw,3.416168472665159,unaltered,enrich,60
beale,NA,unaltered,enrich,60
rating,19.45616403714667,unaltered,enrich,60
composite,20.254816346979002,unaltered,enrich,60
truth,13.920830976288192,unaltered,enrich,60
pw,12.991878956143356,base,none,60
beale,NA,base,none,60
rating,16.741100507338086,base,none,60
composite,17.4110849327045,base,none,60
truth,15.832245457784115,base,none,60
pw,5.836312468418851,storm,none,60
beale,NA,storm,none,60
rating,16.31247822081971,storm,none,60
composite,17.48763014570625,storm,none,60
truth,13.68150021858677,storm,none,60
pw,10.462336581147152,unaltered,none,60
beale,NA,unaltered,none,60
rating,14.56666338062131,unaltered,none,60
composite,15.226303559071388,unaltered,none,60
truth,13.53081067237286,unaltered,none,60
pw,13.763792523218427,base,chemostatic,60
beale,NA,base,chemostatic,60
rating,16.005678920105513,base,chemostatic,60
composite,16.09072783342981,base,chemostatic,60
truth,15.82878473754011,base,chemostatic,60
pw,6.183077458399889,storm,chemostatic,60
beale,NA,storm,chemostatic,60
rating,13.979363579899394,storm,chemostatic,60
composite,14.064959590806081,storm,chemostatic,60
truth,13.72416935541476,storm,chemostatic,60
pw,11.083957177948854,unaltered,chemostatic,60
beale,NA,unaltered,chemostatic,60
rating,13.702805432826464,unaltered,chemostatic,60
composite,13.780114926922527,unaltered,chemostatic,60
truth,13.532775093232894,unaltered,chemostatic,60
pw,14.434118526843791,base,dilution,61
beale,NA,base,dilution,61
rating,12.193615268185418,base,dilution,61
composite,12.034483250806257,base,dilution,61
truth,12.53426778201972,base,dilution,61
pw,26.907163721910685,storm,dilution,61
beale,NA,storm,dilution,61
rating,13.121348350779655,storm,dilution,61
composite,14.356068854984473,storm,dilution,61
truth,17.686302111989853,storm,dilution,61
pw,15.216309495752256,unaltered,dilution,61
beale,NA,unaltered,dilution,61
rating,12.265941425081246,unaltered,dilution,61
composite,12.586246075506537,unaltered,dilution,61
truth,13.65731992334108,unaltered,dilution,61
pw,6.302460528484146,base,enrich,61
beale,NA,base,enrich,61
rating,13.463385864863104,base,enrich,61
composite,13.881206706521592,base,enrich,61
truth,14.995073573287616,base,enrich,61
pw,1.1766613664997734,storm,enrich,61
beale,NA,storm,enrich,61
rating,49.63878420247212,storm,enrich,61
composite,50.236836337670766,storm,enrich,61
truth,78.11324297798278,storm,enrich,61
pw,3.8454537163601477,unaltered,enrich,61
beale,NA,unaltered,enrich,61
rating,11.799501947900797,unaltered,enrich,61
composite,12.081676937974057,unaltered,enrich,61
truth,14.077881766406641,unaltered,enrich,61
pw,14.627038763018362,base,none,61
beale,NA,base,none,61
rating,17.933223522845804,base,none,61
composite,18.82058533979706,base,none,61
truth,15.94381740754202,base,none,61
pw,6.51353171088155,storm,none,61
beale,NA,storm,none,61
rating,17.262420482644277,storm,none,61
composite,18.097642396424455,storm,none,61
truth,13.73648037486534,storm,none,61
pw,11.613822576240203,unaltered,none,61
beale,NA,unaltered,none,61
rating,15.432634804725929,unaltered,none,61
composite,16.222562346347072,unaltered,none,61
truth,13.523025938254552,unaltered,none,61
pw,13.884298811232087,base,chemostatic,61
beale,NA,base,chemostatic,61
rating,16.104210471778732,base,chemostatic,61
composite,16.13249100716359,base,chemostatic,61
truth,15.984818847232143,base,chemostatic,61
pw,6.182783956173322,storm,chemostatic,61
beale,NA,storm,chemostatic,61
rating,14.086532675205312,storm,chemostatic,61
composite,14.135840784324573,storm,chemostatic,61
truth,13.793371331584819,storm,chemostatic,61
pw,11.024089400572391,unaltered,chemostatic,61
beale,NA,unaltered,chemostatic,61
rating,13.677985595470107,unaltered,chemostatic,61
composite,13.70556292008559,unaltered,chemostatic,61
truth,13.557883457671382,unaltered,chemostatic,61
pw,14.648187706859487,base,dilution,62
beale,NA,base,dilution,62
rating,12.416417020603824,base,dilution,62
composite,12.958589602324155,base,dilution,62
truth,12.564288986925643,base,dilution,62
pw,28.820235078281915,storm,dilution,62
beale,NA,storm,dilution,62
rating,13.540175344062536,storm,dilution,62
composite,12.351570648824627,storm,dilution,62
truth,17.255372854349247,storm,dilution,62
pw,15.795540677704782,unaltered,dilution,62
beale,NA,unaltered,dilution,62
rating,12.520687660169884,unaltered,dilution,62
composite,12.559368678027065,unaltered,dilution,62
truth,13.47867873867485,unaltered,dilution,62
pw,6.7332572946703335,base,enrich,62
beale,NA,base,enrich,62
rating,15.010246579273254,base,enrich,62
composite,15.391051779605677,base,enrich,62
truth,14.42941879755704,base,enrich,62
pw,1.2218613554746391,storm,enrich,62
beale,NA,storm,enrich,62
rating,53.946141764987246,storm,enrich,62
composite,54.83735870852157,storm,enrich,62
truth,77.00339607392151,storm,enrich,62
pw,3.924650804045647,unaltered,enrich,62
beale,NA,unaltered,enrich,62
rating,13.426717723062993,unaltered,enrich,62
composite,13.905392995340872,unaltered,enrich,62
truth,13.986955651736356,unaltered,enrich,62
pw,14.211616795334587,base,none,62
beale,NA,base,none,62
rating,15.691406305695397,base,none,62
composite,15.90582845629449,base,none,62
truth,16.013889694714777,base,none,62
pw,6.368359306375581,storm,none,62
beale,NA,storm,none,62
rating,13.856276883427304,storm,none,62
composite,13.899962308117669,storm,none,62
truth,13.856231829018654,storm,none,62
pw,11.343658655567692,unaltered,none,62
beale,NA,unaltered,none,62
rating,13.404006091376447,unaltered,none,62
composite,13.539459910021181,unaltered,none,62
truth,13.583670467857136,unaltered,none,62
pw,13.62791618789923,base,chemostatic,62
beale,NA,base,chemostatic,62
rating,16.184661560333147,base,chemostatic,62
composite,16.189515801752712,base,chemostatic,62
truth,15.981226127112889,base,chemostatic,62
pw,6.106797567902705,storm,chemostatic,62
beale,NA,storm,chemostatic,62
rating,14.582197700177945,storm,chemostatic,62
composite,14.594180845800592,storm,chemostatic,62
truth,13.802644268161597,storm,chemostatic,62
pw,10.877751043284768,unaltered,chemostatic,62
beale,NA,unaltered,chemostatic,62
rating,13.822432464944429,unaltered,chemostatic,62
composite,13.829802182333847,unaltered,chemostatic,62
truth,13.55216249275717,unaltered,chemostatic,62
pw,13.65469210724014,base,dilution,63
beale,NA,base,dilution,63
rating,11.711909975514946,base,dilution,63
composite,12.144187264811455,base,dilution,63
truth,12.34380722865426,base,dilution,63
pw,27.853231378138837,storm,dilution,63
beale,NA,storm,dilution,63
rating,13.311862148097168,storm,dilution,63
composite,13.913647688893754,storm,dilution,63
truth,17.47221319977782,storm,dilution,63
pw,15.379569820045965,unaltered,dilution,63
beale,NA,unaltered,dilution,63
rating,12.297448378388895,unaltered,dilution,63
composite,12.622757810460394,unaltered,dilution,63
truth,14.443482020887485,unaltered,dilution,63
pw,5.744528370900288,base,enrich,63
beale,NA,base,enrich,63
rating,14.97791259191107,base,enrich,63
composite,14.899979014948565,base,enrich,63
truth,13.812430390615198,base,enrich,63
pw,1.1485810985479359,storm,enrich,63
beale,NA,storm,enrich,63
rating,63.848376065818954,storm,enrich,63
composite,64.2703227530957,storm,enrich,63
truth,75.31921099777695,storm,enrich,63
pw,3.7932695659084006,unaltered,enrich,63
beale,NA,unaltered,enrich,63
rating,15.285483210257086,unaltered,enrich,63
composite,15.318419292325459,unaltered,enrich,63
truth,13.736576108903012,unaltered,enrich,63
pw,13.602249307735136,base,none,63
beale,NA,base,none,63
rating,15.000386662750856,base,none,63
composite,15.383206238198408,base,none,63
truth,15.671207800022184,base,none,63
pw,6.146020678411778,storm,none,63
beale,NA,storm,none,63
rating,12.781171573787674,storm,none,63
composite,12.509067491503233,storm,none,63
truth,13.682834424911123,storm,none,63
pw,11.01139514970498,unaltered,none,63
beale,NA,unaltered,none,63
rating,13.166112495010239,unaltered,none,63
composite,13.359226744202251,unaltered,none,63
truth,13.515442752974247,unaltered,none,63
pw,13.851888524677703,base,chemostatic,63
beale,NA,base,chemostatic,63
rating,16.015087155521417,base,chemostatic,63
composite,16.090642885303797,base,chemostatic,63
truth,15.68283125752442,base,chemostatic,63
pw,6.258817301584907,storm,chemostatic,63
beale,NA,storm,chemostatic,63
rating,14.167910056166122,storm,chemostatic,63
composite,14.270205213975572,storm,chemostatic,63
truth,13.72935225679069,storm,chemostatic,63
pw,11.213484965913121,unaltered,chemostatic,63
beale,NA,unaltered,chemostatic,63
rating,13.867851698575766,unaltered,chemostatic,63
composite,13.933097405508677,unaltered,chemostatic,63
truth,13.528746229414326,unaltered,chemostatic,63
pw,14.025561610337851,base,dilution,64
beale,NA,base,dilution,64
rating,11.744607519844191,base,dilution,64
composite,11.91847792297976,base,dilution,64
truth,12.519368618150668,base,dilution,64
pw,28.139944299641055,storm,dilution,64
beale,NA,storm,dilution,64
rating,12.866785364234762,storm,dilution,64
composite,13.689893463834094,storm,dilution,64
truth,17.458934809393035,storm,dilution,64
pw,15.1997019985003,unaltered,dilution,64
beale,NA,unaltered,dilution,64
rating,11.913982350571752,unaltered,dilution,64
composite,12.135445499939392,unaltered,dilution,64
truth,13.722295034627033,unaltered,dilution,64
pw,6.269360800851803,base,enrich,64
beale,NA,base,enrich,64
rating,15.476183557383788,base,enrich,64
composite,15.819941077426378,base,enrich,64
truth,14.608459160585873,base,enrich,64
pw,1.2324205376555855,storm,enrich,64
beale,NA,storm,enrich,64
rating,64.60656780622305,storm,enrich,64
composite,65.3548807368449,storm,enrich,64
truth,76.39924130888038,storm,enrich,64
pw,3.9639933564687713,unaltered,enrich,64
beale,NA,unaltered,enrich,64
rating,15.710244528440386,unaltered,enrich,64
composite,15.983254392969528,unaltered,enrich,64
truth,13.948070699353634,unaltered,enrich,64
pw,14.042992397464857,base,none,64
beale,NA,base,none,64
rating,15.289123206587027,base,none,64
composite,15.428059353838528,base,none,64
truth,16.0254453794413,base,none,64
pw,6.29286037478879,storm,none,64
beale,NA,storm,none,64
rating,13.361043811159195,storm,none,64
composite,13.351998316664636,storm,none,64
truth,13.892759111913673,storm,none,64
pw,11.206194740306804,unaltered,none,64
beale,NA,unaltered,none,64
rating,13.222727871341712,unaltered,none,64
composite,13.243209205294487,unaltered,none,64
truth,13.613683827146925,unaltered,none,64
pw,13.993195562110511,base,chemostatic,64
beale,NA,base,chemostatic,64
rating,15.933316695436032,base,chemostatic,64
composite,15.933215674398117,base,chemostatic,64
truth,15.958548232622906,base,chemostatic,64
pw,6.270545719683812,storm,chemostatic,64
beale,NA,storm,chemostatic,64
rating,13.585653974370608,storm,chemostatic,64
composite,13.562520654343096,storm,chemostatic,64
truth,13.803449365269438,storm,chemostatic,64
pw,11.166457267079052,unaltered,chemostatic,64
beale,NA,unaltered,chemostatic,64
rating,13.510623399153385,unaltered,chemostatic,64
composite,13.503521755706181,unaltered,chemostatic,64
truth,13.557477869868617,unaltered,chemostatic,64
pw,14.40008933017547,base,dilution,65
beale,NA,base,dilution,65
rating,12.000455003433716,base,dilution,65
composite,11.906174531600115,base,dilution,65
truth,12.434920096321967,base,dilution,65
pw,28.553749618096724,storm,dilution,65
beale,NA,storm,dilution,65
rating,13.001655237514585,storm,dilution,65
composite,12.620445153041352,storm,dilution,65
truth,17.232047515701154,storm,dilution,65
pw,15.590397977673268,unaltered,dilution,65
beale,NA,unaltered,dilution,65
rating,12.089516595684753,unaltered,dilution,65
composite,12.182603298446017,unaltered,dilution,65
truth,13.389352617283935,unaltered,dilution,65
pw,6.051764055226705,base,enrich,65
beale,NA,base,enrich,65
rating,12.809342049013429,base,enrich,65
composite,12.915380213625886,base,enrich,65
truth,13.737062547580706,base,enrich,65
pw,1.1434796185627656,storm,enrich,65
beale,NA,storm,enrich,65
rating,56.013348752619116,storm,enrich,65
composite,56.36452320510637,storm,enrich,65
truth,75.12347093563851,storm,enrich,65
pw,3.7475215757225615,unaltered,enrich,65
beale,NA,unaltered,enrich,65
rating,13.372630610024336,unaltered,enrich,65
composite,13.3619292686825,unaltered,enrich,65
truth,13.786376816466287,unaltered,enrich,65
pw,12.914922998120414,base,none,65
beale,NA,base,none,65
rating,14.91828870667906,base,none,65
composite,15.276845212313832,base,none,65
truth,15.804153469835224,base,none,65
pw,5.824430178900572,storm,none,65
beale,NA,storm,none,65
rating,14.51835963041976,storm,none,65
composite,14.275841155991257,storm,none,65
truth,13.778524425445806,storm,none,65
pw,10.38428273720679,unaltered,none,65
beale,NA,unaltered,none,65
rating,12.922292766309262,unaltered,none,65
composite,13.168302926663538,unaltered,none,65
truth,13.538540597242497,unaltered,none,65
pw,13.797353567762277,base,chemostatic,65
beale,NA,base,chemostatic,65
rating,15.599791256483854,base,chemostatic,65
composite,15.660394283915736,base,chemostatic,65
truth,15.795181492706696,base,chemostatic,65
pw,6.222392694151688,storm,chemostatic,65
beale,NA,storm,chemostatic,65
rating,13.37014642092359,storm,chemostatic,65
composite,13.5414668846467,storm,chemostatic,65
truth,13.750524404026228,storm,chemostatic,65
pw,11.093803694664237,unaltered,chemostatic,65
beale,NA,unaltered,chemostatic,65
rating,13.324367012235365,unaltered,chemostatic,65
composite,13.386868997105454,unaltered,chemostatic,65
truth,13.530082051225426,unaltered,chemostatic,65
pw,14.562693963613222,base,dilution,66
beale,NA,base,dilution,66
rating,11.847932016471281,base,dilution,66
composite,12.242695425778795,base,dilution,66
truth,12.29532262029517,base,dilution,66
pw,32.2441762920359,storm,dilution,66
beale,NA,storm,dilution,66
rating,13.458403657450086,storm,dilution,66
composite,11.593264744875569,storm,dilution,66
truth,17.54223643466042,storm,dilution,66
pw,16.996856397236616,unaltered,dilution,66
beale,NA,unaltered,dilution,66
rating,12.522701532829535,unaltered,dilution,66
composite,12.57546890628991,unaltered,dilution,66
truth,13.832619034138357,unaltered,dilution,66
pw,6.043465727213453,base,enrich,66
beale,NA,base,enrich,66
rating,19.26887373639463,base,enrich,66
composite,19.195532597078447,base,enrich,66
truth,14.601745159648914,base,enrich,66
pw,1.1843175124552954,storm,enrich,66
beale,NA,storm,enrich,66
rating,83.19631533117827,storm,enrich,66
composite,83.74697536916864,storm,enrich,66
truth,76.22753137426287,storm,enrich,66
pw,3.809815998612391,unaltered,enrich,66
beale,NA,unaltered,enrich,66
rating,18.84424154681219,unaltered,enrich,66
composite,18.97023937301428,unaltered,enrich,66
truth,13.741250138868805,unaltered,enrich,66
pw,13.81012563170902,base,none,66
beale,NA,base,none,66
rating,16.722380410962597,base,none,66
composite,17.029277513954092,base,none,66
truth,15.73440991642577,base,none,66
pw,6.225484702913089,storm,none,66
beale,NA,storm,none,66
rating,16.75656277558086,storm,none,66
composite,16.735677965745428,storm,none,66
truth,13.71951856650413,storm,none,66
pw,11.113054398425499,unaltered,none,66
beale,NA,unaltered,none,66
rating,14.733650525649407,unaltered,none,66
composite,14.93689712409617,unaltered,none,66
truth,13.511981003286301,unaltered,none,66
pw,13.593876923141329,base,chemostatic,66
beale,NA,base,chemostatic,66
rating,15.847338506729484,base,chemostatic,66
composite,15.791352456724791,base,chemostatic,66
truth,15.754071931470067,base,chemostatic,66
pw,6.1280016630686305,storm,chemostatic,66
beale,NA,storm,chemostatic,66
rating,14.183665568667115,storm,chemostatic,66
composite,14.085214658202446,storm,chemostatic,66
truth,13.770582245902203,storm,chemostatic,66
pw,10.939038337602403,unaltered,chemostatic,66
beale,NA,unaltered,chemostatic,66
rating,13.655745535247297,unaltered,chemostatic,66
composite,13.598905218608062,unaltered,chemostatic,66
truth,13.531392398821104,unaltered,chemostatic,66
pw,14.92108355889384,base,dilution,67
beale,NA,base,dilution,67
rating,12.407644895604948,base,dilution,67
composite,12.61421320296626,base,dilution,67
truth,12.474160476774873,base,dilution,67
pw,28.590203149732364,storm,dilution,67
beale,NA,storm,dilution,67
rating,13.227174410313735,storm,dilution,67
composite,12.7406586028867,storm,dilution,67
truth,17.615968963802178,storm,dilution,67
pw,15.666969509178397,unaltered,dilution,67
beale,NA,unaltered,dilution,67
rating,12.345502117747722,unaltered,dilution,67
composite,12.366662363939648,unaltered,dilution,67
truth,14.031278655175472,unaltered,dilution,67
pw,5.76667320213642,base,enrich,67
beale,NA,base,enrich,67
rating,13.857264220365098,base,enrich,67
composite,14.06120413785569,base,enrich,67
truth,14.412519150633479,base,enrich,67
pw,1.1180973142077362,storm,enrich,67
beale,NA,storm,enrich,67
rating,53.74186444285664,storm,enrich,67
composite,54.37844206711597,storm,enrich,67
truth,78.00775047725857,storm,enrich,67
pw,3.647177045612544,unaltered,enrich,67
beale,NA,unaltered,enrich,67
rating,12.787518894468546,unaltered,enrich,67
composite,13.026764604666655,unaltered,enrich,67
truth,14.013300214426742,unaltered,enrich,67
pw,13.554467722368429,base,none,67
beale,NA,base,none,67
rating,15.406249013935827,base,none,67
composite,16.081497092833384,base,none,67
truth,15.913704976113362,base,none,67
pw,6.058921308748307,storm,none,67
beale,NA,storm,none,67
rating,13.929771578489305,storm,none,67
composite,15.009460279104601,storm,none,67
truth,13.842617816523617,storm,none,67
pw,10.83187992814751,unaltered,none,67
beale,NA,unaltered,none,67
rating,13.311202028028813,unaltered,none,67
composite,13.93103215167628,unaltered,none,67
truth,13.587599294703342,unaltered,none,67
pw,14.002739529394063,base,chemostatic,67
beale,NA,base,chemostatic,67
rating,15.985056290862497,base,chemostatic,67
composite,16.012907797424628,base,chemostatic,67
truth,15.86563262390005,base,chemostatic,67
pw,6.25930126164137,storm,chemostatic,67
beale,NA,storm,chemostatic,67
rating,13.879718514398562,storm,chemostatic,67
composite,13.887990165038614,storm,chemostatic,67
truth,13.759485204852956,storm,chemostatic,67
pw,11.190110622877214,unaltered,chemostatic,67
beale,NA,unaltered,chemostatic,67
rating,13.642850118421627,unaltered,chemostatic,67
composite,13.663474047129714,unaltered,chemostatic,67
truth,13.540096697171771,unaltered,chemostatic,67
pw,15.025639083978035,base,dilution,68
beale,NA,base,dilution,68
rating,12.441723198432548,base,dilution,68
composite,12.57463673671862,base,dilution,68
truth,12.50708950048634,base,dilution,68
pw,28.410562110196274,storm,dilution,68
beale,NA,storm,dilution,68
rating,13.35597517713206,storm,dilution,68
composite,12.450011183468476,storm,dilution,68
truth,17.398822686770416,storm,dilution,68
pw,15.723062448425576,unaltered,dilution,68
beale,NA,unaltered,dilution,68
rating,12.486474481869971,unaltered,dilution,68
composite,12.762019371952858,unaltered,dilution,68
truth,13.349123222175344,unaltered,dilution,68
pw,6.0910595962194325,base,enrich,68
beale,NA,base,enrich,68
rating,15.932551593822339,base,enrich,68
composite,16.189815212484113,base,enrich,68
truth,14.58361734182721,base,enrich,68
pw,1.185361560324596,storm,enrich,68
beale,NA,storm,enrich,68
rating,64.50708770449593,storm,enrich,68
composite,65.0899491504658,storm,enrich,68
truth,75.83618671864056,storm,enrich,68
pw,3.8088853432879772,unaltered,enrich,68
beale,NA,unaltered,enrich,68
rating,14.76617725354656,unaltered,enrich,68
composite,14.914369594260657,unaltered,enrich,68
truth,13.89850215007225,unaltered,enrich,68
pw,14.182493962344308,base,none,68
beale,NA,base,none,68
rating,15.434119347800817,base,none,68
composite,16.10148895103562,base,none,68
truth,15.998149932367012,base,none,68
pw,6.356933294442396,storm,none,68
beale,NA,storm,none,68
rating,12.526281159840467,storm,none,68
composite,13.481999223416814,storm,none,68
truth,13.854236968308406,storm,none,68
pw,11.333672198042219,unaltered,none,68
beale,NA,unaltered,none,68
rating,12.983692981454448,unaltered,none,68
composite,13.594069981312794,unaltered,none,68
truth,13.574345262238525,unaltered,none,68
pw,13.88591792996105,base,chemostatic,68
beale,NA,base,chemostatic,68
rating,16.05147894968307,base,chemostatic,68
composite,16.036962153357127,base,chemostatic,68
truth,15.98197774843814,base,chemostatic,68
pw,6.224000817291592,storm,chemostatic,68
beale,NA,storm,chemostatic,68
rating,13.978083991277302,storm,chemostatic,68
composite,13.863378995540689,storm,chemostatic,68
truth,13.806709529430245,storm,chemostatic,68
pw,11.096669062927027,unaltered,chemostatic,68
beale,NA,unaltered,chemostatic,68
rating,13.628191808113476,unaltered,chemostatic,68
composite,13.608026698355184,unaltered,chemostatic,68
truth,13.55915793060422,unaltered,chemostatic,68
pw,14.169509950715419,base,dilution,69
beale,NA,base,dilution,69
rating,11.739800101207486,base,dilution,69
composite,11.443120554851841,base,dilution,69
truth,12.224095035673177,base,dilution,69
pw,26.878625381352453,storm,dilution,69
beale,NA,storm,dilution,69
rating,13.060789270920033,storm,dilution,69
composite,11.068330057827861,storm,dilution,69
truth,16.950012120276384,storm,dilution,69
pw,14.890146880722774,unaltered,dilution,69
beale,NA,unaltered,dilution,69
rating,11.88054488118126,unaltered,dilution,69
composite,11.810534045642596,unaltered,dilution,69
truth,13.226685593318937,unaltered,dilution,69
pw,5.1964928145742055,base,enrich,69
beale,NA,base,enrich,69
rating,13.84076889724642,base,enrich,69
composite,14.260904909614888,base,enrich,69
truth,13.848017841704756,base,enrich,69
pw,1.0002151598696685,storm,enrich,69
beale,NA,storm,enrich,69
rating,51.62381066898154,storm,enrich,69
composite,52.43510322219595,storm,enrich,69
truth,75.2439533444759,storm,enrich,69
pw,3.5467632625486694,unaltered,enrich,69
beale,NA,unaltered,enrich,69
rating,13.428860822141015,unaltered,enrich,69
composite,13.751143021784305,unaltered,enrich,69
truth,13.63618804819436,unaltered,enrich,69
pw,14.343146501166272,base,none,69
beale,NA,base,none,69
rating,15.058832522800252,base,none,69
composite,15.473134692577624,base,none,69
truth,15.61554679304837,base,none,69
pw,6.5187423937478775,storm,none,69
beale,NA,storm,none,69
rating,11.477728009926325,storm,none,69
composite,11.632210994605403,storm,none,69
truth,13.726265202840617,storm,none,69
pw,11.67242871966124,unaltered,none,69
beale,NA,unaltered,none,69
rating,12.73372223596225,unaltered,none,69
composite,13.08528267936609,unaltered,none,69
truth,13.51222051178992,unaltered,none,69
pw,13.611659376675393,base,chemostatic,69
beale,NA,base,chemostatic,69
rating,15.732173007848496,base,chemostatic,69
composite,15.746074824727582,base,chemostatic,69
truth,15.625024568706701,base,chemostatic,69
pw,6.186292597706842,storm,chemostatic,69
beale,NA,storm,chemostatic,69
rating,13.886331912770714,storm,chemostatic,69
composite,13.9139909946757,storm,chemostatic,69
truth,13.73653012682338,storm,chemostatic,69
pw,11.0771457167807,unaltered,chemostatic,69
beale,NA,unaltered,chemostatic,69
rating,13.60595714712685,unaltered,chemostatic,69
composite,13.625675965530656,unaltered,chemostatic,69
truth,13.521102584284366,unaltered,chemostatic,69
pw,14.489532438777527,base,dilution,70
beale,NA,base,dilution,70
rating,12.215707547511741,base,dilution,70
composite,12.23775881515915,base,dilution,70
truth,12.271788227608027,base,dilution,70
pw,29.34110920575108,storm,dilution,70
beale,NA,storm,dilution,70
rating,13.4637688706843,storm,dilution,70
composite,16.008546621895746,storm,dilution,70
truth,79.24529006144493,storm,dilution,70
pw,15.997377476657235,unaltered,dilution,70
beale,NA,unaltered,dilution,70
rating,12.509148243815844,unaltered,dilution,70
composite,13.013641664375163,unaltered,dilution,70
truth,13.251163583502983,unaltered,dilution,70
pw,5.8258074415154795,base,enrich,70
beale,NA,base,enrich,70
rating,13.618604635166689,base,enrich,70
composite,13.786535491463871,base,enrich,70
truth,14.121733901407483,base,enrich,70
pw,1.147935965496047,storm,enrich,70
beale,NA,storm,enrich,70
rating,62.929404738060406,storm,enrich,70
composite,63.37574310374789,storm,enrich,70
truth,76.62054383640333,storm,enrich,70
pw,3.765304797481585,unaltered,enrich,70
beale,NA,unaltered,enrich,70
rating,14.693424501334924,unaltered,enrich,70
composite,14.751303275188684,unaltered,enrich,70
truth,13.821488892336077,unaltered,enrich,70
pw,13.216609248267295,base,none,70
beale,NA,base,none,70
rating,15.99415752438437,base,none,70
composite,15.791023288726498,base,none,70
truth,15.659207926069515,base,none,70
pw,6.02812618656279,storm,none,70
beale,NA,storm,none,70
rating,15.659170014016771,storm,none,70
composite,14.695697323788853,storm,none,70
truth,13.742715323065287,storm,none,70
pw,10.782959435184877,unaltered,none,70
beale,NA,unaltered,none,70
rating,14.030440333472672,unaltered,none,70
composite,13.718101443191271,unaltered,none,70
truth,13.520713761316461,unaltered,none,70
pw,13.400702315509813,base,chemostatic,70
beale,NA,base,chemostatic,70
rating,15.939781178515569,base,chemostatic,70
composite,15.948696723190418,base,chemostatic,70
truth,15.679488519799785,base,chemostatic,70
pw,6.112091462267283,storm,chemostatic,70
beale,NA,storm,chemostatic,70
rating,14.643566769798847,storm,chemostatic,70
composite,14.575236422238573,storm,chemostatic,70
truth,13.773006601614041,storm,chemostatic,70
pw,10.933154393595643,unaltered,chemostatic,70
beale,NA,unaltered,chemostatic,70
rating,13.87018101632878,unaltered,chemostatic,70
composite,13.864149225152254,unaltered,chemostatic,70
truth,13.542866302996359,unaltered,chemostatic,70
pw,14.301792127081896,base,dilution,71
beale,NA,base,dilution,71
rating,11.989024404841775,base,dilution,71
composite,12.176643575298042,base,dilution,71
truth,12.460034068410375,base,dilution,71
pw,27.615987350558836,storm,dilution,71
beale,NA,storm,dilution,71
rating,13.051400247961485,storm,dilution,71
composite,12.262020179009664,storm,dilution,71
truth,17.6111631102814,storm,dilution,71
pw,15.235664898290352,unaltered,dilution,71
beale,NA,unaltered,dilution,71
rating,12.14476771391533,unaltered,dilution,71
composite,12.198824608328646,unaltered,dilution,71
truth,13.730753445534791,unaltered,dilution,71
pw,5.8610854097240725,base,enrich,71
beale,NA,base,enrich,71
rating,14.832742845699268,base,enrich,71
composite,14.930934215189012,base,enrich,71
truth,14.49970846002494,base,enrich,71
pw,1.1320745239466927,storm,enrich,71
beale,NA,storm,enrich,71
rating,65.44232739582296,storm,enrich,71
composite,65.92673490977296,storm,enrich,71
truth,76.03984587253292,storm,enrich,71
pw,3.666658008496184,unaltered,enrich,71
beale,NA,unaltered,enrich,71
rating,15.17489696122661,unaltered,enrich,71
composite,15.257108821807122,unaltered,enrich,71
truth,13.911273874488451,unaltered,enrich,71
pw,16.044745079176074,base,none,71
beale,NA,base,none,71
rating,16.435267469554923,base,none,71
composite,17.239622453381365,base,none,71
truth,15.942164918542217,base,none,71
pw,7.2000659069244355,storm,none,71
beale,NA,storm,none,71
rating,11.20099078366176,storm,none,71
composite,12.31040142058743,storm,none,71
truth,13.763269099528813,storm,none,71
pw,12.882309433463297,unaltered,none,71
beale,NA,unaltered,none,71
rating,13.513127630202737,unaltered,none,71
composite,14.278660650304028,unaltered,none,71
truth,13.559068742792624,unaltered,none,71
pw,13.503096951893882,base,chemostatic,71
beale,NA,base,chemostatic,71
rating,15.536404439021801,base,chemostatic,71
composite,15.558943392928954,base,chemostatic,71
truth,15.931866323146172,base,chemostatic,71
pw,6.059503440002238,storm,chemostatic,71
beale,NA,storm,chemostatic,71
rating,13.241599149741685,storm,chemostatic,71
composite,13.260469405067257,storm,chemostatic,71
truth,13.742170213726633,storm,chemostatic,71
pw,10.841622748504568,unaltered,chemostatic,71
beale,NA,unaltered,chemostatic,71
rating,13.211858770274798,unaltered,chemostatic,71
composite,13.23002710203125,unaltered,chemostatic,71
truth,13.548573805044816,unaltered,chemostatic,71
pw,15.187139234151365,base,dilution,72
beale,NA,base,dilution,72
rating,12.62866627142428,base,dilution,72
composite,12.673409004276795,base,dilution,72
truth,12.505157398554251,base,dilution,72
pw,30.652628265078373,storm,dilution,72
beale,NA,storm,dilution,72
rating,13.764294284507415,storm,dilution,72
composite,11.177473907907041,storm,dilution,72
truth,17.22391736535787,storm,dilution,72
pw,16.623611684064546,unaltered,dilution,72
beale,NA,unaltered,dilution,72
rating,12.799027974266636,unaltered,dilution,72
composite,12.607601301184445,unaltered,dilution,72
truth,13.365164865825484,unaltered,dilution,72
pw,6.288301720582601,base,enrich,72
beale,NA,base,enrich,72
rating,15.576684555893792,base,enrich,72
composite,15.83232743816872,base,enrich,72
truth,15.05210419109224,base,enrich,72
pw,1.168776435726279,storm,enrich,72
beale,NA,storm,enrich,72
rating,64.22260485353227,storm,enrich,72
composite,64.84146561655693,storm,enrich,72
truth,77.65390388464395,storm,enrich,72
pw,3.781159201680176,unaltered,enrich,72
beale,NA,unaltered,enrich,72
rating,14.953872582616192,unaltered,enrich,72
composite,15.191557176473838,unaltered,enrich,72
truth,14.127518299130035,unaltered,enrich,72
pw,13.703119094216548,base,none,72
beale,NA,base,none,72
rating,16.06591430981648,base,none,72
composite,16.488874751104966,base,none,72
truth,16.038633117976968,base,none,72
pw,6.152813967804112,storm,none,72
beale,NA,storm,none,72
rating,13.786469877886567,storm,none,72
composite,14.165690459488648,storm,none,72
truth,13.732455614181312,storm,none,72
pw,11.026422410078506,unaltered,none,72
beale,NA,unaltered,none,72
rating,13.459611859882134,unaltered,none,72
composite,13.834339980645924,unaltered,none,72
truth,13.536039179291949,unaltered,none,72
pw,13.871685007719694,base,chemostatic,72
beale,NA,base,chemostatic,72
rating,16.311719166088693,base,chemostatic,72
composite,16.38738775423551,base,chemostatic,72
truth,16.070953173105995,base,chemostatic,72
pw,6.22850145909473,storm,chemostatic,72
beale,NA,storm,chemostatic,72
rating,14.044107227280987,storm,chemostatic,72
composite,14.083859505853141,storm,chemostatic,72
truth,13.793743457276781,storm,chemostatic,72
pw,11.162061526504994,unaltered,chemostatic,72
beale,NA,unaltered,chemostatic,72
rating,13.771219356666668,unaltered,chemostatic,72
composite,13.842318878628172,unaltered,chemostatic,72
truth,13.56719470179287,unaltered,chemostatic,72
pw,14.160473215802046,base,dilution,73
beale,NA,base,dilution,73
rating,11.723809489242248,base,dilution,73
composite,11.936176491840662,base,dilution,73
truth,12.460740465868309,base,dilution,73
pw,27.19718887064522,storm,dilution,73
beale,NA,storm,dilution,73
rating,12.58531848385963,storm,dilution,73
composite,13.600921388183853,storm,dilution,73
truth,17.12971873268207,storm,dilution,73
pw,14.99768733301318,unaltered,dilution,73
beale,NA,unaltered,dilution,73
rating,11.806498071923922,unaltered,dilution,73
composite,11.968440154106904,unaltered,dilution,73
truth,13.448935080272378,unaltered,dilution,73
pw,6.037771071415357,base,enrich,73
beale,NA,base,enrich,73
rating,15.057948300187936,base,enrich,73
composite,15.107872378756845,base,enrich,73
truth,14.258083970011445,base,enrich,73
pw,1.1471868284990163,storm,enrich,73
beale,NA,storm,enrich,73
rating,59.21203211544727,storm,enrich,73
composite,59.75191844406623,storm,enrich,73
truth,76.41216455636224,storm,enrich,73
pw,3.7452850444213377,unaltered,enrich,73
beale,NA,unaltered,enrich,73
rating,13.31218776062986,unaltered,enrich,73
composite,13.49002437307612,unaltered,enrich,73
truth,13.917666593706898,unaltered,enrich,73
pw,13.640144931635112,base,none,73
beale,NA,base,none,73
rating,14.091854838926624,base,none,73
composite,15.045018243089688,base,none,73
truth,15.817085338047516,base,none,73
pw,6.132487868266771,storm,none,73
beale,NA,storm,none,73
rating,10.248949372183635,storm,none,73
composite,11.256902235673536,storm,none,73
truth,13.685555182063302,storm,none,73
pw,10.994464461206418,unaltered,none,73
beale,NA,unaltered,none,73
rating,11.633478935478905,unaltered,none,73
composite,12.520096954552558,unaltered,none,73
truth,13.520507207087258,unaltered,none,73
pw,13.5546402717772,base,chemostatic,73
beale,NA,base,chemostatic,73
rating,15.746289568352708,base,chemostatic,73
composite,15.772276386417879,base,chemostatic,73
truth,15.829638440031173,base,chemostatic,73
pw,6.094045733532351,storm,chemostatic,73
beale,NA,storm,chemostatic,73
rating,13.677047883078899,storm,chemostatic,73
composite,13.630105726119854,storm,chemostatic,73
truth,13.729402190387955,storm,chemostatic,73
pw,10.925544523127531,unaltered,chemostatic,73
beale,NA,unaltered,chemostatic,73
rating,13.470868842242803,unaltered,chemostatic,73
composite,13.488544970487,unaltered,chemostatic,73
truth,13.534934298197772,unaltered,chemostatic,73
pw,14.164386326855357,base,dilution,74
beale,NA,base,dilution,74
rating,11.863909931532666,base,dilution,74
composite,12.425979732382315,base,dilution,74
truth,12.368188621512324,base,dilution,74
pw,29.28193974981302,storm,dilution,74
beale,NA,storm,dilution,74
rating,13.39294081927092,storm,dilution,74
composite,15.917918868132901,storm,dilution,74
truth,18.670420967239618,storm,dilution,74
pw,15.900821645379649,unaltered,dilution,74
beale,NA,unaltered,dilution,74
rating,12.441147727047385,unaltered,dilution,74
composite,12.951612551851454,unaltered,dilution,74
truth,13.38465323086541,unaltered,dilution,74
pw,5.431752554874073,base,enrich,74
beale,NA,base,enrich,74
rating,13.853620471177392,base,enrich,74
composite,13.57305765754575,base,enrich,74
truth,13.891124533912459,base,enrich,74
pw,1.118675695458448,storm,enrich,74
beale,NA,storm,enrich,74
rating,56.81798487014407,storm,enrich,74
composite,57.052933237663126,storm,enrich,74
truth,74.99847646714782,storm,enrich,74
pw,3.6865276775930083,unaltered,enrich,74
beale,NA,unaltered,enrich,74
rating,13.297015561731628,unaltered,enrich,74
composite,13.210148109125539,unaltered,enrich,74
truth,13.723941326932175,unaltered,enrich,74
pw,14.066352205271327,base,none,74
beale,NA,base,none,74
rating,17.827349252457527,base,none,74
composite,18.164683719958937,base,none,74
truth,15.75891843797605,base,none,74
pw,6.327120139984481,storm,none,74
beale,NA,storm,none,74
rating,19.04372324830591,storm,none,74
composite,19.642335606756244,storm,none,74
truth,13.741489510065891,storm,none,74
pw,11.319519508166138,unaltered,none,74
beale,NA,unaltered,none,74
rating,15.844921126901493,unaltered,none,74
composite,16.15608163364545,unaltered,none,74
truth,13.549482738266539,unaltered,none,74
pw,13.777683655503145,base,chemostatic,74
beale,NA,base,chemostatic,74
rating,15.63668198348409,base,chemostatic,74
composite,15.698046301986972,base,chemostatic,74
truth,15.739181324192153,base,chemostatic,74
pw,6.197275488836478,storm,chemostatic,74
beale,NA,storm,chemostatic,74
rating,13.343644291912502,storm,chemostatic,74
composite,13.430900462065575,storm,chemostatic,74
truth,13.700692250005941,storm,chemostatic,74
pw,11.087221238308338,unaltered,chemostatic,74
beale,NA,unaltered,chemostatic,74
rating,13.394724178750437,unaltered,chemostatic,74
composite,13.457132290863619,unaltered,chemostatic,74
truth,13.528940342274945,unaltered,chemostatic,74
pw,14.27118245430191,base,dilution,75
beale,NA,base,dilution,75
rating,11.878621820260161,base,dilution,75
composite,11.740858705084346,base,dilution,75
truth,12.218338538578118,base,dilution,75
pw,27.801493811955975,storm,dilution,75
beale,NA,storm,dilution,75
rating,12.699572936830018,storm,dilution,75
composite,12.689494497967273,storm,dilution,75
truth,16.99842821712089,storm,dilution,75
pw,15.096364223268745,unaltered,dilution,75
beale,NA,unaltered,dilution,75
rating,11.754050411534452,unaltered,dilution,75
composite,11.81176517718286,unaltered,dilution,75
truth,13.208416975917538,unaltered,dilution,75
pw,5.609475701460433,base,enrich,75
beale,NA,base,enrich,75
rating,12.140424464604772,base,enrich,75
composite,12.403514375289678,base,enrich,75
truth,13.72104473105263,base,enrich,75
pw,1.1155870044025231,storm,enrich,75
beale,NA,storm,enrich,75
rating,51.11808338862353,storm,enrich,75
composite,51.633275533449755,storm,enrich,75
truth,73.65656307457164,storm,enrich,75
pw,3.699746762049703,unaltered,enrich,75
beale,NA,unaltered,enrich,75
rating,12.791205252566236,unaltered,enrich,75
composite,12.986559907441482,unaltered,enrich,75
truth,13.523241177227167,unaltered,enrich,75
pw,13.522638059556838,base,none,75
beale,NA,base,none,75
rating,14.901076313764149,base,none,75
composite,15.239345021752419,base,none,75
truth,15.567011627018443,base,none,75
pw,6.118605566106242,storm,none,75
beale,NA,storm,none,75
rating,12.967702272680771,storm,none,75
composite,13.017467814086292,storm,none,75
truth,13.701326750862652,storm,none,75
pw,10.942940073494952,unaltered,none,75
beale,NA,unaltered,none,75
rating,12.896703746155874,unaltered,none,75
composite,13.169903268929396,unaltered,none,75
truth,13.482556155148687,unaltered,none,75
pw,13.740999049878145,base,chemostatic,75
beale,NA,base,chemostatic,75
rating,15.61770758347147,base,chemostatic,75
composite,15.586139630441462,base,chemostatic,75
truth,15.604001546917077,base,chemostatic,75
pw,6.217407646359821,storm,chemostatic,75
beale,NA,storm,chemostatic,75
rating,13.645356831258182,storm,chemostatic,75
composite,13.446146137965457,storm,chemostatic,75
truth,13.736935751102925,storm,chemostatic,75
pw,11.119644590834774,unaltered,chemostatic,75
beale,NA,unaltered,chemostatic,75
rating,13.494106354336733,unaltered,chemostatic,75
composite,13.450769027168455,unaltered,chemostatic,75
truth,13.518933380286732,unaltered,chemostatic,75
pw,14.08353848736571,base,dilution,76
beale,NA,base,dilution,76
rating,12.065120095090279,base,dilution,76
composite,11.79688959169546,base,dilution,76
truth,12.36745192999633,base,dilution,76
pw,27.090553609656883,storm,dilution,76
beale,NA,storm,dilution,76
rating,12.774020772367145,storm,dilution,76
composite,16.930929419078655,storm,dilution,76
truth,17.23063846360931,storm,dilution,76
pw,14.980192315282912,unaltered,dilution,76
beale,NA,unaltered,dilution,76
rating,11.869868434813919,unaltered,dilution,76
composite,12.51595488820565,unaltered,dilution,76
truth,13.439938332917402,unaltered,dilution,76
pw,5.3959221457197275,base,enrich,76
beale,NA,base,enrich,76
rating,14.096570254176235,base,enrich,76
composite,14.22758665839606,base,enrich,76
truth,14.253416284759517,base,enrich,76
pw,1.1547984610986968,storm,enrich,76
beale,NA,storm,enrich,76
rating,60.49120036013974,storm,enrich,76
composite,61.134214808078575,storm,enrich,76
truth,76.19877888474282,storm,enrich,76
pw,3.7782414310723333,unaltered,enrich,76
beale,NA,unaltered,enrich,76
rating,14.222259613148065,unaltered,enrich,76
composite,14.474358127396563,unaltered,enrich,76
truth,13.830318107217503,unaltered,enrich,76
pw,13.298889413722728,base,none,76
beale,NA,base,none,76
rating,16.09362102874274,base,none,76
composite,16.64633858026622,base,none,76
truth,15.745545988518899,base,none,76
pw,6.0301212266384505,storm,none,76
beale,NA,storm,none,76
rating,15.28257746201606,storm,none,76
composite,16.07055437036317,storm,none,76
truth,13.72093276738082,storm,none,76
pw,10.811755153238805,unaltered,none,76
beale,NA,unaltered,none,76
rating,13.927040545621962,unaltered,none,76
composite,14.470012886012599,unaltered,none,76
truth,13.515434073406944,unaltered,none,76
pw,13.54322696487042,base,chemostatic,76
beale,NA,base,chemostatic,76
rating,15.603120151660548,base,chemostatic,76
composite,15.533585888212173,base,chemostatic,76
truth,15.762495388380556,base,chemostatic,76
pw,6.140911309013316,storm,chemostatic,76
beale,NA,storm,chemostatic,76
rating,13.506328295254384,storm,chemostatic,76
composite,13.35170145177109,storm,chemostatic,76
truth,13.707688471115427,storm,chemostatic,76
pw,11.010397137209656,unaltered,chemostatic,76
beale,NA,unaltered,chemostatic,76
rating,13.363888893840112,unaltered,chemostatic,76
composite,13.294343752106402,unaltered,chemostatic,76
truth,13.526074626520925,unaltered,chemostatic,76
pw,14.591776766885697,base,dilution,77
beale,NA,base,dilution,77
rating,12.143066193070387,base,dilution,77
composite,12.29842816891076,base,dilution,77
truth,12.196397619103596,base,dilution,77
pw,28.1776437260142,storm,dilution,77
beale,NA,storm,dilution,77
rating,13.261590017746016,storm,dilution,77
composite,13.854050479353331,storm,dilution,77
truth,17.23413282762299,storm,dilution,77
pw,15.51896704393814,unaltered,dilution,77
beale,NA,unaltered,dilution,77
rating,12.314029550448025,unaltered,dilution,77
composite,12.48903630601497,unaltered,dilution,77
truth,13.435243960422511,unaltered,dilution,77
pw,5.2788627005742335,base,enrich,77
beale,NA,base,enrich,77
rating,13.857941501631222,base,enrich,77
composite,14.070905900538987,base,enrich,77
truth,14.052388960220268,base,enrich,77
pw,1.1337118719324768,storm,enrich,77
beale,NA,storm,enrich,77
rating,56.19413092176229,storm,enrich,77
composite,56.81634444817329,storm,enrich,77
truth,74.26508787095598,storm,enrich,77
pw,3.705197102682609,unaltered,enrich,77
beale,NA,unaltered,enrich,77
rating,13.465289191164619,unaltered,enrich,77
composite,13.6836829131066,unaltered,enrich,77
truth,13.63094903762052,unaltered,enrich,77
pw,13.98646270896682,base,none,77
beale,NA,base,none,77
rating,16.70284025443167,base,none,77
composite,16.864744404683126,base,none,77
truth,15.642342120267232,base,none,77
pw,6.365208909311289,storm,none,77
beale,NA,storm,none,77
rating,16.932087837588227,storm,none,77
composite,16.75565305015717,storm,none,77
truth,13.632625029351614,storm,none,77
pw,11.383696712035833,unaltered,none,77
beale,NA,unaltered,none,77
rating,14.730950992757231,unaltered,none,77
composite,14.781637727724267,unaltered,none,77
truth,13.483587342984755,unaltered,none,77
pw,13.445085492868785,base,chemostatic,77
beale,NA,base,chemostatic,77
rating,15.647408123244603,base,chemostatic,77
composite,15.698202301513476,base,chemostatic,77
truth,15.68283768638974,base,chemostatic,77
pw,6.118829309915075,storm,chemostatic,77
beale,NA,storm,chemostatic,77
rating,13.98834574850984,storm,chemostatic,77
composite,13.97504665731713,storm,chemostatic,77
truth,13.721782181057145,storm,chemostatic,77
pw,10.943065355623233,unaltered,chemostatic,77
beale,NA,unaltered,chemostatic,77
rating,13.534830937747811,unaltered,chemostatic,77
composite,13.568349479089688,unaltered,chemostatic,77
truth,13.525529835869014,unaltered,chemostatic,77
pw,13.752537032225371,base,dilution,78
beale,NA,base,dilution,78
rating,11.652346731094795,base,dilution,78
composite,11.57793070970972,base,dilution,78
truth,12.397834752942027,base,dilution,78
pw,26.250608173181213,storm,dilution,78
beale,NA,storm,dilution,78
rating,12.814087966199116,storm,dilution,78
composite,10.896107532931563,storm,dilution,78
truth,17.130606344061082,storm,dilution,78
pw,14.590075772351048,unaltered,dilution,78
beale,NA,unaltered,dilution,78
rating,11.831527881341998,unaltered,dilution,78
composite,11.672149048320852,unaltered,dilution,78
truth,13.36713166325453,unaltered,dilution,78
pw,5.722231677543894,base,enrich,78
beale,NA,base,enrich,78
rating,16.671737143428913,base,enrich,78
composite,16.8605666833724,base,enrich,78
truth,14.184822007199246,base,enrich,78
pw,1.2158007977388492,storm,enrich,78
beale,NA,storm,enrich,78
rating,76.78443386617515,storm,enrich,78
composite,77.38244816722597,storm,enrich,78
truth,76.91096454088023,storm,enrich,78
pw,3.943204594439741,unaltered,enrich,78
beale,NA,unaltered,enrich,78
rating,17.62793493516538,unaltered,enrich,78
composite,17.78990739205165,unaltered,enrich,78
truth,13.899715343237457,unaltered,enrich,78
pw,13.363937277631976,base,none,78
beale,NA,base,none,78
rating,14.340040269987542,base,none,78
composite,14.442214677138528,base,none,78
truth,15.741921428161348,base,none,78
pw,6.007975272498971,storm,none,78
beale,NA,storm,none,78
rating,11.881410663539043,storm,none,78
composite,11.175744394376293,storm,none,78
truth,13.683483937189497,storm,none,78
pw,10.756278567187344,unaltered,none,78
beale,NA,unaltered,none,78
rating,12.206086407372279,unaltered,none,78
composite,12.193168880621444,unaltered,none,78
truth,13.511059779083833,unaltered,none,78
pw,13.76939945081076,base,chemostatic,78
beale,NA,base,chemostatic,78
rating,15.4094409484838,base,chemostatic,78
composite,15.382499071069738,base,chemostatic,78
truth,15.774094372991177,base,chemostatic,78
pw,6.190257384408395,storm,chemostatic,78
beale,NA,storm,chemostatic,78
rating,13.060931161600374,storm,chemostatic,78
composite,12.963214048810233,storm,chemostatic,78
truth,13.762520832828725,storm,chemostatic,78
pw,11.082624313397021,unaltered,chemostatic,78
beale,NA,unaltered,chemostatic,78
rating,13.171379280093817,unaltered,chemostatic,78
composite,13.134004488665838,unaltered,chemostatic,78
truth,13.545004138646462,unaltered,chemostatic,78
pw,15.15939212919115,base,dilution,79
beale,NA,base,dilution,79
rating,12.697996808666742,base,dilution,79
composite,12.70698529044023,base,dilution,79
truth,12.547163587178233,base,dilution,79
pw,28.961771703979444,storm,dilution,79
beale,NA,storm,dilution,79
rating,13.444434576897857,storm,dilution,79
composite,14.264925525251119,storm,dilution,79
truth,19.173425205834707,storm,dilution,79
pw,15.784794239975495,unaltered,dilution,79
beale,NA,unaltered,dilution,79
rating,12.483435360431182,unaltered,dilution,79
composite,12.776925913713598,unaltered,dilution,79
truth,13.607841458627865,unaltered,dilution,79
pw,6.254182094446405,base,enrich,79
beale,NA,base,enrich,79
rating,13.15757464168825,base,enrich,79
composite,13.544609936900734,base,enrich,79
truth,13.67497864671281,base,enrich,79
pw,1.225483188550095,storm,enrich,79
beale,NA,storm,enrich,79
rating,51.847802966604576,storm,enrich,79
composite,52.45348935663885,storm,enrich,79
truth,74.98434335422435,storm,enrich,79
pw,3.8669343111137664,unaltered,enrich,79
beale,NA,unaltered,enrich,79
rating,13.152277433306379,unaltered,enrich,79
composite,13.362357204484558,unaltered,enrich,79
truth,13.842808627145706,unaltered,enrich,79
pw,14.474065603475182,base,none,79
beale,NA,base,none,79
rating,15.357478089046221,base,none,79
composite,15.591835365475069,base,none,79
truth,15.840164908293458,base,none,79
pw,6.453650107209871,storm,none,79
beale,NA,storm,none,79
rating,12.67215308030177,storm,none,79
composite,13.269993280970224,storm,none,79
truth,13.69926099178479,storm,none,79
pw,11.44579042851477,unaltered,none,79
beale,NA,unaltered,none,79
rating,13.001800126483163,unaltered,none,79
composite,13.240735825111702,unaltered,none,79
truth,13.519669950968378,unaltered,none,79
pw,14.052406943827132,base,chemostatic,79
beale,NA,base,chemostatic,79
rating,16.027265895714695,base,chemostatic,79
composite,16.098844711678126,base,chemostatic,79
truth,15.872102242772863,base,chemostatic,79
pw,6.265642291811394,storm,chemostatic,79
beale,NA,storm,chemostatic,79
rating,14.011554115293347,storm,chemostatic,79
composite,14.186458117862692,storm,chemostatic,79
truth,13.803148838404345,storm,chemostatic,79
pw,11.112351519025424,unaltered,chemostatic,79
beale,NA,unaltered,chemostatic,79
rating,13.7081244295864,unaltered,chemostatic,79
composite,13.783662102311304,unaltered,chemostatic,79
truth,13.558563938784383,unaltered,chemostatic,79
pw,13.492884314139827,base,dilution,80
beale,NA,base,dilution,80
rating,11.266471234252045,base,dilution,80
composite,11.669566437484553,base,dilution,80
truth,12.283455831790064,base,dilution,80
pw,27.096554289053035,storm,dilution,80
beale,NA,storm,dilution,80
rating,12.721466251856555,storm,dilution,80
composite,13.222728189753475,storm,dilution,80
truth,17.22458221996827,storm,dilution,80
pw,14.884854170362296,unaltered,dilution,80
beale,NA,unaltered,dilution,80
rating,11.813757245771486,unaltered,dilution,80
composite,12.14166690626427,unaltered,dilution,80
truth,13.293078558240463,unaltered,dilution,80
pw,6.499371540127622,base,enrich,80
beale,NA,base,enrich,80
rating,14.666052614586546,base,enrich,80
composite,14.730382782620142,base,enrich,80
truth,13.698663824335986,base,enrich,80
pw,1.3443858866414622,storm,enrich,80
beale,NA,storm,enrich,80
rating,60.85577848871669,storm,enrich,80
composite,61.63724630108535,storm,enrich,80
truth,75.60950743081014,storm,enrich,80
pw,4.147772984202994,unaltered,enrich,80
beale,NA,unaltered,enrich,80
rating,14.761884385713625,unaltered,enrich,80
composite,15.047511129014657,unaltered,enrich,80
truth,13.713180258624748,unaltered,enrich,80
pw,12.520352151531606,base,none,80
beale,NA,base,none,80
rating,12.463180697463923,base,none,80
composite,12.595415454452016,base,none,80
truth,15.605732942941385,base,none,80
pw,5.66554727002336,storm,none,80
beale,NA,storm,none,80
rating,9.136186622736208,storm,none,80
composite,8.933013321461972,storm,none,80
truth,13.661310195914936,storm,none,80
pw,10.129383629398552,unaltered,none,80
beale,NA,unaltered,none,80
rating,10.469100068069746,unaltered,none,80
composite,10.54601807163958,unaltered,none,80
truth,13.498203055920193,unaltered,none,80
pw,13.476227222352142,base,chemostatic,80
beale,NA,base,chemostatic,80
rating,15.416159921633579,base,chemostatic,80
composite,15.507392695814824,base,chemostatic,80
truth,15.627099091525709,base,chemostatic,80
pw,6.0980874519948545,storm,chemostatic,80
beale,NA,storm,chemostatic,80
rating,13.503213135730725,storm,chemostatic,80
composite,13.535553481686724,storm,chemostatic,80
truth,13.731141013648182,storm,chemostatic,80
pw,10.902718530600612,unaltered,chemostatic,80
beale,NA,unaltered,chemostatic,80
rating,13.332794985407453,unaltered,chemostatic,80
composite,13.410525258457028,unaltered,chemostatic,80
truth,13.520235198425615,unaltered,chemostatic,80
pw,14.713318649306757,base,dilution,81
beale,NA,base,dilution,81
rating,12.364865111096988,base,dilution,81
composite,12.247799166474552,base,dilution,81
truth,12.534507907950752,base,dilution,81
pw,28.212057612726408,storm,dilution,81
beale,NA,storm,dilution,81
rating,13.195987158292212,storm,dilution,81
composite,11.603557229217097,storm,dilution,81
truth,17.720048077142486,storm,dilution,81
pw,15.476807507933733,unaltered,dilution,81
beale,NA,unaltered,dilution,81
rating,12.245943070433636,unaltered,dilution,81
composite,12.26195907956969,unaltered,dilution,81
truth,13.784321362371436,unaltered,dilution,81
pw,6.497354061844968,base,enrich,81
beale,NA,base,enrich,81
rating,13.83191746165857,base,enrich,81
composite,14.119962526109472,base,enrich,81
truth,14.690054561700922,base,enrich,81
pw,1.1481610959484578,storm,enrich,81
beale,NA,storm,enrich,81
rating,57.616070401380554,storm,enrich,81
composite,58.11318600312618,storm,enrich,81
truth,77.07505847559682,storm,enrich,81
pw,3.7287001254696093,unaltered,enrich,81
beale,NA,unaltered,enrich,81
rating,13.614484096566544,unaltered,enrich,81
composite,13.77372840484825,unaltered,enrich,81
truth,14.024741211921308,unaltered,enrich,81
pw,13.36504405217936,base,none,81
beale,NA,base,none,81
rating,14.453865174131206,base,none,81
composite,14.887571360732288,base,none,81
truth,16.02150887117656,base,none,81
pw,5.939367591132297,storm,none,81
beale,NA,storm,none,81
rating,11.881399554741586,storm,none,81
composite,11.700186826587965,storm,none,81
truth,13.88369084459503,storm,none,81
pw,10.58913248235131,unaltered,none,81
beale,NA,unaltered,none,81
rating,12.166171133913874,unaltered,none,81
composite,12.476673664552298,unaltered,none,81
truth,13.590315513309141,unaltered,none,81
pw,13.773693360527522,base,chemostatic,81
beale,NA,base,chemostatic,81
rating,15.756668521956865,base,chemostatic,81
composite,15.84295125714174,base,chemostatic,81
truth,16.001989712184887,base,chemostatic,81
pw,6.120969570794003,storm,chemostatic,81
beale,NA,storm,chemostatic,81
rating,13.49473623161823,storm,chemostatic,81
composite,13.69823612813453,storm,chemostatic,81
truth,13.79765467729074,storm,chemostatic,81
pw,10.912905576403649,unaltered,chemostatic,81
beale,NA,unaltered,chemostatic,81
rating,13.347512568729577,unaltered,chemostatic,81
composite,13.440566832799233,unaltered,chemostatic,81
truth,13.567125037583882,unaltered,chemostatic,81
pw,15.48962311567941,base,dilution,82
beale,NA,base,dilution,82
rating,12.25384348123232,base,dilution,82
composite,12.653942848608438,base,dilution,82
truth,12.501180519416335,base,dilution,82
pw,28.959326146763022,storm,dilution,82
beale,NA,storm,dilution,82
rating,13.371914939390457,storm,dilution,82
composite,13.046495132126886,storm,dilution,82
truth,17.26953886694362,storm,dilution,82
pw,15.816775612189401,unaltered,dilution,82
beale,NA,unaltered,dilution,82
rating,12.418922898353749,unaltered,dilution,82
composite,12.486246924574846,unaltered,dilution,82
truth,13.48686153846206,unaltered,dilution,82
pw,5.923121432090415,base,enrich,82
beale,NA,base,enrich,82
rating,18.509762717495278,base,enrich,82
composite,18.524211110303984,base,enrich,82
truth,14.68189614984056,base,enrich,82
pw,1.1630126094125162,storm,enrich,82
beale,NA,storm,enrich,82
rating,66.52780010573369,storm,enrich,82
composite,67.12020448714448,storm,enrich,82
truth,76.90954671132441,storm,enrich,82
pw,3.768834647875571,unaltered,enrich,82
beale,NA,unaltered,enrich,82
rating,15.598225256614736,unaltered,enrich,82
composite,15.793333144679913,unaltered,enrich,82
truth,13.99231044066943,unaltered,enrich,82
pw,13.524458104805525,base,none,82
beale,NA,base,none,82
rating,14.836623918729165,base,none,82
composite,15.47614714432819,base,none,82
truth,15.96598296699392,base,none,82
pw,6.0814770428183325,storm,none,82
beale,NA,storm,none,82
rating,12.087153601545047,storm,none,82
composite,13.272718345065291,storm,none,82
truth,13.870449021836563,storm,none,82
pw,10.877159100929164,unaltered,none,82
beale,NA,unaltered,none,82
rating,12.591434288019466,unaltered,none,82
composite,13.191424530734258,unaltered,none,82
truth,13.598597710587212,unaltered,none,82
pw,13.782743787675841,base,chemostatic,82
beale,NA,base,chemostatic,82
rating,15.879185593905683,base,chemostatic,82
composite,15.884539217539627,base,chemostatic,82
truth,15.92515106065173,base,chemostatic,82
pw,6.197619104754725,storm,chemostatic,82
beale,NA,storm,chemostatic,82
rating,13.517852295001891,storm,chemostatic,82
composite,13.508872066110158,storm,chemostatic,82
truth,13.770166503996307,storm,chemostatic,82
pw,11.084887532212802,unaltered,chemostatic,82
beale,NA,unaltered,chemostatic,82
rating,13.482662579924563,unaltered,chemostatic,82
composite,13.488103281830911,unaltered,chemostatic,82
truth,13.554723453101175,unaltered,chemostatic,82
pw,14.071821961592153,base,dilution,83
beale,NA,base,dilution,83
rating,12.11975244804942,base,dilution,83
composite,12.247604140862924,base,dilution,83
truth,12.54836897876003,base,dilution,83
pw,26.775019201177933,storm,dilution,83
beale,NA,storm,dilution,83
rating,13.19675779903763,storm,dilution,83
composite,11.963747079823163,storm,dilution,83
truth,17.53404012702332,storm,dilution,83
pw,14.952385530216809,unaltered,dilution,83
beale,NA,unaltered,dilution,83
rating,12.195853528738269,unaltered,dilution,83
composite,12.187074165502203,unaltered,dilution,83
truth,13.68553299758096,unaltered,dilution,83
pw,6.131977306158628,base,enrich,83
beale,NA,base,enrich,83
rating,14.240656443285859,base,enrich,83
composite,14.447044853336125,base,enrich,83
truth,14.8187529023813,base,enrich,83
pw,1.1502502611410932,storm,enrich,83
beale,NA,storm,enrich,83
rating,51.213456347838914,storm,enrich,83
composite,51.877582570649416,storm,enrich,83
truth,78.5599697752159,storm,enrich,83
pw,3.7707533321610347,unaltered,enrich,83
beale,NA,unaltered,enrich,83
rating,12.704241527116942,unaltered,enrich,83
composite,12.9606429585326,unaltered,enrich,83
truth,14.127602996049372,unaltered,enrich,83
pw,13.776892538176584,base,none,83
beale,NA,base,none,83
rating,15.638331191400768,base,none,83
composite,16.226667470741475,base,none,83
truth,15.919303992096202,base,none,83
pw,6.18318884018978,storm,none,83
beale,NA,storm,none,83
rating,13.644206084612547,storm,none,83
composite,14.304800567574766,storm,none,83
truth,13.762379743757824,storm,none,83
pw,11.043919938361903,unaltered,none,83
beale,NA,unaltered,none,83
rating,13.308449993173804,unaltered,none,83
composite,13.826215866807932,unaltered,none,83
truth,13.494691906075547,unaltered,none,83
pw,13.735643926212067,base,chemostatic,83
beale,NA,base,chemostatic,83
rating,15.83878253809543,base,chemostatic,83
composite,15.782296213503404,base,chemostatic,83
truth,15.985182323761135,base,chemostatic,83
pw,6.164676105444583,storm,chemostatic,83
beale,NA,storm,chemostatic,83
rating,13.515174684498765,storm,chemostatic,83
composite,13.482210759993672,storm,chemostatic,83
truth,13.809243908575993,storm,chemostatic,83
pw,11.010853964533453,unaltered,chemostatic,83
beale,NA,unaltered,chemostatic,83
rating,13.411632485925374,unaltered,chemostatic,83
composite,13.361687424255512,unaltered,chemostatic,83
truth,13.552712568263663,unaltered,chemostatic,83
pw,14.504105437862924,base,dilution,84
beale,NA,base,dilution,84
rating,12.227294703625281,base,dilution,84
composite,12.225362940659911,base,dilution,84
truth,12.42276668287284,base,dilution,84
pw,27.84357963052709,storm,dilution,84
beale,NA,storm,dilution,84
rating,13.2299533551653,storm,dilution,84
composite,9.772111692447934,storm,dilution,84
truth,17.851788271335746,storm,dilution,84
pw,15.367530376678108,unaltered,dilution,84
beale,NA,unaltered,dilution,84
rating,12.26428301575189,unaltered,dilution,84
composite,12.003452617916661,unaltered,dilution,84
truth,13.670960845978867,unaltered,dilution,84
pw,5.745657821497547,base,enrich,84
beale,NA,base,enrich,84
rating,13.061916524046273,base,enrich,84
composite,13.236581908894816,base,enrich,84
truth,14.60043927443134,base,enrich,84
pw,1.102932997095122,storm,enrich,84
beale,NA,storm,enrich,84
rating,49.316039499113046,storm,enrich,84
composite,49.89089563893961,storm,enrich,84
truth,77.41131707111812,storm,enrich,84
pw,3.644178195768283,unaltered,enrich,84
beale,NA,unaltered,enrich,84
rating,12.358314239263771,unaltered,enrich,84
composite,12.539669173807487,unaltered,enrich,84
truth,14.013212470374187,unaltered,enrich,84
pw,13.38378555093901,base,none,84
beale,NA,base,none,84
rating,16.167172896511495,base,none,84
composite,17.22032248991619,base,none,84
truth,15.878065603709178,base,none,84
pw,5.963254708283613,storm,none,84
beale,NA,storm,none,84
rating,16.14803222403072,storm,none,84
composite,17.503639656312554,storm,none,84
truth,13.787352371705671,storm,none,84
pw,10.673380228057852,unaltered,none,84
beale,NA,unaltered,none,84
rating,14.113303965812067,unaltered,none,84
composite,15.073283490703544,unaltered,none,84
truth,13.557804478183105,unaltered,none,84
pw,14.051702533579823,base,chemostatic,84
beale,NA,base,chemostatic,84
rating,16.069677292700984,base,chemostatic,84
composite,15.993551347291733,base,chemostatic,84
truth,15.867557957319537,base,chemostatic,84
pw,6.260850562335232,storm,chemostatic,84
beale,NA,storm,chemostatic,84
rating,13.924499883932404,storm,chemostatic,84
composite,13.82070254407561,storm,chemostatic,84
truth,13.73399562223923,storm,chemostatic,84
pw,11.206034602216018,unaltered,chemostatic,84
beale,NA,unaltered,chemostatic,84
rating,13.709988788753206,unaltered,chemostatic,84
composite,13.637984710909114,unaltered,chemostatic,84
truth,13.5403900662464,unaltered,chemostatic,84
pw,14.134975570620695,base,dilution,85
beale,NA,base,dilution,85
rating,11.890005693492807,base,dilution,85
composite,11.901405691334384,base,dilution,85
truth,12.58011786511766,base,dilution,85
pw,28.118140797224495,storm,dilution,85
beale,NA,storm,dilution,85
rating,13.17054518322171,storm,dilution,85
composite,11.59343687644303,storm,dilution,85
truth,17.577013723038355,storm,dilution,85
pw,15.420079423474842,unaltered,dilution,85
beale,NA,unaltered,dilution,85
rating,12.16316358685326,unaltered,dilution,85
composite,12.051344675840594,unaltered,dilution,85
truth,13.584242909579912,unaltered,dilution,85
pw,5.552168576962272,base,enrich,85
beale,NA,base,enrich,85
rating,13.94267900347402,base,enrich,85
composite,14.010378702529183,base,enrich,85
truth,13.566567695680082,base,enrich,85
pw,1.1962340318796774,storm,enrich,85
beale,NA,storm,enrich,85
rating,64.9859318790127,storm,enrich,85
composite,65.38388752809064,storm,enrich,85
truth,76.41758786905831,storm,enrich,85
pw,3.89039925912736,unaltered,enrich,85
beale,NA,unaltered,enrich,85
rating,15.003374645466439,unaltered,enrich,85
composite,15.014241575991594,unaltered,enrich,85
truth,13.977031317132498,unaltered,enrich,85
pw,14.088118679834588,base,none,85
beale,NA,base,none,85
rating,15.729314941338849,base,none,85
composite,16.320304459598585,base,none,85
truth,15.860877842707213,base,none,85
pw,6.316608538880862,storm,none,85
beale,NA,storm,none,85
rating,13.818356672669305,storm,none,85
composite,14.60135482251374,storm,none,85
truth,13.737711286466087,storm,none,85
pw,11.231079922293656,unaltered,none,85
beale,NA,unaltered,none,85
rating,13.598576679887637,unaltered,none,85
composite,14.104408443486712,unaltered,none,85
truth,13.539026855638156,unaltered,none,85
pw,13.85053327506147,base,chemostatic,85
beale,NA,base,chemostatic,85
rating,15.719620466588605,base,chemostatic,85
composite,15.74417222664688,base,chemostatic,85
truth,15.869651721011142,base,chemostatic,85
pw,6.210083740885551,storm,chemostatic,85
beale,NA,storm,chemostatic,85
rating,13.57148262429074,storm,chemostatic,85
composite,13.640233691023484,storm,chemostatic,85
truth,13.812382360733471,storm,chemostatic,85
pw,11.041676302831194,unaltered,chemostatic,85
beale,NA,unaltered,chemostatic,85
rating,13.390491766177142,unaltered,chemostatic,85
composite,13.425049850397029,unaltered,chemostatic,85
truth,13.555371526267129,unaltered,chemostatic,85
pw,14.786416754604836,base,dilution,86
beale,NA,base,dilution,86
rating,12.209325143804922,base,dilution,86
composite,12.650052048937814,base,dilution,86
truth,12.476677087422585,base,dilution,86
pw,29.418972359260316,storm,dilution,86
beale,NA,storm,dilution,86
rating,13.110698314746188,storm,dilution,86
composite,12.328410637728448,storm,dilution,86
truth,17.761436129235207,storm,dilution,86
pw,15.87699305273252,unaltered,dilution,86
beale,NA,unaltered,dilution,86
rating,12.182292619602839,unaltered,dilution,86
composite,12.33127223124969,unaltered,dilution,86
truth,13.690051534015597,unaltered,dilution,86
pw,5.704939649643854,base,enrich,86
beale,NA,base,enrich,86
rating,12.414808323793846,base,enrich,86
composite,12.136946608864127,base,enrich,86
truth,14.294140203298088,base,enrich,86
pw,1.1912795182889497,storm,enrich,86
beale,NA,storm,enrich,86
rating,61.21421052172053,storm,enrich,86
composite,61.83612219411488,storm,enrich,86
truth,77.35726638282567,storm,enrich,86
pw,3.871284046390257,unaltered,enrich,86
beale,NA,unaltered,enrich,86
rating,14.35920369430828,unaltered,enrich,86
composite,14.55015676070203,unaltered,enrich,86
truth,14.009069310934555,unaltered,enrich,86
pw,14.004212742844123,base,none,86
beale,NA,base,none,86
rating,15.332305021431454,base,none,86
composite,15.673402406527657,base,none,86
truth,15.85562077302814,base,none,86
pw,6.267832442344897,storm,none,86
beale,NA,storm,none,86
rating,13.297877675818729,storm,none,86
composite,13.356024566846072,storm,none,86
truth,13.786065516018716,storm,none,86
pw,11.206877214649328,unaltered,none,86
beale,NA,unaltered,none,86
rating,13.09672326928881,unaltered,none,86
composite,13.365784506879262,unaltered,none,86
truth,13.567074725948816,unaltered,none,86
pw,13.86313369384735,base,chemostatic,86
beale,NA,base,chemostatic,86
rating,15.66116191835129,base,chemostatic,86
composite,15.503867212423474,base,chemostatic,86
truth,15.829236055056011,base,chemostatic,86
pw,6.204690025382617,storm,chemostatic,86
beale,NA,storm,chemostatic,86
rating,13.456381225012311,storm,chemostatic,86
composite,13.088599871761696,storm,chemostatic,86
truth,13.737280897153052,storm,chemostatic,86
pw,11.093978645575946,unaltered,chemostatic,86
beale,NA,unaltered,chemostatic,86
rating,13.37106016270994,unaltered,chemostatic,86
composite,13.199552684315838,unaltered,chemostatic,86
truth,13.541732329121025,unaltered,chemostatic,86
pw,15.016753795500117,base,dilution,87
beale,NA,base,dilution,87
rating,12.370849636912544,base,dilution,87
composite,12.44213201988947,base,dilution,87
truth,12.634206292208141,base,dilution,87
pw,28.759538314510323,storm,dilution,87
beale,NA,storm,dilution,87
rating,13.762949366519662,storm,dilution,87
composite,11.606262213468266,storm,dilution,87
truth,17.717717823929732,storm,dilution,87
pw,15.93039791205586,unaltered,dilution,87
beale,NA,unaltered,dilution,87
rating,12.687442861392002,unaltered,dilution,87
composite,12.526300017848659,unaltered,dilution,87
truth,13.7730570079679,unaltered,dilution,87
pw,6.510757057981685,base,enrich,87
beale,NA,base,enrich,87
rating,15.59838042493314,base,enrich,87
composite,15.98572496170082,base,enrich,87
truth,14.58475060877945,base,enrich,87
pw,1.1404271461715259,storm,enrich,87
beale,NA,storm,enrich,87
rating,54.210173304610706,storm,enrich,87
composite,55.150607583323264,storm,enrich,87
truth,77.72924653347863,storm,enrich,87
pw,3.8178943083094445,unaltered,enrich,87
beale,NA,unaltered,enrich,87
rating,13.877667068596205,unaltered,enrich,87
composite,14.362664086438015,unaltered,enrich,87
truth,14.114249737476158,unaltered,enrich,87
pw,13.233334026239937,base,none,87
beale,NA,base,none,87
rating,15.923685651152166,base,none,87
composite,16.522892888404346,base,none,87
truth,16.060753822478926,base,none,87
pw,5.8997954162523625,storm,none,87
beale,NA,storm,none,87
rating,15.627548202122819,storm,none,87
composite,16.804957359413724,storm,none,87
truth,13.825962290907162,storm,none,87
pw,10.476924850336571,unaltered,none,87
beale,NA,unaltered,none,87
rating,13.806252274692422,unaltered,none,87
composite,14.403046862400778,unaltered,none,87
truth,13.580585876508373,unaltered,none,87
pw,13.990617011181754,base,chemostatic,87
beale,NA,base,chemostatic,87
rating,16.158095016393943,base,chemostatic,87
composite,16.26136989013883,base,chemostatic,87
truth,16.053818156754115,base,chemostatic,87
pw,6.237413636612141,storm,chemostatic,87
beale,NA,storm,chemostatic,87
rating,14.066875588584614,storm,chemostatic,87
composite,14.107417061548599,storm,chemostatic,87
truth,13.831952040323227,storm,chemostatic,87
pw,11.076471185972167,unaltered,chemostatic,87
beale,NA,unaltered,chemostatic,87
rating,13.688162022072992,unaltered,chemostatic,87
composite,13.777368988412587,unaltered,chemostatic,87
truth,13.574422829705343,unaltered,chemostatic,87
pw,14.633972256515834,base,dilution,88
beale,NA,base,dilution,88
rating,12.592160492034413,base,dilution,88
composite,12.503642099126667,base,dilution,88
truth,12.408180371366578,base,dilution,88
pw,29.571690112581035,storm,dilution,88
beale,NA,storm,dilution,88
rating,13.599315451660225,storm,dilution,88
composite,11.318967962153645,storm,dilution,88
truth,17.35585968112939,storm,dilution,88
pw,16.145481394444218,unaltered,dilution,88
beale,NA,unaltered,dilution,88
rating,12.68395826810756,unaltered,dilution,88
composite,12.540518961396174,unaltered,dilution,88
truth,13.597670647171803,unaltered,dilution,88
pw,6.091852958504124,base,enrich,88
beale,NA,base,enrich,88
rating,15.552746821515976,base,enrich,88
composite,15.777874963365164,base,enrich,88
truth,14.326904317473485,base,enrich,88
pw,1.2014431235145069,storm,enrich,88
beale,NA,storm,enrich,88
rating,73.7513496028856,storm,enrich,88
composite,74.33425773653065,storm,enrich,88
truth,76.54398892744406,storm,enrich,88
pw,3.8578714433714496,unaltered,enrich,88
beale,NA,unaltered,enrich,88
rating,16.463007486757736,unaltered,enrich,88
composite,16.628071543414176,unaltered,enrich,88
truth,13.875795355983419,unaltered,enrich,88
pw,13.588637248546219,base,none,88
beale,NA,base,none,88
rating,18.289095946736982,base,none,88
composite,18.322262190125933,base,none,88
truth,15.783683303761123,base,none,88
pw,6.1401158021362114,storm,none,88
beale,NA,storm,none,88
rating,19.083204284569014,storm,none,88
composite,19.113513158265064,storm,none,88
truth,13.710154149383179,storm,none,88
pw,10.976521157354856,unaltered,none,88
beale,NA,unaltered,none,88
rating,16.163309846699416,unaltered,none,88
composite,16.164111872181046,unaltered,none,88
truth,13.52834343725826,unaltered,none,88
pw,13.640601347814403,base,chemostatic,88
beale,NA,base,chemostatic,88
rating,15.76433372936558,base,chemostatic,88
composite,15.705323984140001,base,chemostatic,88
truth,15.785178354854335,base,chemostatic,88
pw,6.163596124792884,storm,chemostatic,88
beale,NA,storm,chemostatic,88
rating,13.864804017891561,storm,chemostatic,88
composite,13.754242235488563,storm,chemostatic,88
truth,13.739892993060327,storm,chemostatic,88
pw,11.018496303545554,unaltered,chemostatic,88
beale,NA,unaltered,chemostatic,88
rating,13.538015929857956,unaltered,chemostatic,88
composite,13.477436997692012,unaltered,chemostatic,88
truth,13.531601968944337,unaltered,chemostatic,88
pw,14.730692885237715,base,dilution,89
beale,NA,base,dilution,89
rating,12.589002946777322,base,dilution,89
composite,12.703344666968464,base,dilution,89
truth,12.764405296522382,base,dilution,89
pw,28.971331504493687,storm,dilution,89
beale,NA,storm,dilution,89
rating,13.712527999651876,storm,dilution,89
composite,13.34848708869306,storm,dilution,89
truth,18.07525382474879,storm,dilution,89
pw,15.963125606122027,unaltered,dilution,89
beale,NA,unaltered,dilution,89
rating,12.700868502938263,unaltered,dilution,89
composite,12.72655928213964,unaltered,dilution,89
truth,14.441431325239327,unaltered,dilution,89
pw,6.564455669428316,base,enrich,89
beale,NA,base,enrich,89
rating,18.306116496530617,base,enrich,89
composite,18.417558251538917,base,enrich,89
truth,15.658369426588886,base,enrich,89
pw,1.2628674919315301,storm,enrich,89
beale,NA,storm,enrich,89
rating,72.99135477072825,storm,enrich,89
composite,73.59549630183871,storm,enrich,89
truth,80.24623049855406,storm,enrich,89
pw,4.019535467615337,unaltered,enrich,89
beale,NA,unaltered,enrich,89
rating,16.732981073954534,unaltered,enrich,89
composite,16.875022877222605,unaltered,enrich,89
truth,14.459301242812716,unaltered,enrich,89
pw,14.771966302684593,base,none,89
beale,NA,base,none,89
rating,15.00803580726591,base,none,89
composite,15.564436578220803,base,none,89
truth,16.172075505104658,base,none,89
pw,6.5255575097055285,storm,none,89
beale,NA,storm,none,89
rating,10.928430116697536,storm,none,89
composite,11.214793650547566,storm,none,89
truth,13.742316435007028,storm,none,89
pw,11.621605897410301,unaltered,none,89
beale,NA,unaltered,none,89
rating,12.282024835091493,unaltered,none,89
composite,12.73913716144837,unaltered,none,89
truth,13.537425257114283,unaltered,none,89
pw,14.215794075067398,base,chemostatic,89
beale,NA,base,chemostatic,89
rating,16.38387139794228,base,chemostatic,89
composite,16.486462414492443,base,chemostatic,89
truth,16.21363459720518,base,chemostatic,89
pw,6.279866869593693,storm,chemostatic,89
beale,NA,storm,chemostatic,89
rating,14.014757967361462,storm,chemostatic,89
composite,14.212331914720739,storm,chemostatic,89
truth,13.832923073415724,storm,chemostatic,89
pw,11.184046380416472,unaltered,chemostatic,89
beale,NA,unaltered,chemostatic,89
rating,13.71370795402685,unaltered,chemostatic,89
composite,13.822360880116467,unaltered,chemostatic,89
truth,13.58193156109375,unaltered,chemostatic,89
pw,14.421878702776805,base,dilution,90
beale,NA,base,dilution,90
rating,12.068424398353775,base,dilution,90
composite,11.986222940736683,base,dilution,90
truth,12.469311404880651,base,dilution,90
pw,27.779945509779495,storm,dilution,90
beale,NA,storm,dilution,90
rating,13.00872177535191,storm,dilution,90
composite,10.68556961925467,storm,dilution,90
truth,19.972625787831298,storm,dilution,90
pw,15.270671323046614,unaltered,dilution,90
beale,NA,unaltered,dilution,90
rating,12.086937494948074,unaltered,dilution,90
composite,11.909575049720889,unaltered,dilution,90
truth,13.79025750740361,unaltered,dilution,90
pw,6.08670589109711,base,enrich,90
beale,NA,base,enrich,90
rating,17.948481271075224,base,enrich,90
composite,18.319722527278564,base,enrich,90
truth,14.586885123769044,base,enrich,90
pw,1.2095479719683229,storm,enrich,90
beale,NA,storm,enrich,90
rating,71.98887569128159,storm,enrich,90
composite,72.66013631664178,storm,enrich,90
truth,77.00685036920466,storm,enrich,90
pw,3.8734682597321375,unaltered,enrich,90
beale,NA,unaltered,enrich,90
rating,16.581920113102996,unaltered,enrich,90
composite,16.829256749264104,unaltered,enrich,90
truth,13.957123357450033,unaltered,enrich,90
pw,13.628005309518528,base,none,90
beale,NA,base,none,90
rating,13.440989058614191,base,none,90
composite,13.751619530643445,base,none,90
truth,15.882392142615188,base,none,90
pw,6.10435255991285,storm,none,90
beale,NA,storm,none,90
rating,9.968720043450059,storm,none,90
composite,10.242660071137834,storm,none,90
truth,13.715014001798997,storm,none,90
pw,10.921693982103985,unaltered,none,90
beale,NA,unaltered,none,90
rating,11.188639125159586,unaltered,none,90
composite,11.42875458006375,unaltered,none,90
truth,13.5201046456498,unaltered,none,90
pw,13.98807197664219,base,chemostatic,90
beale,NA,base,chemostatic,90
rating,16.49055302189132,base,chemostatic,90
composite,16.417594886376172,base,chemostatic,90
truth,15.898840773408176,base,chemostatic,90
pw,6.265636169015967,storm,chemostatic,90
beale,NA,storm,chemostatic,90
rating,14.714986541049473,storm,chemostatic,90
composite,14.575519563294765,storm,chemostatic,90
truth,13.74440676325695,storm,chemostatic,90
pw,11.210256971489823,unaltered,chemostatic,90
beale,NA,unaltered,chemostatic,90
rating,14.095831383775757,unaltered,chemostatic,90
composite,14.024657272434792,unaltered,chemostatic,90
truth,13.537061746240601,unaltered,chemostatic,90
pw,14.36210528419093,base,dilution,91
beale,NA,base,dilution,91
rating,12.056802006947715,base,dilution,91
composite,12.281668728061906,base,dilution,91
truth,12.436602759212061,base,dilution,91
pw,28.819953549432345,storm,dilution,91
beale,NA,storm,dilution,91
rating,13.310531470764762,storm,dilution,91
composite,12.672217332133801,storm,dilution,91
truth,17.771083710775233,storm,dilution,91
pw,15.772795928405065,unaltered,dilution,91
beale,NA,unaltered,dilution,91
rating,12.376132709321562,unaltered,dilution,91
composite,12.524622441748734,unaltered,dilution,91
truth,13.714192441951036,unaltered,dilution,91
pw,6.229204499967715,base,enrich,91
beale,NA,base,enrich,91
rating,16.34192357565071,base,enrich,91
composite,16.617242913846685,base,enrich,91
truth,14.966899554610517,base,enrich,91
pw,1.190623250509161,storm,enrich,91
beale,NA,storm,enrich,91
rating,61.34893591584444,storm,enrich,91
composite,62.089613441732325,storm,enrich,91
truth,77.51693918615356,storm,enrich,91
pw,3.827210215664408,unaltered,enrich,91
beale,NA,unaltered,enrich,91
rating,14.39848004338337,unaltered,enrich,91
composite,14.7065140280046,unaltered,enrich,91
truth,14.014135102791045,unaltered,enrich,91
pw,13.684550537422872,base,none,91
beale,NA,base,none,91
rating,15.961181889473528,base,none,91
composite,15.733661389912301,base,none,91
truth,15.965710945740398,base,none,91
pw,6.16880744526147,storm,none,91
beale,NA,storm,none,91
rating,14.749071020239457,storm,none,91
composite,14.124123437605066,storm,none,91
truth,13.723462716681356,storm,none,91
pw,11.037135748664074,unaltered,none,91
beale,NA,unaltered,none,91
rating,13.70814321638573,unaltered,none,91
composite,13.426021576724207,unaltered,none,91
truth,13.552191105895131,unaltered,none,91
pw,13.636867943408,base,chemostatic,91
beale,NA,base,chemostatic,91
rating,16.13480368277307,base,chemostatic,91
composite,16.16534907752265,base,chemostatic,91
truth,15.972836302169094,base,chemostatic,91
pw,6.147312786729286,storm,chemostatic,91
beale,NA,storm,chemostatic,91
rating,14.104911239629358,storm,chemostatic,91
composite,14.192094037443443,storm,chemostatic,91
truth,13.796290145641777,storm,chemostatic,91
pw,10.998677835007983,unaltered,chemostatic,91
beale,NA,unaltered,chemostatic,91
rating,13.729318884594344,unaltered,chemostatic,91
composite,13.759791098329611,unaltered,chemostatic,91
truth,13.563215399332265,unaltered,chemostatic,91
pw,14.201352724404638,base,dilution,92
beale,NA,base,dilution,92
rating,12.096479431872192,base,dilution,92
composite,12.314757273012713,base,dilution,92
truth,12.06826605402761,base,dilution,92
pw,27.613418542431212,storm,dilution,92
beale,NA,storm,dilution,92
rating,12.956474891965094,storm,dilution,92
composite,12.435220397960911,storm,dilution,92
truth,16.74734236448333,storm,dilution,92
pw,15.144168469211412,unaltered,dilution,92
beale,NA,unaltered,dilution,92
rating,11.969538197679395,unaltered,dilution,92
composite,12.001420179623267,unaltered,dilution,92
truth,13.14010790352819,unaltered,dilution,92
pw,6.586320546853491,base,enrich,92
beale,NA,base,enrich,92
rating,12.819788926981328,base,enrich,92
composite,13.05532828404534,base,enrich,92
truth,13.202160003909576,base,enrich,92
pw,1.142234153258515,storm,enrich,92
beale,NA,storm,enrich,92
rating,61.48715466623559,storm,enrich,92
composite,62.09233369189223,storm,enrich,92
truth,73.68843832312761,storm,enrich,92
pw,3.7584110334697582,unaltered,enrich,92
beale,NA,unaltered,enrich,92
rating,15.10817670424496,unaltered,enrich,92
composite,15.312765190610447,unaltered,enrich,92
truth,13.468288333094177,unaltered,enrich,92
pw,13.328018065738338,base,none,92
beale,NA,base,none,92
rating,16.76822658729863,base,none,92
composite,16.898050525577847,base,none,92
truth,15.472162929588292,base,none,92
pw,6.086978394679792,storm,none,92
beale,NA,storm,none,92
rating,18.11402330484222,storm,none,92
composite,18.403239403985527,storm,none,92
truth,13.767088243620158,storm,none,92
pw,10.920110049773593,unaltered,none,92
beale,NA,unaltered,none,92
rating,15.243597514437463,unaltered,none,92
composite,15.354735159600535,unaltered,none,92
truth,13.534814835738523,unaltered,none,92
pw,13.496598880098139,base,chemostatic,92
beale,NA,base,chemostatic,92
rating,15.374048230723485,base,chemostatic,92
composite,15.421390131105836,base,chemostatic,92
truth,15.444539855704878,base,chemostatic,92
pw,6.163970170178919,storm,chemostatic,92
beale,NA,storm,chemostatic,92
rating,13.714081370411899,storm,chemostatic,92
composite,13.782368832662252,storm,chemostatic,92
truth,13.668495292749121,storm,chemostatic,92
pw,11.058234190663066,unaltered,chemostatic,92
beale,NA,unaltered,chemostatic,92
rating,13.495319577226738,unaltered,chemostatic,92
composite,13.529297446929466,unaltered,chemostatic,92
truth,13.50291392223195,unaltered,chemostatic,92
pw,14.185908781283041,base,dilution,93
beale,NA,base,dilution,93
rating,11.820341016308,base,dilution,93
composite,11.900238145222227,base,dilution,93
truth,12.385095078414524,base,dilution,93
pw,30.18983365910868,storm,dilution,93
beale,NA,storm,dilution,93
rating,13.329617757557228,storm,dilution,93
composite,28.107459191656044,storm,dilution,93
truth,17.911983280174343,storm,dilution,93
pw,16.324032194532325,unaltered,dilution,93
beale,NA,unaltered,dilution,93
rating,12.38595640677508,unaltered,dilution,93
composite,14.54238656791481,unaltered,dilution,93
truth,13.608687964292324,unaltered,dilution,93
pw,7.186560207739815,base,enrich,93
beale,NA,base,enrich,93
rating,16.837297526399794,base,enrich,93
composite,17.15101429230849,base,enrich,93
truth,14.513844354532479,base,enrich,93
pw,1.209636675759869,storm,enrich,93
beale,NA,storm,enrich,93
rating,85.43122121190473,storm,enrich,93
composite,86.01769549193314,storm,enrich,93
truth,75.33534584355424,storm,enrich,93
pw,3.8569558647803817,unaltered,enrich,93
beale,NA,unaltered,enrich,93
rating,18.6985364547849,unaltered,enrich,93
composite,18.829358224947622,unaltered,enrich,93
truth,13.816411758992409,unaltered,enrich,93
pw,14.419044349753129,base,none,93
beale,NA,base,none,93
rating,15.21331600664369,base,none,93
composite,15.919721095192072,base,none,93
truth,15.78547524719864,base,none,93
pw,6.455637170645693,storm,none,93
beale,NA,storm,none,93
rating,11.786994065629365,storm,none,93
composite,11.78320576318582,storm,none,93
truth,13.693699985740224,storm,none,93
pw,11.531427995914182,unaltered,none,93
beale,NA,unaltered,none,93
rating,12.864351020249217,unaltered,none,93
composite,13.43441417517551,unaltered,none,93
truth,13.521583805705358,unaltered,none,93
pw,13.956556383159024,base,chemostatic,93
beale,NA,base,chemostatic,93
rating,15.724337265939042,base,chemostatic,93
composite,15.604771482641821,base,chemostatic,93
truth,15.796355870666172,base,chemostatic,93
pw,6.248573898233166,storm,chemostatic,93
beale,NA,storm,chemostatic,93
rating,13.486155370086479,storm,chemostatic,93
composite,13.183859442777473,storm,chemostatic,93
truth,13.744941100449244,storm,chemostatic,93
pw,11.16155974692388,unaltered,chemostatic,93
beale,NA,unaltered,chemostatic,93
rating,13.439178652876286,unaltered,chemostatic,93
composite,13.30917001271138,unaltered,chemostatic,93
truth,13.535657916370255,unaltered,chemostatic,93
pw,14.009665799852824,base,dilution,94
beale,NA,base,dilution,94
rating,12.329474374728392,base,dilution,94
composite,12.719005805850884,base,dilution,94
truth,12.381863672110988,base,dilution,94
pw,27.960611217342418,storm,dilution,94
beale,NA,storm,dilution,94
rating,13.653729556254644,storm,dilution,94
composite,13.825312045623468,storm,dilution,94
truth,17.493907835469273,storm,dilution,94
pw,15.684328997412273,unaltered,dilution,94
beale,NA,unaltered,dilution,94
rating,12.684663741160481,unaltered,dilution,94
composite,12.920133458446157,unaltered,dilution,94
truth,13.802516380850738,unaltered,dilution,94
pw,6.086910304210063,base,enrich,94
beale,NA,base,enrich,94
rating,14.256096278972068,base,enrich,94
composite,14.244358938903558,base,enrich,94
truth,14.843210951033031,base,enrich,94
pw,1.165944379314736,storm,enrich,94
beale,NA,storm,enrich,94
rating,51.59246415300591,storm,enrich,94
composite,52.00356651939992,storm,enrich,94
truth,75.99237543017236,storm,enrich,94
pw,3.828655884600442,unaltered,enrich,94
beale,NA,unaltered,enrich,94
rating,12.215772593326735,unaltered,enrich,94
composite,12.292952688896067,unaltered,enrich,94
truth,13.824993073457469,unaltered,enrich,94
pw,14.628810656717544,base,none,94
beale,NA,base,none,94
rating,15.405147723253242,base,none,94
composite,15.749564937360775,base,none,94
truth,15.919547102946137,base,none,94
pw,6.61540607077092,storm,none,94
beale,NA,storm,none,94
rating,12.736666395296847,storm,none,94
composite,12.950728484252707,storm,none,94
truth,13.731870285841067,storm,none,94
pw,11.886278458233901,unaltered,none,94
beale,NA,unaltered,none,94
rating,13.062783971937836,unaltered,none,94
composite,13.329602034771945,unaltered,none,94
truth,13.525365455067863,unaltered,none,94
pw,13.38027999695642,base,chemostatic,94
beale,NA,base,chemostatic,94
rating,15.406846875570778,base,chemostatic,94
composite,15.463586890287853,base,chemostatic,94
truth,15.933114191541037,base,chemostatic,94
pw,6.050798496037249,storm,chemostatic,94
beale,NA,storm,chemostatic,94
rating,12.957373885245064,storm,chemostatic,94
composite,12.99948940113835,storm,chemostatic,94
truth,13.761971730715011,storm,chemostatic,94
pw,10.871815735746718,unaltered,chemostatic,94
beale,NA,unaltered,chemostatic,94
rating,13.040197595906134,unaltered,chemostatic,94
composite,13.092430366773819,unaltered,chemostatic,94
truth,13.539834464644462,unaltered,chemostatic,94
pw,14.872681501568152,base,dilution,95
beale,NA,base,dilution,95
rating,12.656995808739184,base,dilution,95
composite,12.120812705130033,base,dilution,95
truth,12.546040185970883,base,dilution,95
pw,29.300740597128087,storm,dilution,95
beale,NA,storm,dilution,95
rating,13.487586956007535,storm,dilution,95
composite,10.70146829349694,storm,dilution,95
truth,17.21258691427889,storm,dilution,95
pw,15.977788475062736,unaltered,dilution,95
beale,NA,unaltered,dilution,95
rating,12.481456371734247,unaltered,dilution,95
composite,12.200648876061683,unaltered,dilution,95
truth,13.647263035330242,unaltered,dilution,95
pw,5.448076531868108,base,enrich,95
beale,NA,base,enrich,95
rating,13.233817333975335,base,enrich,95
composite,13.20663296767162,base,enrich,95
truth,14.940287118617938,base,enrich,95
pw,1.1692142969957005,storm,enrich,95
beale,NA,storm,enrich,95
rating,57.42040401191097,storm,enrich,95
composite,57.97730444417183,storm,enrich,95
truth,78.663218375325215,storm,enrich,95
pw,3.844542069955101,unaltered,enrich,95
beale,NA,unaltered,enrich,95
rating,14.029886868355625,unaltered,enrich,95
composite,14.275495842817648,unaltered,enrich,95
truth,14.100034916439306,unaltered,enrich,95
pw,13.907954431217936,base,none,95
beale,NA,base,none,95
rating,17.548437114578757,base,none,95
composite,17.956272032265442,base,none,95
truth,15.976838564127558,base,none,95
pw,6.253449714132391,storm,none,95
beale,NA,storm,none,95
rating,17.91833358615381,storm,none,95
composite,18.796790674050705,storm,none,95
truth,13.788460785031221,storm,none,95
pw,11.124115462772515,unaltered,none,95
beale,NA,unaltered,none,95
rating,15.326593507400531,unaltered,none,95
composite,15.699348388146536,unaltered,none,95
truth,13.546479509093821,unaltered,none,95
pw,13.944908720545024,base,chemostatic,95
beale,NA,base,chemostatic,95
rating,16.09367100308341,base,chemostatic,95
composite,16.27679474242949,base,chemostatic,95
truth,15.998199823964741,base,chemostatic,95
pw,6.27006551418921,storm,chemostatic,95
beale,NA,storm,chemostatic,95
rating,13.781709962166765,storm,chemostatic,95
composite,14.062878604560156,storm,chemostatic,95
truth,13.88806973955887,storm,chemostatic,95
pw,11.15367292094167,unaltered,chemostatic,95
beale,NA,unaltered,chemostatic,95
rating,13.623416596267502,unaltered,chemostatic,95
composite,13.80591264707529,unaltered,chemostatic,95
truth,13.574175077881192,unaltered,chemostatic,95
pw,14.281079925342107,base,dilution,96
beale,NA,base,dilution,96
rating,12.075868911387962,base,dilution,96
composite,11.91281152146026,base,dilution,96
truth,12.465771255475872,base,dilution,96
pw,27.4242578765653,storm,dilution,96
beale,NA,storm,dilution,96
rating,13.22221664107904,storm,dilution,96
composite,11.662150624983434,storm,dilution,96
truth,17.19124838536721,storm,dilution,96
pw,15.313011948207574,unaltered,dilution,96
beale,NA,unaltered,dilution,96
rating,12.246928929928966,unaltered,dilution,96
composite,12.27180107064966,unaltered,dilution,96
truth,13.480653078179163,unaltered,dilution,96
pw,5.751270972093252,base,enrich,96
beale,NA,base,enrich,96
rating,15.679669530817367,base,enrich,96
composite,15.706863810101494,base,enrich,96
truth,14.538654049207281,base,enrich,96
pw,1.285558225294541,storm,enrich,96
beale,NA,storm,enrich,96
rating,65.89019070346997,storm,enrich,96
composite,66.53608675436219,storm,enrich,96
truth,76.61109921167353,storm,enrich,96
pw,4.123396809107735,unaltered,enrich,96
beale,NA,unaltered,enrich,96
rating,15.12920209086538,unaltered,enrich,96
composite,15.330624571434027,unaltered,enrich,96
truth,13.966639534065486,unaltered,enrich,96
pw,14.574285606240114,base,none,96
beale,NA,base,none,96
rating,15.977483795830718,base,none,96
composite,16.165135893159533,base,none,96
truth,15.899853867747117,base,none,96
pw,6.5560370866687325,storm,none,96
beale,NA,storm,none,96
rating,14.009502772095054,storm,none,96
composite,14.480916370722449,storm,none,96
truth,13.749263215477319,storm,none,96
pw,11.768003455326284,unaltered,none,96
beale,NA,unaltered,none,96
rating,13.70783104447861,unaltered,none,96
composite,13.856310300101491,unaltered,none,96
truth,13.542231560155994,unaltered,none,96
pw,13.773065494969869,base,chemostatic,96
beale,NA,base,chemostatic,96
rating,16.143386687174825,base,chemostatic,96
composite,16.163504641389,base,chemostatic,96
truth,15.906836813746144,base,chemostatic,96
pw,6.195619505595424,storm,chemostatic,96
beale,NA,storm,chemostatic,96
rating,14.091289757763588,storm,chemostatic,96
composite,14.160211637465236,storm,chemostatic,96
truth,13.751782239190003,storm,chemostatic,96
pw,11.121058466553167,unaltered,chemostatic,96
beale,NA,unaltered,chemostatic,96
rating,13.768455882337296,unaltered,chemostatic,96
composite,13.795093614890911,unaltered,chemostatic,96
truth,13.548907410611733,unaltered,chemostatic,96
pw,14.231475261317197,base,dilution,97
beale,NA,base,dilution,97
rating,11.619304259462947,base,dilution,97
composite,11.721675730533132,base,dilution,97
truth,12.54330957396275,base,dilution,97
pw,27.534702403341605,storm,dilution,97
beale,NA,storm,dilution,97
rating,12.813908838359422,storm,dilution,97
composite,10.702652256555986,storm,dilution,97
truth,17.483535651866287,storm,dilution,97
pw,15.16906835796202,unaltered,dilution,97
beale,NA,unaltered,dilution,97
rating,11.962586020395479,unaltered,dilution,97
composite,11.83013689181548,unaltered,dilution,97
truth,13.654338458166528,unaltered,dilution,97
pw,5.992113854060176,base,enrich,97
beale,NA,base,enrich,97
rating,14.571884562240527,base,enrich,97
composite,14.685105863407221,base,enrich,97
truth,14.301513399837583,base,enrich,97
pw,1.1832378470471636,storm,enrich,97
beale,NA,storm,enrich,97
rating,58.53367666087654,storm,enrich,97
composite,59.15174312655911,storm,enrich,97
truth,77.90449862509409,storm,enrich,97
pw,3.7962824411400575,unaltered,enrich,97
beale,NA,unaltered,enrich,97
rating,13.020096385105566,unaltered,enrich,97
composite,13.287810734491051,unaltered,enrich,97
truth,14.08235553437324,unaltered,enrich,97
pw,16.129500345159897,base,none,97
beale,NA,base,none,97
rating,19.6374591316564,base,none,97
composite,20.307752027689432,base,none,97
truth,15.926014235719853,base,none,97
pw,7.2672062264365,storm,none,97
beale,NA,storm,none,97
rating,16.841246853218337,storm,none,97
composite,17.750730335910227,storm,none,97
truth,13.748312618281506,storm,none,97
pw,12.942520835123188,unaltered,none,97
beale,NA,unaltered,none,97
rating,16.462667265765987,unaltered,none,97
composite,17.180252987925716,unaltered,none,97
truth,13.538818335771952,unaltered,none,97
pw,13.854715164191179,base,chemostatic,97
beale,NA,base,chemostatic,97
rating,15.854139440203372,base,chemostatic,97
composite,15.883247181117593,base,chemostatic,97
truth,15.93939145691383,base,chemostatic,97
pw,6.2422933229253825,storm,chemostatic,97
beale,NA,storm,chemostatic,97
rating,13.710107374786038,storm,chemostatic,97
composite,13.70162777124467,storm,chemostatic,97
truth,13.80703308312287,storm,chemostatic,97
pw,11.117203623176701,unaltered,chemostatic,97
beale,NA,unaltered,chemostatic,97
rating,13.498897541924311,unaltered,chemostatic,97
composite,13.511953635400243,unaltered,chemostatic,97
truth,13.553162195815629,unaltered,chemostatic,97
pw,14.552080451956254,base,dilution,98
beale,NA,base,dilution,98
rating,12.274868743251595,base,dilution,98
composite,12.254020820271741,base,dilution,98
truth,12.781718112221528,base,dilution,98
pw,29.040503967759236,storm,dilution,98
beale,NA,storm,dilution,98
rating,13.637988331927783,storm,dilution,98
composite,12.503119740175693,storm,dilution,98
truth,17.881695397903925,storm,dilution,98
pw,16.059452789710505,unaltered,dilution,98
beale,NA,unaltered,dilution,98
rating,12.72702603134188,unaltered,dilution,98
composite,12.751384184911908,unaltered,dilution,98
truth,14.279320400631782,unaltered,dilution,98
pw,5.925253160250181,base,enrich,98
beale,NA,base,enrich,98
rating,14.31275134446388,base,enrich,98
composite,14.513913582308108,base,enrich,98
truth,14.437479212000286,base,enrich,98
pw,1.271828748048109,storm,enrich,98
beale,NA,storm,enrich,98
rating,65.4329179538882,storm,enrich,98
composite,66.05761845424382,storm,enrich,98
truth,77.08903125351117,storm,enrich,98
pw,3.938775563175042,unaltered,enrich,98
beale,NA,unaltered,enrich,98
rating,14.726562702329245,unaltered,enrich,98
composite,14.89883303427446,unaltered,enrich,98
truth,14.207380328848757,unaltered,enrich,98
pw,13.734140251761216,base,none,98
beale,NA,base,none,98
rating,15.382914813228236,base,none,98
composite,15.88476856186208,base,none,98
truth,16.183800736090333,base,none,98
pw,6.079069879680526,storm,none,98
beale,NA,storm,none,98
rating,13.730335486394818,storm,none,98
composite,13.933294828860703,storm,none,98
truth,13.856375132489745,storm,none,98
pw,10.781209151639423,unaltered,none,98
beale,NA,unaltered,none,98
rating,13.072592912086375,unaltered,none,98
composite,13.451956136709303,unaltered,none,98
truth,13.601238297755055,unaltered,none,98
pw,14.220647725727085,base,chemostatic,98
beale,NA,base,chemostatic,98
rating,16.152518603034675,base,chemostatic,98
composite,16.10174133758704,base,chemostatic,98
truth,16.167573842435512,base,chemostatic,98
pw,6.294410110449331,storm,chemostatic,98
beale,NA,storm,chemostatic,98
rating,13.82028301645323,storm,chemostatic,98
composite,13.77121584045884,storm,chemostatic,98
truth,13.839778989881543,storm,chemostatic,98
pw,11.163114297102691,unaltered,chemostatic,98
beale,NA,unaltered,chemostatic,98
rating,13.562000317062868,unaltered,chemostatic,98
composite,13.51904164289493,unaltered,chemostatic,98
truth,13.586427438617804,unaltered,chemostatic,98
pw,14.186171537962082,base,dilution,99
beale,NA,base,dilution,99
rating,11.830258354545101,base,dilution,99
composite,11.82320879479557,base,dilution,99
truth,12.40003184863303,base,dilution,99
pw,28.397665509140595,storm,dilution,99
beale,NA,storm,dilution,99
rating,13.187251625794188,storm,dilution,99
composite,10.86853530036996,storm,dilution,99
truth,17.241017458048567,storm,dilution,99
pw,15.608671574754565,unaltered,dilution,99
beale,NA,unaltered,dilution,99
rating,12.26143402056643,unaltered,dilution,99
composite,12.110082394842928,unaltered,dilution,99
truth,13.422544382537533,unaltered,dilution,99
pw,5.8049419145276024,base,enrich,99
beale,NA,base,enrich,99
rating,15.258522303632693,base,enrich,99
composite,15.10753883116119,base,enrich,99
truth,14.200392395017468,base,enrich,99
pw,1.1394262709337293,storm,enrich,99
beale,NA,storm,enrich,99
rating,72.79467515509992,storm,enrich,99
composite,73.18174346403445,storm,enrich,99
truth,75.64261136841327,storm,enrich,99
pw,3.706743592036404,unaltered,enrich,99
beale,NA,unaltered,enrich,99
rating,16.09056348189192,unaltered,enrich,99
composite,16.09728917135011,unaltered,enrich,99
truth,13.818034156717117,unaltered,enrich,99
pw,14.757552907039894,base,none,99
beale,NA,base,none,99
rating,17.898316618781234,base,none,99
composite,18.277160793672977,base,none,99
truth,15.809628604563441,base,none,99
pw,6.711673493806825,storm,none,99
beale,NA,storm,none,99
rating,16.166384995002858,storm,none,99
composite,16.737869645822236,storm,none,99
truth,13.703343654158632,storm,none,99
pw,12.03363656709557,unaltered,none,99
beale,NA,unaltered,none,99
rating,15.313815155391838,unaltered,none,99
composite,15.704589790794788,unaltered,none,99
truth,13.517462253289327,unaltered,none,99
pw,13.40903056472518,base,chemostatic,99
beale,NA,base,chemostatic,99
rating,16.052368608922247,base,chemostatic,99
composite,16.00493215193482,base,chemostatic,99
truth,15.828432968166807,base,chemostatic,99
pw,6.098371158539413,storm,chemostatic,99
beale,NA,storm,chemostatic,99
rating,14.693058077432015,storm,chemostatic,99
composite,14.617913372434709,storm,chemostatic,99
truth,13.735528613401431,storm,chemostatic,99
pw,10.934021483738318,unaltered,chemostatic,99
beale,NA,unaltered,chemostatic,99
rating,13.918218965042538,unaltered,chemostatic,99
composite,13.851669416296517,unaltered,chemostatic,99
truth,13.538660115714654,unaltered,chemostatic,99
pw,14.484545695788682,base,dilution,100
beale,NA,base,dilution,100
rating,12.153262423819648,base,dilution,100
composite,12.185103577153011,base,dilution,100
truth,12.611903952808921,base,dilution,100
pw,28.66475295441403,storm,dilution,100
beale,NA,storm,dilution,100
rating,13.290704316836466,storm,dilution,100
composite,12.091430084345415,storm,dilution,100
truth,17.67248644863093,storm,dilution,100
pw,15.692916344143066,unaltered,dilution,100
beale,NA,unaltered,dilution,100
rating,12.307121772898308,unaltered,dilution,100
composite,12.348229072500088,unaltered,dilution,100
truth,13.674545650626683,unaltered,dilution,100
pw,6.299571297734956,base,enrich,100
beale,NA,base,enrich,100
rating,16.940564086852753,base,enrich,100
composite,16.970386359006827,base,enrich,100
truth,15.323561987064593,base,enrich,100
pw,1.1952108636245107,storm,enrich,100
beale,NA,storm,enrich,100
rating,64.15110781326545,storm,enrich,100
composite,64.6335566990354,storm,enrich,100
truth,77.22684812132995,storm,enrich,100
pw,3.892855990010049,unaltered,enrich,100
beale,NA,unaltered,enrich,100
rating,15.675304015698362,unaltered,enrich,100
composite,15.814268104540494,unaltered,enrich,100
truth,14.103477042467865,unaltered,enrich,100
pw,13.967359407871578,base,none,100
beale,NA,base,none,100
rating,15.928565321548694,base,none,100
composite,15.815627756315362,base,none,100
truth,16.12690869946791,base,none,100
pw,6.162318303663652,storm,none,100
beale,NA,storm,none,100
rating,13.698068925402163,storm,none,100
composite,13.140996575088012,storm,none,100
truth,13.804393432408547,storm,none,100
pw,11.021305163961221,unaltered,none,100
beale,NA,unaltered,none,100
rating,13.372025800292725,unaltered,none,100
composite,13.21244930571303,unaltered,none,100
truth,13.575690244009985,unaltered,none,100
pw,14.056605217702476,base,chemostatic,100
beale,NA,base,chemostatic,100
rating,16.13008819494501,base,chemostatic,100
composite,16.1006148767826,base,chemostatic,100
truth,16.105302946588917,base,chemostatic,100
pw,6.201693039530782,storm,chemostatic,100
beale,NA,storm,chemostatic,100
rating,13.895851004575215,storm,chemostatic,100
composite,13.74684115814894,storm,chemostatic,100
truth,13.75025209067179,storm,chemostatic,100
pw,11.091726871889554,unaltered,chemostatic,100
beale,NA,unaltered,chemostatic,100
rating,13.58023502568518,unaltered,chemostatic,100
composite,13.541028129682914,unaltered,chemostatic,100
truth,13.553783069502051,unaltered,chemostatic,100
