method,estimate,flow,cq,runid
pw,14.825001703861732,base,dilution,1
beale,NA,base,dilution,1
rating,13.065074894835455,base,dilution,1
composite,12.712266933431023,base,dilution,1
truth,12.438205638161353,base,dilution,1
pw,25.418923583150164,storm,dilution,1
beale,NA,storm,dilution,1
rating,14.56386277500182,storm,dilution,1
composite,12.729741413586078,storm,dilution,1
truth,17.295697664641203,storm,dilution,1
pw,14.7605096759606,unaltered,dilution,1
beale,NA,unaltered,dilution,1
rating,12.388584713815291,unaltered,dilution,1
composite,12.4612698122503,unaltered,dilution,1
truth,13.345865921552004,unaltered,dilution,1
pw,4.800907621499949,base,enrich,1
beale,NA,base,enrich,1
rating,13.005061617802046,base,enrich,1
composite,13.304517308593404,base,enrich,1
truth,14.494820647179498,base,enrich,1
pw,0.867447996098614,storm,enrich,1
beale,NA,storm,enrich,1
rating,36.33416031767233,storm,enrich,1
composite,36.62682644164562,storm,enrich,1
truth,78.11435275163977,storm,enrich,1
pw,3.3280044763598338,unaltered,enrich,1
beale,NA,unaltered,enrich,1
rating,14.14408952011955,unaltered,enrich,1
composite,14.216603506200803,unaltered,enrich,1
truth,14.002468412240056,unaltered,enrich,1
pw,15.053991822220425,base,none,1
beale,NA,base,none,1
rating,22.376346099120852,base,none,1
composite,22.65939073145787,base,none,1
truth,15.872126262534472,base,none,1
pw,6.345482189063653,storm,none,1
beale,NA,storm,none,1
rating,22.228639750543273,storm,none,1
composite,22.96475552980312,storm,none,1
truth,13.784414821269026,storm,none,1
pw,11.99558953275146,unaltered,none,1
beale,NA,unaltered,none,1
rating,19.418759418429396,unaltered,none,1
composite,19.751924043546175,unaltered,none,1
truth,13.54812959334133,unaltered,none,1
pw,12.560546550972207,base,chemostatic,1
beale,NA,base,chemostatic,1
rating,15.352977150669856,base,chemostatic,1
composite,15.34428600381777,base,chemostatic,1
truth,15.870007627796229,base,chemostatic,1
pw,5.294457799987237,storm,chemostatic,1
beale,NA,storm,chemostatic,1
rating,13.162791901509017,storm,chemostatic,1
composite,13.066382106646472,storm,chemostatic,1
truth,13.788616947837065,storm,chemostatic,1
pw,10.008718120205277,unaltered,chemostatic,1
beale,NA,unaltered,chemostatic,1
rating,13.102020733719426,unaltered,chemostatic,1
composite,13.085966330851722,unaltered,chemostatic,1
truth,13.54820130314342,unaltered,chemostatic,1
pw,14.336804323143744,base,dilution,2
beale,NA,base,dilution,2
rating,12.447166730680623,base,dilution,2
composite,12.35021295422212,base,dilution,2
truth,12.512076092846579,base,dilution,2
pw,26.096148291296657,storm,dilution,2
beale,NA,storm,dilution,2
rating,14.621624894755069,storm,dilution,2
composite,13.354601877919167,storm,dilution,2
truth,17.61170040566041,storm,dilution,2
pw,15.106732131308082,unaltered,dilution,2
beale,NA,unaltered,dilution,2
rating,12.543362122193097,unaltered,dilution,2
composite,12.778386157288136,unaltered,dilution,2
truth,13.595182145098669,unaltered,dilution,2
pw,5.167924107369983,base,enrich,2
beale,NA,base,enrich,2
rating,12.611869356705231,base,enrich,2
composite,12.610568857471149,base,enrich,2
truth,13.833705399354198,base,enrich,2
pw,0.8226986221290814,storm,enrich,2
beale,NA,storm,enrich,2
rating,27.893390103858273,storm,enrich,2
composite,28.283425347878865,storm,enrich,2
truth,75.36165380991119,storm,enrich,2
pw,3.1421271144020038,unaltered,enrich,2
beale,NA,unaltered,enrich,2
rating,11.590199996554087,unaltered,enrich,2
composite,11.67224178279255,unaltered,enrich,2
truth,13.827298557843905,unaltered,enrich,2
pw,11.396917013463401,base,none,2
beale,NA,base,none,2
rating,12.270355880462377,base,none,2
composite,13.824536888082275,base,none,2
truth,15.898523162493746,base,none,2
pw,4.787303131714141,storm,none,2
beale,NA,storm,none,2
rating,10.375844315261137,storm,none,2
composite,11.922557960281807,storm,none,2
truth,13.783453803619176,storm,none,2
pw,9.030086617961564,unaltered,none,2
beale,NA,unaltered,none,2
rating,10.346472014469391,unaltered,none,2
composite,11.71674589039331,unaltered,none,2
truth,13.569566105933687,unaltered,none,2
pw,12.782319984793611,base,chemostatic,2
beale,NA,base,chemostatic,2
rating,15.401690324687273,base,chemostatic,2
composite,15.308113898107411,base,chemostatic,2
truth,15.866897903333184,base,chemostatic,2
pw,5.369245070529724,storm,chemostatic,2
beale,NA,storm,chemostatic,2
rating,13.150109211733787,storm,chemostatic,2
composite,12.993856708648767,storm,chemostatic,2
truth,13.759137299182285,storm,chemostatic,2
pw,10.127778986618319,unaltered,chemostatic,2
beale,NA,unaltered,chemostatic,2
rating,13.120819011791873,unaltered,chemostatic,2
composite,13.029454565210854,unaltered,chemostatic,2
truth,13.542931243546331,unaltered,chemostatic,2
pw,13.808133436920416,base,dilution,3
beale,NA,base,dilution,3
rating,12.36996255940663,base,dilution,3
composite,12.838554603052716,base,dilution,3
truth,12.37838568044892,base,dilution,3
pw,25.250624885915,storm,dilution,3
beale,NA,storm,dilution,3
rating,14.875221273663524,storm,dilution,3
composite,13.790438938926501,storm,dilution,3
truth,18.130506435976848,storm,dilution,3
pw,14.884175646101388,unaltered,dilution,3
beale,NA,unaltered,dilution,3
rating,12.738956413020658,unaltered,dilution,3
composite,12.909239191242914,unaltered,dilution,3
truth,13.380277334871067,unaltered,dilution,3
pw,5.646097930510348,base,enrich,3
beale,NA,base,enrich,3
rating,16.08473870519831,base,enrich,3
composite,16.08247460857641,base,enrich,3
truth,14.427806451011977,base,enrich,3
pw,0.8883716171836944,storm,enrich,3
beale,NA,storm,enrich,3
rating,35.170187851980984,storm,enrich,3
composite,35.591224928725985,storm,enrich,3
truth,76.2991747791952,storm,enrich,3
pw,3.364635206662035,unaltered,enrich,3
beale,NA,unaltered,enrich,3
rating,13.907291999046016,unaltered,enrich,3
composite,14.04307730675164,unaltered,enrich,3
truth,13.914954537489525,unaltered,enrich,3
pw,13.101100721731195,base,none,3
beale,NA,base,none,3
rating,17.583992922112273,base,none,3
composite,17.13438015047015,base,none,3
truth,15.814287784523572,base,none,3
pw,5.508039851923465,storm,none,3
beale,NA,storm,none,3
rating,20.698508807258555,storm,none,3
composite,19.507200529715668,storm,none,3
truth,13.658058460343275,storm,none,3
pw,10.478884177211162,unaltered,none,3
beale,NA,unaltered,none,3
rating,16.114291893976976,unaltered,none,3
composite,15.560372939343262,unaltered,none,3
truth,13.507131852302832,unaltered,none,3
pw,12.927466756956386,base,chemostatic,3
beale,NA,base,chemostatic,3
rating,15.487767266179574,base,chemostatic,3
composite,15.489416012711846,base,chemostatic,3
truth,15.848467350354252,base,chemostatic,3
pw,5.4350396653024475,storm,chemostatic,3
beale,NA,storm,chemostatic,3
rating,12.995521972933917,storm,chemostatic,3
composite,12.880936941394657,storm,chemostatic,3
truth,13.743748649630732,storm,chemostatic,3
pw,10.340003464456462,unaltered,chemostatic,3
beale,NA,unaltered,chemostatic,3
rating,13.165199890027738,unaltered,chemostatic,3
composite,13.153803798307196,unaltered,chemostatic,3
truth,13.544475883828188,unaltered,chemostatic,3
pw,14.09975003322639,base,dilution,4
beale,NA,base,dilution,4
rating,12.196945400702038,base,dilution,4
composite,12.571945773849114,base,dilution,4
truth,12.420724320962236,base,dilution,4
pw,25.063830210371922,storm,dilution,4
beale,NA,storm,dilution,4
rating,13.632414180705679,storm,dilution,4
composite,13.85316866684971,storm,dilution,4
truth,18.070806588363975,storm,dilution,4
pw,14.591513837676134,unaltered,dilution,4
beale,NA,unaltered,dilution,4
rating,11.952794753128336,unaltered,dilution,4
composite,12.616881251689074,unaltered,dilution,4
truth,13.70652291506469,unaltered,dilution,4
pw,4.722424968667101,base,enrich,4
beale,NA,base,enrich,4
rating,12.03385952521685,base,enrich,4
composite,12.078613484607729,base,enrich,4
truth,13.570024813476884,base,enrich,4
pw,0.8574445126216489,storm,enrich,4
beale,NA,storm,enrich,4
rating,31.941986397376112,storm,enrich,4
composite,32.327189853660585,storm,enrich,4
truth,74.85450423729745,storm,enrich,4
pw,3.283275562571376,unaltered,enrich,4
beale,NA,unaltered,enrich,4
rating,12.341794315187153,unaltered,enrich,4
composite,12.39718169496395,unaltered,enrich,4
truth,13.796767290854405,unaltered,enrich,4
pw,11.742612001493193,base,none,4
beale,NA,base,none,4
rating,15.558132962940702,base,none,4
composite,15.477485347629857,base,none,4
truth,15.748925019906869,base,none,4
pw,4.978586851339576,storm,none,4
beale,NA,storm,none,4
rating,13.512497038711555,storm,none,4
composite,13.779275425877541,storm,none,4
truth,13.763703145983742,storm,none,4
pw,9.453503735932504,unaltered,none,4
beale,NA,unaltered,none,4
rating,13.297219914289574,unaltered,none,4
composite,13.314136190963872,unaltered,none,4
truth,13.547912315766295,unaltered,none,4
pw,12.636680246026692,base,chemostatic,4
beale,NA,base,chemostatic,4
rating,15.874481955009353,base,chemostatic,4
composite,15.969868005434737,base,chemostatic,4
truth,15.73925983343089,base,chemostatic,4
pw,5.357650419638411,storm,chemostatic,4
beale,NA,storm,chemostatic,4
rating,13.816709728365323,storm,chemostatic,4
composite,14.111056112086969,storm,chemostatic,4
truth,13.740902537136087,storm,chemostatic,4
pw,10.173282051762174,unaltered,chemostatic,4
beale,NA,unaltered,chemostatic,4
rating,13.607537005461296,unaltered,chemostatic,4
composite,13.729980413642204,unaltered,chemostatic,4
truth,13.536412542842669,unaltered,chemostatic,4
pw,13.466750221246091,base,dilution,5
beale,NA,base,dilution,5
rating,11.618933752118588,base,dilution,5
composite,11.810300011886955,base,dilution,5
truth,12.413329293133415,base,dilution,5
pw,24.934676024194363,storm,dilution,5
beale,NA,storm,dilution,5
rating,13.780996446933258,storm,dilution,5
composite,10.969925390836483,storm,dilution,5
truth,17.7151393901095,storm,dilution,5
pw,14.401717353712595,unaltered,dilution,5
beale,NA,unaltered,dilution,5
rating,11.854297077675666,unaltered,dilution,5
composite,11.790068162343273,unaltered,dilution,5
truth,13.860893617981896,unaltered,dilution,5
pw,4.467998586927482,base,enrich,5
beale,NA,base,enrich,5
rating,19.07246682613456,base,enrich,5
composite,19.01525659898724,base,enrich,5
truth,14.199623678888818,base,enrich,5
pw,0.8410766458222935,storm,enrich,5
beale,NA,storm,enrich,5
rating,34.69659936723051,storm,enrich,5
composite,35.08626490903887,storm,enrich,5
truth,76.01126889788138,storm,enrich,5
pw,3.2060307624845676,unaltered,enrich,5
beale,NA,unaltered,enrich,5
rating,14.754189939223384,unaltered,enrich,5
composite,14.850808529418096,unaltered,enrich,5
truth,13.87144079203328,unaltered,enrich,5
pw,12.61006502229619,base,none,5
beale,NA,base,none,5
rating,15.68532784868185,base,none,5
composite,16.477180244595537,base,none,5
truth,15.762894002338092,base,none,5
pw,5.378423806208729,storm,none,5
beale,NA,storm,none,5
rating,12.647987099519295,storm,none,5
composite,14.114336119737617,storm,none,5
truth,13.70437598963684,storm,none,5
pw,10.20050956377589,unaltered,none,5
beale,NA,unaltered,none,5
rating,13.189090567260578,unaltered,none,5
composite,13.99348759713113,unaltered,none,5
truth,13.512809885009661,unaltered,none,5
pw,12.868311385201794,base,chemostatic,5
beale,NA,base,chemostatic,5
rating,16.18871558232284,base,chemostatic,5
composite,16.467416180961507,base,chemostatic,5
truth,15.792846469172147,base,chemostatic,5
pw,5.488570612245213,storm,chemostatic,5
beale,NA,storm,chemostatic,5
rating,13.791803612506673,storm,chemostatic,5
composite,14.242412643856714,storm,chemostatic,5
truth,13.757344439144887,storm,chemostatic,5
pw,10.409409715358874,unaltered,chemostatic,5
beale,NA,unaltered,chemostatic,5
rating,13.769142217294542,unaltered,chemostatic,5
composite,14.054933427831529,unaltered,chemostatic,5
truth,13.539243088211169,unaltered,chemostatic,5
pw,14.491843395631685,base,dilution,6
beale,NA,base,dilution,6
rating,12.60672014309086,base,dilution,6
composite,12.703093206650065,base,dilution,6
truth,12.417206542259388,base,dilution,6
pw,26.58771998309423,storm,dilution,6
beale,NA,storm,dilution,6
rating,14.541927021289146,storm,dilution,6
composite,12.650939259876866,storm,dilution,6
truth,18.729047183155952,storm,dilution,6
pw,15.347050666486872,unaltered,dilution,6
beale,NA,unaltered,dilution,6
rating,12.625070114587585,unaltered,dilution,6
composite,12.752299403852863,unaltered,dilution,6
truth,13.448135976708869,unaltered,dilution,6
pw,5.406260725305818,base,enrich,6
beale,NA,base,enrich,6
rating,12.743133642585025,base,enrich,6
composite,12.807345630617773,base,enrich,6
truth,14.222597862877404,base,enrich,6
pw,0.8861981418590538,storm,enrich,6
beale,NA,storm,enrich,6
rating,34.20866838784025,storm,enrich,6
composite,34.53495297739547,storm,enrich,6
truth,76.1217288602951,storm,enrich,6
pw,3.390942469791067,unaltered,enrich,6
beale,NA,unaltered,enrich,6
rating,13.458514748620578,unaltered,enrich,6
composite,13.501988159007515,unaltered,enrich,6
truth,13.890315316572256,unaltered,enrich,6
pw,12.583790830950017,base,none,6
beale,NA,base,none,6
rating,14.092216836584269,base,none,6
composite,15.185871961692365,base,none,6
truth,15.781362894518784,base,none,6
pw,5.228399108357217,storm,none,6
beale,NA,storm,none,6
rating,11.005988154880466,storm,none,6
composite,12.061231354496773,storm,none,6
truth,13.683228572145712,storm,none,6
pw,9.913116754301042,unaltered,none,6
beale,NA,unaltered,none,6
rating,11.762105607857402,unaltered,none,6
composite,12.750869776070257,unaltered,none,6
truth,13.511092873147426,unaltered,none,6
pw,13.254581644423899,base,chemostatic,6
beale,NA,base,chemostatic,6
rating,15.776022040108998,base,chemostatic,6
composite,15.905581995185406,base,chemostatic,6
truth,15.81522266135015,base,chemostatic,6
pw,5.507103843534087,storm,chemostatic,6
beale,NA,storm,chemostatic,6
rating,13.423920412768863,storm,chemostatic,6
composite,13.541123717612196,storm,chemostatic,6
truth,13.744375869386813,storm,chemostatic,6
pw,10.441544772615227,unaltered,chemostatic,6
beale,NA,unaltered,chemostatic,6
rating,13.478060652151225,unaltered,chemostatic,6
composite,13.592154246187722,unaltered,chemostatic,6
truth,13.545553543028761,unaltered,chemostatic,6
pw,14.306737774384688,base,dilution,7
beale,NA,base,dilution,7
rating,12.01101551710729,base,dilution,7
composite,12.373380741706852,base,dilution,7
truth,12.394860487502438,base,dilution,7
pw,23.940634745320796,storm,dilution,7
beale,NA,storm,dilution,7
rating,12.153845314462906,storm,dilution,7
composite,13.721230689738087,storm,dilution,7
truth,17.207437813122418,storm,dilution,7
pw,14.925873856214322,unaltered,dilution,7
beale,NA,unaltered,dilution,7
rating,11.840106667820569,unaltered,dilution,7
composite,12.350362132291249,unaltered,dilution,7
truth,13.346357558125225,unaltered,dilution,7
pw,5.800843249718966,base,enrich,7
beale,NA,base,enrich,7
rating,20.03044809063681,base,enrich,7
composite,19.828085453847798,base,enrich,7
truth,14.313229497489875,base,enrich,7
pw,0.9452361521627148,storm,enrich,7
beale,NA,storm,enrich,7
rating,127.0155800806979,storm,enrich,7
composite,126.9089436067571,storm,enrich,7
truth,76.47762827204686,storm,enrich,7
pw,3.7105282440399288,unaltered,enrich,7
beale,NA,unaltered,enrich,7
rating,21.498089055814965,unaltered,enrich,7
composite,21.303678043608024,unaltered,enrich,7
truth,13.925565750261477,unaltered,enrich,7
pw,12.117377377395712,base,none,7
beale,NA,base,none,7
rating,13.077307969410665,base,none,7
composite,12.583135867264216,base,none,7
truth,15.817024298337966,base,none,7
pw,5.038881079355157,storm,none,7
beale,NA,storm,none,7
rating,10.08536732960134,storm,none,7
composite,9.18800756220892,storm,none,7
truth,13.76714369638041,storm,none,7
pw,9.502263321281546,unaltered,none,7
beale,NA,unaltered,none,7
rating,10.853353566849611,unaltered,none,7
composite,10.362920539818347,unaltered,none,7
truth,13.538872930282364,unaltered,none,7
pw,13.052906148350806,base,chemostatic,7
beale,NA,base,chemostatic,7
rating,16.020647526034804,base,chemostatic,7
composite,15.957790706244461,base,chemostatic,7
truth,15.818854121755944,base,chemostatic,7
pw,5.427910658639512,storm,chemostatic,7
beale,NA,storm,chemostatic,7
rating,14.091157456432718,storm,chemostatic,7
composite,14.08357073106643,storm,chemostatic,7
truth,13.733214861291195,storm,chemostatic,7
pw,10.235890776248272,unaltered,chemostatic,7
beale,NA,unaltered,chemostatic,7
rating,13.783016873101179,unaltered,chemostatic,7
composite,13.727437952463315,unaltered,chemostatic,7
truth,13.535632383806371,unaltered,chemostatic,7
pw,13.572054332861724,base,dilution,8
beale,NA,base,dilution,8
rating,11.917674739083298,base,dilution,8
composite,11.49979281256752,base,dilution,8
truth,12.509979385294846,base,dilution,8
pw,24.59062687773823,storm,dilution,8
beale,NA,storm,dilution,8
rating,13.65460555980474,storm,dilution,8
composite,10.670301916864272,storm,dilution,8
truth,17.954602384399948,storm,dilution,8
pw,14.243786801284452,unaltered,dilution,8
beale,NA,unaltered,dilution,8
rating,11.79906842190275,unaltered,dilution,8
composite,11.443978206119045,unaltered,dilution,8
truth,13.766227542738767,unaltered,dilution,8
pw,5.436315678989327,base,enrich,8
beale,NA,base,enrich,8
rating,11.557811696172344,base,enrich,8
composite,11.889605736945109,base,enrich,8
truth,14.425672471957073,base,enrich,8
pw,0.8927216015892276,storm,enrich,8
beale,NA,storm,enrich,8
rating,34.96624177836471,storm,enrich,8
composite,35.30395330237955,storm,enrich,8
truth,76.83504634602136,storm,enrich,8
pw,3.416696991087647,unaltered,enrich,8
beale,NA,unaltered,enrich,8
rating,13.124089629541013,unaltered,enrich,8
composite,13.194601909369934,unaltered,enrich,8
truth,13.953034776117759,unaltered,enrich,8
pw,13.905540357564744,base,none,8
beale,NA,base,none,8
rating,15.335176839494897,base,none,8
composite,15.286951755077936,base,none,8
truth,15.900526365939925,base,none,8
pw,5.83665418546804,storm,none,8
beale,NA,storm,none,8
rating,13.197200292580218,storm,none,8
composite,12.499820297019625,storm,none,8
truth,13.772020194697623,storm,none,8
pw,11.021975651954746,unaltered,none,8
beale,NA,unaltered,none,8
rating,13.197835031446932,unaltered,none,8
composite,13.030690403292015,unaltered,none,8
truth,13.55807729341468,unaltered,none,8
pw,12.983011246065152,base,chemostatic,8
beale,NA,base,chemostatic,8
rating,15.95032194788423,base,chemostatic,8
composite,15.773273379664504,base,chemostatic,8
truth,15.896381394405761,base,chemostatic,8
pw,5.449435619242313,storm,chemostatic,8
beale,NA,storm,chemostatic,8
rating,13.895080292394903,storm,chemostatic,8
composite,13.768875716105462,storm,chemostatic,8
truth,13.801208841826515,storm,chemostatic,8
pw,10.290749597899504,unaltered,chemostatic,8
beale,NA,unaltered,chemostatic,8
rating,13.521917319201712,unaltered,chemostatic,8
composite,13.372924274006815,unaltered,chemostatic,8
truth,13.55531991174954,unaltered,chemostatic,8
pw,14.094802791108004,base,dilution,9
beale,NA,base,dilution,9
rating,13.22517473388674,base,dilution,9
composite,13.460397805224636,base,dilution,9
truth,12.4495586043775,base,dilution,9
pw,24.770777827643357,storm,dilution,9
beale,NA,storm,dilution,9
rating,14.724867534906837,storm,dilution,9
composite,13.07361199779634,storm,dilution,9
truth,18.19674376779593,storm,dilution,9
pw,14.559335963304845,unaltered,dilution,9
beale,NA,unaltered,dilution,9
rating,12.544014247780115,unaltered,dilution,9
composite,12.588794447441906,unaltered,dilution,9
truth,13.563471329956077,unaltered,dilution,9
pw,5.205060254104404,base,enrich,9
beale,NA,base,enrich,9
rating,11.74095179783921,base,enrich,9
composite,12.04771245492439,base,enrich,9
truth,13.835754330042777,base,enrich,9
pw,0.8710320797022589,storm,enrich,9
beale,NA,storm,enrich,9
rating,33.39900230461224,storm,enrich,9
composite,33.88855222439424,storm,enrich,9
truth,75.37406585968047,storm,enrich,9
pw,3.2958742042847096,unaltered,enrich,9
beale,NA,unaltered,enrich,9
rating,12.981472417192709,unaltered,enrich,9
composite,13.13241982796703,unaltered,enrich,9
truth,13.828667879146467,unaltered,enrich,9
pw,12.254866422877917,base,none,9
beale,NA,base,none,9
rating,15.540126784139204,base,none,9
composite,15.272170685744282,base,none,9
truth,15.770318281614067,base,none,9
pw,5.12997260666688,storm,none,9
beale,NA,storm,none,9
rating,14.454503024348655,storm,none,9
composite,13.76207300301183,storm,none,9
truth,13.666601475682985,storm,none,9
pw,9.669786959159216,unaltered,none,9
beale,NA,unaltered,none,9
rating,13.543233132646893,unaltered,none,9
composite,13.243291597847579,unaltered,none,9
truth,13.500768289055292,unaltered,none,9
pw,13.147119434986061,base,chemostatic,9
beale,NA,base,chemostatic,9
rating,16.617764336126783,base,chemostatic,9
composite,16.75036368491406,base,chemostatic,9
truth,15.807180772213192,base,chemostatic,9
pw,5.503475944229647,storm,chemostatic,9
beale,NA,storm,chemostatic,9
rating,14.800703532455056,storm,chemostatic,9
composite,15.051166754425367,storm,chemostatic,9
truth,13.726916410031409,storm,chemostatic,9
pw,10.373825358520874,unaltered,chemostatic,9
beale,NA,unaltered,chemostatic,9
rating,14.346254719740086,unaltered,chemostatic,9
composite,14.482367271767727,unaltered,chemostatic,9
truth,13.53540051249743,unaltered,chemostatic,9
pw,13.737125074265053,base,dilution,10
beale,NA,base,dilution,10
rating,12.156873656636336,base,dilution,10
composite,13.160442315636097,base,dilution,10
truth,12.305073500603854,base,dilution,10
pw,24.251092266166708,storm,dilution,10
beale,NA,storm,dilution,10
rating,14.389896991031339,storm,dilution,10
composite,12.78399025402704,storm,dilution,10
truth,17.11233902032835,storm,dilution,10
pw,14.327517701669382,unaltered,dilution,10
beale,NA,unaltered,dilution,10
rating,12.332010271853772,unaltered,dilution,10
composite,12.409669339537873,unaltered,dilution,10
truth,13.522851385591201,unaltered,dilution,10
pw,4.884034594049743,base,enrich,10
beale,NA,base,enrich,10
rating,13.93877331207499,base,enrich,10
composite,13.798491283372094,base,enrich,10
truth,13.892474998268456,base,enrich,10
pw,0.8232170735364917,storm,enrich,10
beale,NA,storm,enrich,10
rating,42.10544892359218,storm,enrich,10
composite,42.41086545673395,storm,enrich,10
truth,75.77018707955159,storm,enrich,10
pw,3.1695687482500228,unaltered,enrich,10
beale,NA,unaltered,enrich,10
rating,15.277480720084927,unaltered,enrich,10
composite,15.324846714936584,unaltered,enrich,10
truth,13.783515801090697,unaltered,enrich,10
pw,15.673394718352727,base,none,10
beale,NA,base,none,10
rating,19.54474462494362,base,none,10
composite,20.742594038248626,base,none,10
truth,15.720118764467799,base,none,10
pw,6.642589057688092,storm,none,10
beale,NA,storm,none,10
rating,18.76157472365593,storm,none,10
composite,20.305840198758247,storm,none,10
truth,13.75277724740788,storm,none,10
pw,12.650113638116654,unaltered,none,10
beale,NA,unaltered,none,10
rating,17.23688271187681,unaltered,none,10
composite,18.332130508089055,unaltered,none,10
truth,13.560840796884042,unaltered,none,10
pw,12.73116040503109,base,chemostatic,10
beale,NA,base,chemostatic,10
rating,15.915597319273012,base,chemostatic,10
composite,15.826735420687607,base,chemostatic,10
truth,15.682140096097395,base,chemostatic,10
pw,5.3956317899087205,storm,chemostatic,10
beale,NA,storm,chemostatic,10
rating,14.71674743275129,storm,chemostatic,10
composite,14.483149432326272,storm,chemostatic,10
truth,13.728340441322876,storm,chemostatic,10
pw,10.275414405288515,unaltered,chemostatic,10
beale,NA,unaltered,chemostatic,10
rating,13.87026265579066,unaltered,chemostatic,10
composite,13.7652580678766,unaltered,chemostatic,10
truth,13.529380227520994,unaltered,chemostatic,10
pw,13.3008386408679,base,dilution,11
beale,NA,base,dilution,11
rating,12.013361479586013,base,dilution,11
composite,11.746792763048935,base,dilution,11
truth,12.264019289225399,base,dilution,11
pw,23.08490041294276,storm,dilution,11
beale,NA,storm,dilution,11
rating,13.497811310548256,storm,dilution,11
composite,11.711963346787797,storm,dilution,11
truth,17.10224092723496,storm,dilution,11
pw,13.69170628376942,unaltered,dilution,11
beale,NA,unaltered,dilution,11
rating,11.690349170559307,unaltered,dilution,11
composite,11.679692924459097,unaltered,dilution,11
truth,13.48725709448733,unaltered,dilution,11
pw,4.419529823445044,base,enrich,11
beale,NA,base,enrich,11
rating,12.419276100465384,base,enrich,11
composite,12.455075597535773,base,enrich,11
truth,13.627836595351543,base,enrich,11
pw,0.871237638119398,storm,enrich,11
beale,NA,storm,enrich,11
rating,37.42013164151852,storm,enrich,11
composite,37.73990540559574,storm,enrich,11
truth,75.34306695588887,storm,enrich,11
pw,3.3471276717259486,unaltered,enrich,11
beale,NA,unaltered,enrich,11
rating,13.370834151110564,unaltered,enrich,11
composite,13.454540502603827,unaltered,enrich,11
truth,13.672384197480628,unaltered,enrich,11
pw,12.32559838984125,base,none,11
beale,NA,base,none,11
rating,15.576793582215112,base,none,11
composite,15.957749127042995,base,none,11
truth,15.580141680591394,base,none,11
pw,5.349016870849955,storm,none,11
beale,NA,storm,none,11
rating,11.160982082341757,storm,none,11
composite,11.979982529949373,storm,none,11
truth,13.632045305593312,storm,none,11
pw,10.235402311119554,unaltered,none,11
beale,NA,unaltered,none,11
rating,12.527526745346101,unaltered,none,11
composite,13.019812770120389,unaltered,none,11
truth,13.494543880536849,unaltered,none,11
pw,12.175240163973413,base,chemostatic,11
beale,NA,base,chemostatic,11
rating,15.643403931607372,base,chemostatic,11
composite,15.675760772480862,base,chemostatic,11
truth,15.603481140358067,base,chemostatic,11
pw,5.283764973019094,storm,chemostatic,11
beale,NA,storm,chemostatic,11
rating,14.011963730444124,storm,chemostatic,11
composite,14.035779845045498,storm,chemostatic,11
truth,13.716817770447959,storm,chemostatic,11
pw,10.11054209063631,unaltered,chemostatic,11
beale,NA,unaltered,chemostatic,11
rating,13.590338652618868,unaltered,chemostatic,11
composite,13.628787142997112,unaltered,chemostatic,11
truth,13.521855211697197,unaltered,chemostatic,11
pw,15.060635903235646,base,dilution,12
beale,NA,base,dilution,12
rating,13.265309389933751,base,dilution,12
composite,13.693844074258395,base,dilution,12
truth,12.980968757971057,base,dilution,12
pw,28.437335541730604,storm,dilution,12
beale,NA,storm,dilution,12
rating,15.838787764316532,storm,dilution,12
composite,13.819400638170851,storm,dilution,12
truth,20.144508175190314,storm,dilution,12
pw,16.3632272102874,unaltered,dilution,12
beale,NA,unaltered,dilution,12
rating,13.539062837646467,unaltered,dilution,12
composite,13.632193719864873,unaltered,dilution,12
truth,14.523884275144606,unaltered,dilution,12
pw,5.841359211252565,base,enrich,12
beale,NA,base,enrich,12
rating,12.920574884393243,base,enrich,12
composite,12.847064680899427,base,enrich,12
truth,15.326371353798557,base,enrich,12
pw,0.8887603646784379,storm,enrich,12
beale,NA,storm,enrich,12
rating,29.426224966513317,storm,enrich,12
composite,29.79957802312,storm,enrich,12
truth,80.31647929743069,storm,enrich,12
pw,3.412755099058515,unaltered,enrich,12
beale,NA,unaltered,enrich,12
rating,11.857442513788639,unaltered,enrich,12
composite,11.898864075198178,unaltered,enrich,12
truth,14.572389447964458,unaltered,enrich,12
pw,14.668751638921682,base,none,12
beale,NA,base,none,12
rating,16.84185664999315,base,none,12
composite,17.39111062994505,base,none,12
truth,16.389153507518337,base,none,12
pw,6.005292926963454,storm,none,12
beale,NA,storm,none,12
rating,12.52468143567604,storm,none,12
composite,12.950105285598053,storm,none,12
truth,13.87747827243201,storm,none,12
pw,11.29769563614891,unaltered,none,12
beale,NA,unaltered,none,12
rating,13.672266428096492,unaltered,none,12
composite,14.148440892486859,unaltered,none,12
truth,13.595996233815528,unaltered,none,12
pw,13.219730677364163,base,chemostatic,12
beale,NA,base,chemostatic,12
rating,16.286022663467172,base,chemostatic,12
composite,16.334528413027545,base,chemostatic,12
truth,16.39354023124554,base,chemostatic,12
pw,5.412073030297263,storm,chemostatic,12
beale,NA,storm,chemostatic,12
rating,13.865467136863398,storm,chemostatic,12
composite,13.914404843453289,storm,chemostatic,12
truth,13.863780861824157,storm,chemostatic,12
pw,10.181677163885778,unaltered,chemostatic,12
beale,NA,unaltered,chemostatic,12
rating,13.530956597138601,unaltered,chemostatic,12
composite,13.571495676430864,unaltered,chemostatic,12
truth,13.5996235918339,unaltered,chemostatic,12
pw,13.748145098892548,base,dilution,13
beale,NA,base,dilution,13
rating,12.477213589372967,base,dilution,13
composite,12.550316858057899,base,dilution,13
truth,12.75034405004652,base,dilution,13
pw,25.01494692547394,storm,dilution,13
beale,NA,storm,dilution,13
rating,15.096376624989345,storm,dilution,13
composite,13.061291857943795,storm,dilution,13
truth,19.284266775978896,storm,dilution,13
pw,14.699804117432727,unaltered,dilution,13
beale,NA,unaltered,dilution,13
rating,12.773248836863498,unaltered,dilution,13
composite,12.80878352633468,unaltered,dilution,13
truth,13.971599834540852,unaltered,dilution,13
pw,5.782130616646108,base,enrich,13
beale,NA,base,enrich,13
rating,17.09711384275617,base,enrich,13
composite,17.1661638992783,base,enrich,13
truth,15.78763041523444,base,enrich,13
pw,0.9442626831431556,storm,enrich,13
beale,NA,storm,enrich,13
rating,34.044379723326834,storm,enrich,13
composite,34.55831579536964,storm,enrich,13
truth,79.5666590325555,storm,enrich,13
pw,3.5329446286659554,unaltered,enrich,13
beale,NA,unaltered,enrich,13
rating,14.165993534580064,unaltered,enrich,13
composite,14.37370840850891,unaltered,enrich,13
truth,14.333889750457368,unaltered,enrich,13
pw,12.929015660052054,base,none,13
beale,NA,base,none,13
rating,18.97448743832179,base,none,13
composite,20.425347612430965,base,none,13
truth,16.260353436454043,base,none,13
pw,5.26280814306007,storm,none,13
beale,NA,storm,none,13
rating,20.42300979748853,storm,none,13
composite,22.256108144919125,storm,none,13
truth,13.830413658043746,storm,none,13
pw,9.928446989380229,unaltered,none,13
beale,NA,unaltered,none,13
rating,16.114167447426038,unaltered,none,13
composite,17.425275598686802,unaltered,none,13
truth,13.56859041785767,unaltered,none,13
pw,13.398379382236772,base,chemostatic,13
beale,NA,base,chemostatic,13
rating,16.128276164926223,base,chemostatic,13
composite,16.00267849522956,base,chemostatic,13
truth,16.273772404768845,base,chemostatic,13
pw,5.453864545505542,storm,chemostatic,13
beale,NA,storm,chemostatic,13
rating,13.80496906857013,storm,chemostatic,13
composite,13.656419400856507,storm,chemostatic,13
truth,13.811385737106704,storm,chemostatic,13
pw,10.2888806803106,unaltered,chemostatic,13
beale,NA,unaltered,chemostatic,13
rating,13.484497935595494,unaltered,chemostatic,13
composite,13.363466971605977,unaltered,chemostatic,13
truth,13.577034469329519,unaltered,chemostatic,13
pw,12.740801699717407,base,dilution,14
beale,NA,base,dilution,14
rating,11.723277097473519,base,dilution,14
composite,12.035890901823336,base,dilution,14
truth,12.346898197103304,base,dilution,14
pw,23.5448296884572,storm,dilution,14
beale,NA,storm,dilution,14
rating,13.952766560973282,storm,dilution,14
composite,13.407609608872404,storm,dilution,14
truth,17.29096127950221,storm,dilution,14
pw,14.02347315754275,unaltered,dilution,14
beale,NA,unaltered,dilution,14
rating,12.094119926400383,unaltered,dilution,14
composite,12.506301951772732,unaltered,dilution,14
truth,13.424807555425481,unaltered,dilution,14
pw,4.257384678689224,base,enrich,14
beale,NA,base,enrich,14
rating,14.3588641044371,base,enrich,14
composite,14.436283026260853,base,enrich,14
truth,14.029577672576757,base,enrich,14
pw,0.7991379240353497,storm,enrich,14
beale,NA,storm,enrich,14
rating,31.249895305823692,storm,enrich,14
composite,31.593184374796376,storm,enrich,14
truth,75.64527123633955,storm,enrich,14
pw,3.115602953458842,unaltered,enrich,14
beale,NA,unaltered,enrich,14
rating,12.285087400247544,unaltered,enrich,14
composite,12.39096340421947,unaltered,enrich,14
truth,13.77257709235606,unaltered,enrich,14
pw,12.556411249728745,base,none,14
beale,NA,base,none,14
rating,22.850783343803442,base,none,14
composite,22.716996965003794,base,none,14
truth,15.713813166702202,base,none,14
pw,5.373521437303165,storm,none,14
beale,NA,storm,none,14
rating,29.27298804472345,storm,none,14
composite,29.87340305998777,storm,none,14
truth,13.700324388744873,storm,none,14
pw,10.258976380960267,unaltered,none,14
beale,NA,unaltered,none,14
rating,21.929156081503436,unaltered,none,14
composite,21.924013839117766,unaltered,none,14
truth,13.524359987509415,unaltered,none,14
pw,12.653188255338286,base,chemostatic,14
beale,NA,base,chemostatic,14
rating,15.942794755990125,base,chemostatic,14
composite,15.830087076652648,base,chemostatic,14
truth,15.714208384508911,base,chemostatic,14
pw,5.414937197263408,storm,chemostatic,14
beale,NA,storm,chemostatic,14
rating,14.24355573596113,storm,chemostatic,14
composite,14.180185313462163,storm,chemostatic,14
truth,13.749679696798873,storm,chemostatic,14
pw,10.338046188011209,unaltered,chemostatic,14
beale,NA,unaltered,chemostatic,14
rating,13.797947749301757,unaltered,chemostatic,14
composite,13.696790061824426,unaltered,chemostatic,14
truth,13.53136786995385,unaltered,chemostatic,14
pw,14.179903632281604,base,dilution,15
beale,NA,base,dilution,15
rating,12.08468565548834,base,dilution,15
composite,12.99351266562107,base,dilution,15
truth,12.193206232775701,base,dilution,15
pw,26.082339229707003,storm,dilution,15
beale,NA,storm,dilution,15
rating,14.44159241024618,storm,dilution,15
composite,14.645145306519066,storm,dilution,15
truth,17.294727778246685,storm,dilution,15
pw,15.163482409711325,unaltered,dilution,15
beale,NA,unaltered,dilution,15
rating,12.50422663831791,unaltered,dilution,15
composite,13.355855884429142,unaltered,dilution,15
truth,13.314855744720616,unaltered,dilution,15
pw,5.812331201183024,base,enrich,15
beale,NA,base,enrich,15
rating,15.110783406688425,base,enrich,15
composite,14.858841782130307,base,enrich,15
truth,13.771527575302875,base,enrich,15
pw,0.9261296644222814,storm,enrich,15
beale,NA,storm,enrich,15
rating,40.18084475350788,storm,enrich,15
composite,40.49578325647637,storm,enrich,15
truth,74.34979772668679,storm,enrich,15
pw,3.4802061203211405,unaltered,enrich,15
beale,NA,unaltered,enrich,15
rating,15.200281850186308,unaltered,enrich,15
composite,15.24953002748278,unaltered,enrich,15
truth,13.596647641739864,unaltered,enrich,15
pw,12.580421147348174,base,none,15
beale,NA,base,none,15
rating,13.858219633448343,base,none,15
composite,13.818971293945475,base,none,15
truth,15.622718038348044,base,none,15
pw,5.347598663236137,storm,none,15
beale,NA,storm,none,15
rating,11.43320113621985,storm,none,15
composite,10.768181520378274,storm,none,15
truth,13.747567225415638,storm,none,15
pw,10.157809924792588,unaltered,none,15
beale,NA,unaltered,none,15
rating,11.726634007772924,unaltered,none,15
composite,11.6035190286866,unaltered,none,15
truth,13.534725013247701,unaltered,none,15
pw,12.648528801153091,base,chemostatic,15
beale,NA,base,chemostatic,15
rating,16.48256940530554,base,chemostatic,15
composite,16.499260974051634,base,chemostatic,15
truth,15.601083354046894,base,chemostatic,15
pw,5.376549395026234,storm,chemostatic,15
beale,NA,storm,chemostatic,15
rating,15.770657730485818,storm,chemostatic,15
composite,15.835020009560811,storm,chemostatic,15
truth,13.730887974920204,storm,chemostatic,15
pw,10.212802090290937,unaltered,chemostatic,15
beale,NA,unaltered,chemostatic,15
rating,14.446863593727082,unaltered,chemostatic,15
composite,14.46669874247992,unaltered,chemostatic,15
truth,13.519525465159841,unaltered,chemostatic,15
pw,14.316761666267015,base,dilution,16
beale,NA,base,dilution,16
rating,13.069772241326465,base,dilution,16
composite,12.943930709555568,base,dilution,16
truth,12.562576759297254,base,dilution,16
pw,25.774864818704422,storm,dilution,16
beale,NA,storm,dilution,16
rating,14.132570034321038,storm,dilution,16
composite,12.484938934102663,storm,dilution,16
truth,17.342403305039504,storm,dilution,16
pw,14.891360605743209,unaltered,dilution,16
beale,NA,unaltered,dilution,16
rating,12.236342372109403,unaltered,dilution,16
composite,12.261382173554324,unaltered,dilution,16
truth,13.763382541003022,unaltered,dilution,16
pw,4.742101409137155,base,enrich,16
beale,NA,base,enrich,16
rating,13.25028843833704,base,enrich,16
composite,13.431368008643265,base,enrich,16
truth,14.659821812211687,base,enrich,16
pw,0.8723772610788392,storm,enrich,16
beale,NA,storm,enrich,16
rating,45.22297138782751,storm,enrich,16
composite,45.54061815969063,storm,enrich,16
truth,77.06653294315596,storm,enrich,16
pw,3.2993092512413877,unaltered,enrich,16
beale,NA,unaltered,enrich,16
rating,16.045707632643868,unaltered,enrich,16
composite,16.126532014394705,unaltered,enrich,16
truth,14.003486438873617,unaltered,enrich,16
pw,12.89764321294242,base,none,16
beale,NA,base,none,16
rating,15.47261921877172,base,none,16
composite,16.09782970943187,base,none,16
truth,16.048622858138923,base,none,16
pw,5.369055342150448,storm,none,16
beale,NA,storm,none,16
rating,15.670109659048636,storm,none,16
composite,16.459866021752994,storm,none,16
truth,13.778634883337942,storm,none,16
pw,10.152874445077416,unaltered,none,16
beale,NA,unaltered,none,16
rating,13.269477580699721,unaltered,none,16
composite,13.8142860199354,unaltered,none,16
truth,13.562140067316811,unaltered,none,16
pw,13.093180712647532,base,chemostatic,16
beale,NA,base,chemostatic,16
rating,15.90599311119453,base,chemostatic,16
composite,15.817791547110625,base,chemostatic,16
truth,16.040749118170915,base,chemostatic,16
pw,5.450454062835246,storm,chemostatic,16
beale,NA,storm,chemostatic,16
rating,13.763637063978182,storm,chemostatic,16
composite,13.65190219932721,storm,chemostatic,16
truth,13.810800142092326,storm,chemostatic,16
pw,10.306799286308737,unaltered,chemostatic,16
beale,NA,unaltered,chemostatic,16
rating,13.45923255639081,unaltered,chemostatic,16
composite,13.373926797507272,unaltered,chemostatic,16
truth,13.561152897128396,unaltered,chemostatic,16
pw,14.063536556732569,base,dilution,17
beale,NA,base,dilution,17
rating,12.117507978220049,base,dilution,17
composite,12.182290918265789,base,dilution,17
truth,12.485614291151494,base,dilution,17
pw,25.75526762690239,storm,dilution,17
beale,NA,storm,dilution,17
rating,14.143651420868444,storm,dilution,17
composite,12.303617149342502,storm,dilution,17
truth,17.662079733708183,storm,dilution,17
pw,14.843402675878947,unaltered,dilution,17
beale,NA,unaltered,dilution,17
rating,12.210746310650336,unaltered,dilution,17
composite,12.303962998991343,unaltered,dilution,17
truth,13.358351063128673,unaltered,dilution,17
pw,5.469641595046743,base,enrich,17
beale,NA,base,enrich,17
rating,12.81846092871471,base,enrich,17
composite,12.882286503825238,base,enrich,17
truth,15.047512175485597,base,enrich,17
pw,0.8868738259072745,storm,enrich,17
beale,NA,storm,enrich,17
rating,28.279406295368904,storm,enrich,17
composite,28.588359847560305,storm,enrich,17
truth,76.84931070211431,storm,enrich,17
pw,3.4430641087938247,unaltered,enrich,17
beale,NA,unaltered,enrich,17
rating,11.586123493569758,unaltered,enrich,17
composite,11.635058091101698,unaltered,enrich,17
truth,14.011194327439432,unaltered,enrich,17
pw,13.342085395982734,base,none,17
beale,NA,base,none,17
rating,16.57122089270348,base,none,17
composite,17.224948079550654,base,none,17
truth,15.954235802086394,base,none,17
pw,5.573070438951525,storm,none,17
beale,NA,storm,none,17
rating,15.450489528108765,storm,none,17
composite,15.567550723936868,storm,none,17
truth,13.730539327603802,storm,none,17
pw,10.579823680544195,unaltered,none,17
beale,NA,unaltered,none,17
rating,14.192557133104508,unaltered,none,17
composite,14.693285038571325,unaltered,none,17
truth,13.53710350557123,unaltered,none,17
pw,13.025505345701509,base,chemostatic,17
beale,NA,base,chemostatic,17
rating,15.959076921074207,base,chemostatic,17
composite,16.07148435946247,base,chemostatic,17
truth,15.977248178207894,base,chemostatic,17
pw,5.4408330212300555,storm,chemostatic,17
beale,NA,storm,chemostatic,17
rating,13.96559219041133,storm,chemostatic,17
composite,14.003381131439788,storm,chemostatic,17
truth,13.776519456192164,storm,chemostatic,17
pw,10.32878637915189,unaltered,chemostatic,17
beale,NA,unaltered,chemostatic,17
rating,13.579677448318673,unaltered,chemostatic,17
composite,13.667413734979448,unaltered,chemostatic,17
truth,13.558977993078786,unaltered,chemostatic,17
pw,13.441939913878027,base,dilution,18
beale,NA,base,dilution,18
rating,11.52768770506146,base,dilution,18
composite,12.1409277215766,base,dilution,18
truth,12.360964523888372,base,dilution,18
pw,25.512655324530968,storm,dilution,18
beale,NA,storm,dilution,18
rating,13.878089871523725,storm,dilution,18
composite,13.12723776657063,storm,dilution,18
truth,17.08072570918569,storm,dilution,18
pw,14.599695137235509,unaltered,dilution,18
beale,NA,unaltered,dilution,18
rating,11.928017503467117,unaltered,dilution,18
composite,12.418651914291603,unaltered,dilution,18
truth,13.489419104805595,unaltered,dilution,18
pw,4.697413988917703,base,enrich,18
beale,NA,base,enrich,18
rating,16.332623608843125,base,enrich,18
composite,16.310219786992178,base,enrich,18
truth,14.343692436658069,base,enrich,18
pw,0.8401845271052539,storm,enrich,18
beale,NA,storm,enrich,18
rating,37.651595488184476,storm,enrich,18
composite,38.08168533616822,storm,enrich,18
truth,74.77734679718436,storm,enrich,18
pw,3.211969070709853,unaltered,enrich,18
beale,NA,unaltered,enrich,18
rating,15.228489630850014,unaltered,enrich,18
composite,15.330442487241053,unaltered,enrich,18
truth,13.731861643702867,unaltered,enrich,18
pw,13.329844415392317,base,none,18
beale,NA,base,none,18
rating,23.384544111458585,base,none,18
composite,24.697018770929656,base,none,18
truth,15.900587791362046,base,none,18
pw,5.623626772513973,storm,none,18
beale,NA,storm,none,18
rating,22.729098381542652,storm,none,18
composite,25.058459351293333,storm,none,18
truth,13.859736309089328,storm,none,18
pw,10.705498820390835,unaltered,none,18
beale,NA,unaltered,none,18
rating,19.615129699336055,unaltered,none,18
composite,20.985645173593138,unaltered,none,18
truth,13.591980348094522,unaltered,none,18
pw,12.866789525835769,base,chemostatic,18
beale,NA,base,chemostatic,18
rating,15.892923286239984,base,chemostatic,18
composite,15.763495049918227,base,chemostatic,18
truth,15.850246166924059,base,chemostatic,18
pw,5.4282720637188175,storm,chemostatic,18
beale,NA,storm,chemostatic,18
rating,13.985851632502476,storm,chemostatic,18
composite,13.741372953979647,storm,chemostatic,18
truth,13.710828421501846,storm,chemostatic,18
pw,10.333608990364041,unaltered,chemostatic,18
beale,NA,unaltered,chemostatic,18
rating,13.602465295361123,unaltered,chemostatic,18
composite,13.467403291428374,unaltered,chemostatic,18
truth,13.53799399356447,unaltered,chemostatic,18
pw,13.678058756196283,base,dilution,19
beale,NA,base,dilution,19
rating,11.65579848751295,base,dilution,19
composite,11.827512856764155,base,dilution,19
truth,12.571368184158601,base,dilution,19
pw,26.10829065845526,storm,dilution,19
beale,NA,storm,dilution,19
rating,14.129135667082034,storm,dilution,19
composite,11.643999108346625,storm,dilution,19
truth,17.7001331338747,storm,dilution,19
pw,15.204289631131292,unaltered,dilution,19
beale,NA,unaltered,dilution,19
rating,12.40173986600424,unaltered,dilution,19
composite,12.237564324494006,unaltered,dilution,19
truth,14.123705626822975,unaltered,dilution,19
pw,5.3966588469040895,base,enrich,19
beale,NA,base,enrich,19
rating,15.79168395628919,base,enrich,19
composite,15.888384579820842,base,enrich,19
truth,14.510708779655532,base,enrich,19
pw,0.8961294454850781,storm,enrich,19
beale,NA,storm,enrich,19
rating,39.77357803227121,storm,enrich,19
composite,40.19023715362573,storm,enrich,19
truth,77.34996614052542,storm,enrich,19
pw,3.30252763448252,unaltered,enrich,19
beale,NA,unaltered,enrich,19
rating,14.760018560380729,unaltered,enrich,19
composite,14.958748377950316,unaltered,enrich,19
truth,14.000278774967637,unaltered,enrich,19
pw,11.891469308873337,base,none,19
beale,NA,base,none,19
rating,16.846074288167365,base,none,19
composite,16.983758150923176,base,none,19
truth,15.920809269736312,base,none,19
pw,5.038305616792649,storm,none,19
beale,NA,storm,none,19
rating,19.080705907788918,storm,none,19
composite,19.513337701429244,storm,none,19
truth,13.794710773792593,storm,none,19
pw,9.516203239713825,unaltered,none,19
beale,NA,unaltered,none,19
rating,15.541509878617857,unaltered,none,19
composite,15.638770409436429,unaltered,none,19
truth,13.546504224235536,unaltered,none,19
pw,13.317947609032524,base,chemostatic,19
beale,NA,base,chemostatic,19
rating,16.619967921814425,base,chemostatic,19
composite,16.674465913962898,base,chemostatic,19
truth,15.934562727612851,base,chemostatic,19
pw,5.64269128564872,storm,chemostatic,19
beale,NA,storm,chemostatic,19
rating,14.567417233928737,storm,chemostatic,19
composite,14.612955800870221,storm,chemostatic,19
truth,13.826799203140267,storm,chemostatic,19
pw,10.657749088150483,unaltered,chemostatic,19
beale,NA,unaltered,chemostatic,19
rating,14.140481814680268,unaltered,chemostatic,19
composite,14.193230844016794,unaltered,chemostatic,19
truth,13.56080469006128,unaltered,chemostatic,19
pw,14.006833285822024,base,dilution,20
beale,NA,base,dilution,20
rating,12.191233743458497,base,dilution,20
composite,12.088692980075137,base,dilution,20
truth,12.298880943432291,base,dilution,20
pw,25.57870835294347,storm,dilution,20
beale,NA,storm,dilution,20
rating,14.57594472393551,storm,dilution,20
composite,12.505834556205347,storm,dilution,20
truth,17.415724310194236,storm,dilution,20
pw,14.992231971867298,unaltered,dilution,20
beale,NA,unaltered,dilution,20
rating,12.613847305770944,unaltered,dilution,20
composite,12.741102681961891,unaltered,dilution,20
truth,13.626988339485179,unaltered,dilution,20
pw,3.9598621908771645,base,enrich,20
beale,NA,base,enrich,20
rating,12.981767271027488,base,enrich,20
composite,13.227236928783258,base,enrich,20
truth,14.199776839029065,base,enrich,20
pw,0.7704126490813792,storm,enrich,20
beale,NA,storm,enrich,20
rating,30.784543090793896,storm,enrich,20
composite,31.096545169036094,storm,enrich,20
truth,75.74086363603345,storm,enrich,20
pw,2.979895378346395,unaltered,enrich,20
beale,NA,unaltered,enrich,20
rating,11.317163660040038,unaltered,enrich,20
composite,11.406100714095556,unaltered,enrich,20
truth,13.774931687649907,unaltered,enrich,20
pw,13.45450248135058,base,none,20
beale,NA,base,none,20
rating,17.412846505764104,base,none,20
composite,17.202985395210273,base,none,20
truth,15.66005159781381,base,none,20
pw,5.736096340915747,storm,none,20
beale,NA,storm,none,20
rating,16.499630814899508,storm,none,20
composite,16.05655632579643,storm,none,20
truth,13.647929910475742,storm,none,20
pw,10.925007633392392,unaltered,none,20
beale,NA,unaltered,none,20
rating,15.011539715512228,unaltered,none,20
composite,14.798861682301652,unaltered,none,20
truth,13.498795079755912,unaltered,none,20
pw,12.813118268072214,base,chemostatic,20
beale,NA,base,chemostatic,20
rating,15.942779024112696,base,chemostatic,20
composite,16.15113038713198,base,chemostatic,20
truth,15.675670378372395,base,chemostatic,20
pw,5.46265318357814,storm,chemostatic,20
beale,NA,storm,chemostatic,20
rating,13.79803645688016,storm,chemostatic,20
composite,14.227178848214162,storm,chemostatic,20
truth,13.715883886656872,storm,chemostatic,20
pw,10.404205958583814,unaltered,chemostatic,20
beale,NA,unaltered,chemostatic,20
rating,13.674955202974376,unaltered,chemostatic,20
composite,13.897370837641517,unaltered,chemostatic,20
truth,13.515565667256256,unaltered,chemostatic,20
pw,13.82716544627109,base,dilution,21
beale,NA,base,dilution,21
rating,11.98651684728111,base,dilution,21
composite,12.21915484268891,base,dilution,21
truth,12.531840515303335,base,dilution,21
pw,25.4177321558786,storm,dilution,21
beale,NA,storm,dilution,21
rating,14.099193248460201,storm,dilution,21
composite,12.316061498375557,storm,dilution,21
truth,17.744324136951956,storm,dilution,21
pw,14.858206380621771,unaltered,dilution,21
beale,NA,unaltered,dilution,21
rating,12.30997818657658,unaltered,dilution,21
composite,12.452536276899824,unaltered,dilution,21
truth,13.794226798009655,unaltered,dilution,21
pw,6.032049886758523,base,enrich,21
beale,NA,base,enrich,21
rating,18.030825033573908,base,enrich,21
composite,18.0934844021943,base,enrich,21
truth,15.065541337339527,base,enrich,21
pw,0.8682902605074083,storm,enrich,21
beale,NA,storm,enrich,21
rating,39.25868692973398,storm,enrich,21
composite,39.62843052875159,storm,enrich,21
truth,77.12617200384555,storm,enrich,21
pw,3.36636995651137,unaltered,enrich,21
beale,NA,unaltered,enrich,21
rating,13.867556868404025,unaltered,enrich,21
composite,13.882401909163212,unaltered,enrich,21
truth,14.045004067799846,unaltered,enrich,21
pw,12.54427172465621,base,none,21
beale,NA,base,none,21
rating,14.72455948494162,base,none,21
composite,14.781147561761792,base,none,21
truth,16.036287153062514,base,none,21
pw,5.239691773552629,storm,none,21
beale,NA,storm,none,21
rating,10.572119551466523,storm,none,21
composite,10.867466496453757,storm,none,21
truth,13.803739547209577,storm,none,21
pw,10.020217270157408,unaltered,none,21
beale,NA,unaltered,none,21
rating,11.86375063618699,unaltered,none,21
composite,11.950603938358684,unaltered,none,21
truth,13.535755541254415,unaltered,none,21
pw,12.977832124737066,base,chemostatic,21
beale,NA,base,chemostatic,21
rating,16.210215058496306,base,chemostatic,21
composite,16.1524345948094,base,chemostatic,21
truth,16.06271204267101,base,chemostatic,21
pw,5.420788206371179,storm,chemostatic,21
beale,NA,storm,chemostatic,21
rating,13.640301176631793,storm,chemostatic,21
composite,13.643446055964246,storm,chemostatic,21
truth,13.760208765789923,storm,chemostatic,21
pw,10.366540237636462,unaltered,chemostatic,21
beale,NA,unaltered,chemostatic,21
rating,13.602942285143728,unaltered,chemostatic,21
composite,13.562607226648515,unaltered,chemostatic,21
truth,13.554143696802086,unaltered,chemostatic,21
pw,14.115007320413012,base,dilution,22
beale,NA,base,dilution,22
rating,12.17466355115908,base,dilution,22
composite,12.394258895086322,base,dilution,22
truth,12.426980526533722,base,dilution,22
pw,23.86529023439137,storm,dilution,22
beale,NA,storm,dilution,22
rating,14.454566547403461,storm,dilution,22
composite,16.11422700424154,storm,dilution,22
truth,17.64524046724474,storm,dilution,22
pw,14.060474556026334,unaltered,dilution,22
beale,NA,unaltered,dilution,22
rating,12.181844468203716,unaltered,dilution,22
composite,13.077577159054538,unaltered,dilution,22
truth,13.663652771462942,unaltered,dilution,22
pw,4.7564324952613815,base,enrich,22
beale,NA,base,enrich,22
rating,11.146306374409113,base,enrich,22
composite,11.31356978040191,base,enrich,22
truth,14.059596437710379,base,enrich,22
pw,0.8259849718712584,storm,enrich,22
beale,NA,storm,enrich,22
rating,21.84538166766042,storm,enrich,22
composite,22.227593805214948,storm,enrich,22
truth,74.87242772088528,storm,enrich,22
pw,3.2071451456462783,unaltered,enrich,22
beale,NA,unaltered,enrich,22
rating,9.423958254843027,unaltered,enrich,22
composite,9.532202362397964,unaltered,enrich,22
truth,13.766537907384366,unaltered,enrich,22
pw,12.485971035432335,base,none,22
beale,NA,base,none,22
rating,18.09175709457998,base,none,22
composite,18.57260053842712,base,none,22
truth,15.809421311349075,base,none,22
pw,5.198763589567819,storm,none,22
beale,NA,storm,none,22
rating,18.231557948028968,storm,none,22
composite,18.974538642220484,storm,none,22
truth,13.75097062761166,storm,none,22
pw,9.83181177744823,unaltered,none,22
beale,NA,unaltered,none,22
rating,16.25210995940815,unaltered,none,22
composite,16.676593268129622,unaltered,none,22
truth,13.543788419468905,unaltered,none,22
pw,13.287074470396867,base,chemostatic,22
beale,NA,base,chemostatic,22
rating,16.313767296374145,base,chemostatic,22
composite,16.324232370358764,base,chemostatic,22
truth,15.796975072456693,base,chemostatic,22
pw,5.53231773264189,storm,chemostatic,22
beale,NA,storm,chemostatic,22
rating,14.477235854460709,storm,chemostatic,22
composite,14.52966604561461,storm,chemostatic,22
truth,13.723118564447367,storm,chemostatic,22
pw,10.46262360333565,unaltered,chemostatic,22
beale,NA,unaltered,chemostatic,22
rating,14.029663818317406,unaltered,chemostatic,22
composite,14.043239377617121,unaltered,chemostatic,22
truth,13.531103640066263,unaltered,chemostatic,22
pw,13.296080748677017,base,dilution,23
beale,NA,base,dilution,23
rating,12.103437223882914,base,dilution,23
composite,12.57293798359117,base,dilution,23
truth,12.421625694459907,base,dilution,23
pw,24.619274717231697,storm,dilution,23
beale,NA,storm,dilution,23
rating,14.498447998884284,storm,dilution,23
composite,14.29521315496666,storm,dilution,23
truth,17.447224457699672,storm,dilution,23
pw,14.506977955457186,unaltered,dilution,23
beale,NA,unaltered,dilution,23
rating,12.44429589824897,unaltered,dilution,23
composite,12.865721324618432,unaltered,dilution,23
truth,13.657504434741567,unaltered,dilution,23
pw,5.545354536116846,base,enrich,23
beale,NA,base,enrich,23
rating,15.24687162730577,base,enrich,23
composite,15.335010591892184,base,enrich,23
truth,15.20797295942859,base,enrich,23
pw,0.8696930621139639,storm,enrich,23
beale,NA,storm,enrich,23
rating,36.335883639187166,storm,enrich,23
composite,36.58823341681781,storm,enrich,23
truth,76.95687406229541,storm,enrich,23
pw,3.339252555455375,unaltered,enrich,23
beale,NA,unaltered,enrich,23
rating,12.962062399017219,unaltered,enrich,23
composite,13.029210408358049,unaltered,enrich,23
truth,13.990686809695752,unaltered,enrich,23
pw,12.665207114096189,base,none,23
beale,NA,base,none,23
rating,14.627446664607804,base,none,23
composite,15.136973715498312,base,none,23
truth,16.016380858451374,base,none,23
pw,5.396319831210462,storm,none,23
beale,NA,storm,none,23
rating,12.976661994050046,storm,none,23
composite,12.972467275952193,storm,none,23
truth,13.920515727218504,storm,none,23
pw,10.274345595741488,unaltered,none,23
beale,NA,unaltered,none,23
rating,12.642497076573578,unaltered,none,23
composite,13.003657609662609,unaltered,none,23
truth,13.617357562650344,unaltered,none,23
pw,12.470716899999196,base,chemostatic,23
beale,NA,base,chemostatic,23
rating,15.923367481429507,base,chemostatic,23
composite,15.884227476246723,base,chemostatic,23
truth,15.945031115219454,base,chemostatic,23
pw,5.313452540541376,storm,chemostatic,23
beale,NA,storm,chemostatic,23
rating,13.798578427532853,storm,chemostatic,23
composite,13.802772247141446,storm,chemostatic,23
truth,13.796650045522096,storm,chemostatic,23
pw,10.116570072876314,unaltered,chemostatic,23
beale,NA,unaltered,chemostatic,23
rating,13.514489373914122,unaltered,chemostatic,23
composite,13.490213463333404,unaltered,chemostatic,23
truth,13.552980661568473,unaltered,chemostatic,23
pw,13.76998415813392,base,dilution,24
beale,NA,base,dilution,24
rating,12.032486084935805,base,dilution,24
composite,12.3351737535999,base,dilution,24
truth,12.519487346996117,base,dilution,24
pw,28.2280365972836,storm,dilution,24
beale,NA,storm,dilution,24
rating,14.573869861446735,storm,dilution,24
composite,14.763171217850326,storm,dilution,24
truth,17.931308208738507,storm,dilution,24
pw,16.007365657750913,unaltered,dilution,24
beale,NA,unaltered,dilution,24
rating,12.608196791485556,unaltered,dilution,24
composite,13.179234541345243,unaltered,dilution,24
truth,13.817038575858941,unaltered,dilution,24
pw,5.248755827300145,base,enrich,24
beale,NA,base,enrich,24
rating,14.697006508537232,base,enrich,24
composite,14.853216465290012,base,enrich,24
truth,14.493366955562582,base,enrich,24
pw,0.8645391524055339,storm,enrich,24
beale,NA,storm,enrich,24
rating,46.74925823041727,storm,enrich,24
composite,47.26303805713199,storm,enrich,24
truth,77.29868249888224,storm,enrich,24
pw,3.320773825499453,unaltered,enrich,24
beale,NA,unaltered,enrich,24
rating,19.010184445757062,unaltered,enrich,24
composite,19.312776342069526,unaltered,enrich,24
truth,14.01868358737233,unaltered,enrich,24
pw,13.079363280500514,base,none,24
beale,NA,base,none,24
rating,15.31519595050451,base,none,24
composite,15.102885935705167,base,none,24
truth,15.872905338404298,base,none,24
pw,5.511985912268302,storm,none,24
beale,NA,storm,none,24
rating,12.998412788536525,storm,none,24
composite,12.8762803753907,storm,none,24
truth,13.672461338908208,storm,none,24
pw,10.44828917432091,unaltered,none,24
beale,NA,unaltered,none,24
rating,12.966163994762969,unaltered,none,24
composite,12.731638366307434,unaltered,none,24
truth,13.51716358487269,unaltered,none,24
pw,12.6172319692076,base,chemostatic,24
beale,NA,base,chemostatic,24
rating,15.62092769159892,base,chemostatic,24
composite,15.374923759998278,base,chemostatic,24
truth,15.893682972616535,base,chemostatic,24
pw,5.3172316858708895,storm,chemostatic,24
beale,NA,storm,chemostatic,24
rating,13.84653153191152,storm,chemostatic,24
composite,13.444126907937669,storm,chemostatic,24
truth,13.765587617762337,storm,chemostatic,24
pw,10.079121235993588,unaltered,chemostatic,24
beale,NA,unaltered,chemostatic,24
rating,13.37213570879012,unaltered,chemostatic,24
composite,13.127267728935623,unaltered,chemostatic,24
truth,13.54266837626127,unaltered,chemostatic,24
pw,13.812163029449593,base,dilution,25
beale,NA,base,dilution,25
rating,12.480451007482666,base,dilution,25
composite,11.772996628652256,base,dilution,25
truth,12.246493669013285,base,dilution,25
pw,24.796927832233322,storm,dilution,25
beale,NA,storm,dilution,25
rating,16.524911407216592,storm,dilution,25
composite,11.060869963678456,storm,dilution,25
truth,17.100467979156168,storm,dilution,25
pw,15.76500990399674,unaltered,dilution,25
beale,NA,unaltered,dilution,25
rating,14.224252382260813,unaltered,dilution,25
composite,14.480450866921366,unaltered,dilution,25
truth,13.25291781523209,unaltered,dilution,25
pw,4.160220815295611,base,enrich,25
beale,NA,base,enrich,25
rating,11.035802810842956,base,enrich,25
composite,11.365171553592347,base,enrich,25
truth,14.29381457975592,base,enrich,25
pw,0.5877719668562821,storm,enrich,25
beale,NA,storm,enrich,25
rating,15.21127665211391,storm,enrich,25
composite,15.648180607663296,storm,enrich,25
truth,75.3025415902469,storm,enrich,25
pw,2.571589960326513,unaltered,enrich,25
beale,NA,unaltered,enrich,25
rating,7.206508625737748,unaltered,enrich,25
composite,7.440463226965397,unaltered,enrich,25
truth,13.76052776168774,unaltered,enrich,25
pw,12.852290473131012,base,none,25
beale,NA,base,none,25
rating,14.597910084537167,base,none,25
composite,15.607498638029751,base,none,25
truth,15.671649581561304,base,none,25
pw,5.4855665182237345,storm,none,25
beale,NA,storm,none,25
rating,12.082687448364839,storm,none,25
composite,13.911958044908246,storm,none,25
truth,13.673015496666109,storm,none,25
pw,10.424178638777228,unaltered,none,25
beale,NA,unaltered,none,25
rating,12.375157136247635,unaltered,none,25
composite,13.3690694451967,unaltered,none,25
truth,13.509141527651721,unaltered,none,25
pw,12.55460398860573,base,chemostatic,25
beale,NA,base,chemostatic,25
rating,16.09145900485612,base,chemostatic,25
composite,16.072692748104792,base,chemostatic,25
truth,15.70078834363315,base,chemostatic,25
pw,5.358509087032501,storm,chemostatic,25
beale,NA,storm,chemostatic,25
rating,14.278870186088366,storm,chemostatic,25
composite,14.387802969380155,storm,chemostatic,25
truth,13.729109973541481,storm,chemostatic,25
pw,10.182732407887213,unaltered,chemostatic,25
beale,NA,unaltered,chemostatic,25
rating,13.905509361646535,unaltered,chemostatic,25
composite,13.907201698943458,unaltered,chemostatic,25
truth,13.537668430225633,unaltered,chemostatic,25
pw,13.476244715456922,base,dilution,26
beale,NA,base,dilution,26
rating,11.871381868410996,base,dilution,26
composite,12.486305180278434,base,dilution,26
truth,12.359765261020193,base,dilution,26
pw,25.50159911493156,storm,dilution,26
beale,NA,storm,dilution,26
rating,13.943485589320408,storm,dilution,26
composite,12.815193467644267,storm,dilution,26
truth,17.205292215586447,storm,dilution,26
pw,14.701470291063345,unaltered,dilution,26
beale,NA,unaltered,dilution,26
rating,12.073168105764864,unaltered,dilution,26
composite,12.374304426369111,unaltered,dilution,26
truth,13.43240299754899,unaltered,dilution,26
pw,5.502041275886944,base,enrich,26
beale,NA,base,enrich,26
rating,14.27060854971114,base,enrich,26
composite,14.356001556402811,base,enrich,26
truth,14.005322333812034,base,enrich,26
pw,0.8464175422162472,storm,enrich,26
beale,NA,storm,enrich,26
rating,39.829834565238905,storm,enrich,26
composite,40.24457303261339,storm,enrich,26
truth,75.16225949147712,storm,enrich,26
pw,3.2489896185971916,unaltered,enrich,26
beale,NA,unaltered,enrich,26
rating,15.640116504498002,unaltered,enrich,26
composite,15.761188391846739,unaltered,enrich,26
truth,13.748180036272013,unaltered,enrich,26
pw,11.41434747199433,base,none,26
beale,NA,base,none,26
rating,15.56266067408866,base,none,26
composite,16.4561111458196,base,none,26
truth,15.766254251349595,base,none,26
pw,4.832943370246077,storm,none,26
beale,NA,storm,none,26
rating,12.196535454044438,storm,none,26
composite,14.071897876808764,storm,none,26
truth,13.778967298523144,storm,none,26
pw,9.159522957445462,unaltered,none,26
beale,NA,unaltered,none,26
rating,13.623634405120148,unaltered,none,26
composite,14.533028245799418,unaltered,none,26
truth,13.553155813650026,unaltered,none,26
pw,12.830949540376682,base,chemostatic,26
beale,NA,base,chemostatic,26
rating,15.96524731685352,base,chemostatic,26
composite,16.051280009933606,base,chemostatic,26
truth,15.755433471359074,base,chemostatic,26
pw,5.432746170315311,storm,chemostatic,26
beale,NA,storm,chemostatic,26
rating,14.002506144090887,storm,chemostatic,26
composite,14.098305713509742,storm,chemostatic,26
truth,13.754474651396025,storm,chemostatic,26
pw,10.29628519451146,unaltered,chemostatic,26
beale,NA,unaltered,chemostatic,26
rating,13.735803262428586,unaltered,chemostatic,26
composite,13.820443107053553,unaltered,chemostatic,26
truth,13.540790911049875,unaltered,chemostatic,26
pw,13.128830652018621,base,dilution,27
beale,NA,base,dilution,27
rating,11.534363963268456,base,dilution,27
composite,11.686520421091368,base,dilution,27
truth,12.37132326057552,base,dilution,27
pw,25.845097542988544,storm,dilution,27
beale,NA,storm,dilution,27
rating,14.652165735785227,storm,dilution,27
composite,11.700184033780053,storm,dilution,27
truth,18.210620386044866,storm,dilution,27
pw,14.990393174900777,unaltered,dilution,27
beale,NA,unaltered,dilution,27
rating,12.537772844673988,unaltered,dilution,27
composite,12.290449006245858,unaltered,dilution,27
truth,13.673341455155533,unaltered,dilution,27
pw,5.27992228585298,base,enrich,27
beale,NA,base,enrich,27
rating,15.548235585239658,base,enrich,27
composite,15.480881263139604,base,enrich,27
truth,14.560593148365875,base,enrich,27
pw,0.8383550713056914,storm,enrich,27
beale,NA,storm,enrich,27
rating,36.52009100321392,storm,enrich,27
composite,36.97396750566549,storm,enrich,27
truth,77.96684083601427,storm,enrich,27
pw,3.186412733748689,unaltered,enrich,27
beale,NA,unaltered,enrich,27
rating,14.092602291238883,unaltered,enrich,27
composite,14.213678018916045,unaltered,enrich,27
truth,13.934920836148684,unaltered,enrich,27
pw,11.756424291127649,base,none,27
beale,NA,base,none,27
rating,13.505199840006066,base,none,27
composite,13.953752228750337,base,none,27
truth,15.811308473126104,base,none,27
pw,4.960493593441348,storm,none,27
beale,NA,storm,none,27
rating,11.228990203717322,storm,none,27
composite,11.736083420827264,storm,none,27
truth,13.807959125127109,storm,none,27
pw,9.366744643391174,unaltered,none,27
beale,NA,unaltered,none,27
rating,12.181040304193168,unaltered,none,27
composite,12.490685553682827,unaltered,none,27
truth,13.557130539048682,unaltered,none,27
pw,12.944960528092919,base,chemostatic,27
beale,NA,base,chemostatic,27
rating,16.31460359584722,base,chemostatic,27
composite,16.20016889157001,base,chemostatic,27
truth,15.791010720831157,base,chemostatic,27
pw,5.461983352830902,storm,chemostatic,27
beale,NA,storm,chemostatic,27
rating,14.738228513385856,storm,chemostatic,27
composite,14.60463151068184,storm,chemostatic,27
truth,13.801945074577157,storm,chemostatic,27
pw,10.313692044691788,unaltered,chemostatic,27
beale,NA,unaltered,chemostatic,27
rating,13.97810869824916,unaltered,chemostatic,27
composite,13.874519533952816,unaltered,chemostatic,27
truth,13.539539066189366,unaltered,chemostatic,27
pw,14.73614648778442,base,dilution,28
beale,NA,base,dilution,28
rating,12.619461479479801,base,dilution,28
composite,12.99613637988524,base,dilution,28
truth,12.345810962522789,base,dilution,28
pw,26.827851626393883,storm,dilution,28
beale,NA,storm,dilution,28
rating,14.721084478542116,storm,dilution,28
composite,13.859751284522522,storm,dilution,28
truth,17.48931658647379,storm,dilution,28
pw,15.607180298922472,unaltered,dilution,28
beale,NA,unaltered,dilution,28
rating,12.829661201131376,unaltered,dilution,28
composite,13.085179106493078,unaltered,dilution,28
truth,13.28873556344182,unaltered,dilution,28
pw,4.681881236991672,base,enrich,28
beale,NA,base,enrich,28
rating,13.201344702360199,base,enrich,28
composite,13.250871451209871,base,enrich,28
truth,13.797912073738079,base,enrich,28
pw,0.8669579107799656,storm,enrich,28
beale,NA,storm,enrich,28
rating,33.057368107580395,storm,enrich,28
composite,33.4508236269517,storm,enrich,28
truth,74.68285744754786,storm,enrich,28
pw,3.3236892631694634,unaltered,enrich,28
beale,NA,unaltered,enrich,28
rating,12.89089501356428,unaltered,enrich,28
composite,13.06058878202576,unaltered,enrich,28
truth,13.745002892049115,unaltered,enrich,28
pw,13.471077312747033,base,none,28
beale,NA,base,none,28
rating,17.466747881806022,base,none,28
composite,18.54671174178606,base,none,28
truth,15.724879853574699,base,none,28
pw,5.784121424583241,storm,none,28
beale,NA,storm,none,28
rating,16.95785264264329,storm,none,28
composite,18.74043055108602,storm,none,28
truth,13.690029846995044,storm,none,28
pw,10.961455779267474,unaltered,none,28
beale,NA,unaltered,none,28
rating,15.419874658815912,unaltered,none,28
composite,16.45060544533536,unaltered,none,28
truth,13.532797189015564,unaltered,none,28
pw,12.667099132679896,base,chemostatic,28
beale,NA,base,chemostatic,28
rating,14.995017680543548,base,chemostatic,28
composite,15.21074601075909,base,chemostatic,28
truth,15.71976405840584,base,chemostatic,28
pw,5.438914630185039,storm,chemostatic,28
beale,NA,storm,chemostatic,28
rating,12.580211040055135,storm,chemostatic,28
composite,12.654299622032722,storm,chemostatic,28
truth,13.76640189144503,storm,chemostatic,28
pw,10.307256336735678,unaltered,chemostatic,28
beale,NA,unaltered,chemostatic,28
rating,12.849397937238122,unaltered,chemostatic,28
composite,13.021664228369541,unaltered,chemostatic,28
truth,13.538643952692219,unaltered,chemostatic,28
pw,13.672205361397824,base,dilution,29
beale,NA,base,dilution,29
rating,12.159924712922535,base,dilution,29
composite,12.33469741990745,base,dilution,29
truth,12.542744455887775,base,dilution,29
pw,25.466243182333447,storm,dilution,29
beale,NA,storm,dilution,29
rating,14.396558366647476,storm,dilution,29
composite,12.545988367285686,storm,dilution,29
truth,17.386323205336417,storm,dilution,29
pw,14.757995923779323,unaltered,dilution,29
beale,NA,unaltered,dilution,29
rating,12.337220089949344,unaltered,dilution,29
composite,12.378337143559397,unaltered,dilution,29
truth,13.523529989244036,unaltered,dilution,29
pw,5.282177438673994,base,enrich,29
beale,NA,base,enrich,29
rating,13.758323615743778,base,enrich,29
composite,14.17144321114535,base,enrich,29
truth,14.507560751398408,base,enrich,29
pw,0.8581828150330498,storm,enrich,29
beale,NA,storm,enrich,29
rating,39.7474348860738,storm,enrich,29
composite,40.239924785477,storm,enrich,29
truth,77.15015412287663,storm,enrich,29
pw,3.2056024806862924,unaltered,enrich,29
beale,NA,unaltered,enrich,29
rating,15.60776279390699,unaltered,enrich,29
composite,15.760603689313868,unaltered,enrich,29
truth,13.988066210660085,unaltered,enrich,29
pw,12.021402632286824,base,none,29
beale,NA,base,none,29
rating,11.508711002241684,base,none,29
composite,11.753036040073182,base,none,29
truth,15.968230545319566,base,none,29
pw,5.0301300031611245,storm,none,29
beale,NA,storm,none,29
rating,6.620248353283083,storm,none,29
composite,6.951920757799788,storm,none,29
truth,13.726532418208102,storm,none,29
pw,9.480561133684066,unaltered,none,29
beale,NA,unaltered,none,29
rating,9.198115909688873,unaltered,none,29
composite,9.406122644679375,unaltered,none,29
truth,13.53603255080955,unaltered,none,29
pw,13.098159995524535,base,chemostatic,29
beale,NA,base,chemostatic,29
rating,16.637080598933863,base,chemostatic,29
composite,16.62179744336436,base,chemostatic,29
truth,15.986318729988184,base,chemostatic,29
pw,5.480678885402192,storm,chemostatic,29
beale,NA,storm,chemostatic,29
rating,14.815060888934298,storm,chemostatic,29
composite,14.872888945555076,storm,chemostatic,29
truth,13.804221430077074,storm,chemostatic,29
pw,10.32973525425652,unaltered,chemostatic,29
beale,NA,unaltered,chemostatic,29
rating,14.193080505331244,unaltered,chemostatic,29
composite,14.189971564932636,unaltered,chemostatic,29
truth,13.559181642189277,unaltered,chemostatic,29
pw,14.274778533852553,base,dilution,30
beale,NA,base,dilution,30
rating,12.453396266422796,base,dilution,30
composite,12.609872687360768,base,dilution,30
truth,12.391493735958157,base,dilution,30
pw,25.90920107983944,storm,dilution,30
beale,NA,storm,dilution,30
rating,15.034617617072461,storm,dilution,30
composite,12.168275038558548,storm,dilution,30
truth,17.141057831293622,storm,dilution,30
pw,15.255797891612005,unaltered,dilution,30
beale,NA,unaltered,dilution,30
rating,12.687405975806623,unaltered,dilution,30
composite,12.793416719546109,unaltered,dilution,30
truth,13.382418088343458,unaltered,dilution,30
pw,5.338910647135954,base,enrich,30
beale,NA,base,enrich,30
rating,17.149114324744772,base,enrich,30
composite,17.42935760352162,base,enrich,30
truth,14.585759341182355,base,enrich,30
pw,0.8380991864117779,storm,enrich,30
beale,NA,storm,enrich,30
rating,35.8516545215626,storm,enrich,30
composite,36.35741858941433,storm,enrich,30
truth,75.82022390500218,storm,enrich,30
pw,3.3043567075050135,unaltered,enrich,30
beale,NA,unaltered,enrich,30
rating,18.467631647190824,unaltered,enrich,30
composite,18.692789210070128,unaltered,enrich,30
truth,13.812410996811343,unaltered,enrich,30
pw,12.93530777007301,base,none,30
beale,NA,base,none,30
rating,16.700638087411892,base,none,30
composite,16.474510527806952,base,none,30
truth,15.814119815438575,base,none,30
pw,5.377678842701492,storm,none,30
beale,NA,storm,none,30
rating,16.12779663454576,storm,none,30
composite,15.994515085611232,storm,none,30
truth,13.726815882956249,storm,none,30
pw,10.20805039587126,unaltered,none,30
beale,NA,unaltered,none,30
rating,14.48016686952844,unaltered,none,30
composite,14.273669381248219,unaltered,none,30
truth,13.52875411992294,unaltered,none,30
pw,13.041241832923205,base,chemostatic,30
beale,NA,base,chemostatic,30
rating,15.657592540036745,base,chemostatic,30
composite,15.764961952000268,base,chemostatic,30
truth,15.811136717881796,base,chemostatic,30
pw,5.421719493193697,storm,chemostatic,30
beale,NA,storm,chemostatic,30
rating,13.520830227948702,storm,chemostatic,30
composite,13.51920844489049,storm,chemostatic,30
truth,13.714314984536799,storm,chemostatic,30
pw,10.291649508581669,unaltered,chemostatic,30
beale,NA,unaltered,chemostatic,30
rating,13.388111590166647,unaltered,chemostatic,30
composite,13.474070011823812,unaltered,chemostatic,30
truth,13.52707934342282,unaltered,chemostatic,30
pw,14.210622676420533,base,dilution,31
beale,NA,base,dilution,31
rating,12.445320241132007,base,dilution,31
composite,12.546323419094906,base,dilution,31
truth,12.360285762960174,base,dilution,31
pw,24.436267997050805,storm,dilution,31
beale,NA,storm,dilution,31
rating,14.085393492298259,storm,dilution,31
composite,13.997918262902921,storm,dilution,31
truth,17.684860667374192,storm,dilution,31
pw,14.556562655551891,unaltered,dilution,31
beale,NA,unaltered,dilution,31
rating,12.321525646303284,unaltered,dilution,31
composite,12.588263513230741,unaltered,dilution,31
truth,13.65252883321135,unaltered,dilution,31
pw,5.178778027942793,base,enrich,31
beale,NA,base,enrich,31
rating,12.145802123400129,base,enrich,31
composite,12.281982221702783,base,enrich,31
truth,14.436011853849891,base,enrich,31
pw,0.9348346259655963,storm,enrich,31
beale,NA,storm,enrich,31
rating,28.50056139733294,storm,enrich,31
composite,28.87194534422429,storm,enrich,31
truth,75.96922841992247,storm,enrich,31
pw,3.455114838697057,unaltered,enrich,31
beale,NA,unaltered,enrich,31
rating,12.24277511663657,unaltered,enrich,31
composite,12.300385928272595,unaltered,enrich,31
truth,13.769978056896845,unaltered,enrich,31
pw,10.80416294138136,base,none,31
beale,NA,base,none,31
rating,15.112723592398984,base,none,31
composite,15.346218070691476,base,none,31
truth,15.826731664742274,base,none,31
pw,4.529918806168856,storm,none,31
beale,NA,storm,none,31
rating,17.020519476045088,storm,none,31
composite,17.070912354772883,storm,none,31
truth,13.771404270687311,storm,none,31
pw,8.591646616099906,unaltered,none,31
beale,NA,unaltered,none,31
rating,13.579359752052158,unaltered,none,31
composite,13.748993370542847,unaltered,none,31
truth,13.563260039963467,unaltered,none,31
pw,12.653771630342833,base,chemostatic,31
beale,NA,base,chemostatic,31
rating,16.266172304400836,base,chemostatic,31
composite,16.352759399306382,base,chemostatic,31
truth,15.785325725043014,base,chemostatic,31
pw,5.305414069396408,storm,chemostatic,31
beale,NA,storm,chemostatic,31
rating,15.093585274124576,storm,chemostatic,31
composite,15.163114576082997,storm,chemostatic,31
truth,13.736852874574284,storm,chemostatic,31
pw,10.062485617681373,unaltered,chemostatic,31
beale,NA,unaltered,chemostatic,31
rating,14.100698887684183,unaltered,chemostatic,31
composite,14.17354121618364,unaltered,chemostatic,31
truth,13.526455221431902,unaltered,chemostatic,31
pw,13.217955042308127,base,dilution,32
beale,NA,base,dilution,32
rating,11.792769946684658,base,dilution,32
composite,12.198170590784972,base,dilution,32
truth,12.6046964779266,base,dilution,32
pw,26.007044581673977,storm,dilution,32
beale,NA,storm,dilution,32
rating,13.77551330979785,storm,dilution,32
composite,11.748588401329451,storm,dilution,32
truth,17.553784217884925,storm,dilution,32
pw,14.90518715399202,unaltered,dilution,32
beale,NA,unaltered,dilution,32
rating,11.99031515365331,unaltered,dilution,32
composite,12.189784722963738,unaltered,dilution,32
truth,13.643575790629162,unaltered,dilution,32
pw,6.647673957404183,base,enrich,32
beale,NA,base,enrich,32
rating,22.50225759850312,base,enrich,32
composite,22.590736017105513,base,enrich,32
truth,14.432141044560757,base,enrich,32
pw,0.90607621142106,storm,enrich,32
beale,NA,storm,enrich,32
rating,50.73333145447874,storm,enrich,32
composite,51.204061539550096,storm,enrich,32
truth,76.4989918728385,storm,enrich,32
pw,3.3859607027100638,unaltered,enrich,32
beale,NA,unaltered,enrich,32
rating,18.8812649496501,unaltered,enrich,32
composite,19.000783603625504,unaltered,enrich,32
truth,14.035097881178556,unaltered,enrich,32
pw,12.436926886893865,base,none,32
beale,NA,base,none,32
rating,17.2162741227583,base,none,32
composite,17.611928658796835,base,none,32
truth,16.008178238825792,base,none,32
pw,5.222271284248938,storm,none,32
beale,NA,storm,none,32
rating,15.877346939988582,storm,none,32
composite,16.0301233150567,storm,none,32
truth,13.71047606556721,storm,none,32
pw,9.884869427483709,unaltered,none,32
beale,NA,unaltered,none,32
rating,14.913024483442934,unaltered,none,32
composite,15.231578862399811,unaltered,none,32
truth,13.525945356106492,unaltered,none,32
pw,12.72002093213702,base,chemostatic,32
beale,NA,base,chemostatic,32
rating,15.45076743260579,base,chemostatic,32
composite,15.466305688731769,base,chemostatic,32
truth,16.03549453687654,base,chemostatic,32
pw,5.3411426032379685,storm,chemostatic,32
beale,NA,storm,chemostatic,32
rating,12.799037080110699,storm,chemostatic,32
composite,12.772757605898894,storm,chemostatic,32
truth,13.770867934184537,storm,chemostatic,32
pw,10.109872573226706,unaltered,chemostatic,32
beale,NA,unaltered,chemostatic,32
rating,12.928286917174987,unaltered,chemostatic,32
composite,12.940266474018175,unaltered,chemostatic,32
truth,13.553055063675767,unaltered,chemostatic,32
pw,13.722333733667499,base,dilution,33
beale,NA,base,dilution,33
rating,12.064938769346588,base,dilution,33
composite,11.934205736154302,base,dilution,33
truth,12.517908778670607,base,dilution,33
pw,28.25966264743969,storm,dilution,33
beale,NA,storm,dilution,33
rating,15.191090663657747,storm,dilution,33
composite,11.568877631512246,storm,dilution,33
truth,17.40625293215459,storm,dilution,33
pw,15.658079753879404,unaltered,dilution,33
beale,NA,unaltered,dilution,33
rating,12.817132605539246,unaltered,dilution,33
composite,12.583572823750606,unaltered,dilution,33
truth,13.705657907136155,unaltered,dilution,33
pw,5.205041389286057,base,enrich,33
beale,NA,base,enrich,33
rating,11.386600499327045,base,enrich,33
composite,11.291565325572304,base,enrich,33
truth,14.169911009387045,base,enrich,33
pw,0.8689051386363982,storm,enrich,33
beale,NA,storm,enrich,33
rating,25.188365710518873,storm,enrich,33
composite,25.652854692386445,storm,enrich,33
truth,77.01208771238296,storm,enrich,33
pw,3.1964483457907966,unaltered,enrich,33
beale,NA,unaltered,enrich,33
rating,11.139166706031864,unaltered,enrich,33
composite,11.284611929969971,unaltered,enrich,33
truth,13.992241624580785,unaltered,enrich,33
pw,12.49159867606604,base,none,33
beale,NA,base,none,33
rating,13.493989444793897,base,none,33
composite,13.190024491331757,base,none,33
truth,15.882393035430688,base,none,33
pw,5.136158774966042,storm,none,33
beale,NA,storm,none,33
rating,10.859252209149561,storm,none,33
composite,10.863687737314875,storm,none,33
truth,13.781074235234438,storm,none,33
pw,9.679521694758638,unaltered,none,33
beale,NA,unaltered,none,33
rating,11.272307812525812,unaltered,none,33
composite,11.034319525629712,unaltered,none,33
truth,13.571185727479051,unaltered,none,33
pw,13.374855994266378,base,chemostatic,33
beale,NA,base,chemostatic,33
rating,16.326543627682153,base,chemostatic,33
composite,16.37535653752672,base,chemostatic,33
truth,15.85956338003834,base,chemostatic,33
pw,5.499326848410449,storm,chemostatic,33
beale,NA,storm,chemostatic,33
rating,14.521447043831065,storm,chemostatic,33
composite,14.72875535099623,storm,chemostatic,33
truth,13.776238656723974,storm,chemostatic,33
pw,10.363942367827121,unaltered,chemostatic,33
beale,NA,unaltered,chemostatic,33
rating,14.089620432231687,unaltered,chemostatic,33
composite,14.14914293695156,unaltered,chemostatic,33
truth,13.55202115236514,unaltered,chemostatic,33
pw,14.131985053851146,base,dilution,34
beale,NA,base,dilution,34
rating,12.455085187519666,base,dilution,34
composite,13.132718908734207,base,dilution,34
truth,12.42572025958833,base,dilution,34
pw,25.0306534790755,storm,dilution,34
beale,NA,storm,dilution,34
rating,13.964596321658227,storm,dilution,34
composite,15.538919743939692,storm,dilution,34
truth,17.536576161320777,storm,dilution,34
pw,14.501568303852732,unaltered,dilution,34
beale,NA,unaltered,dilution,34
rating,11.997998988915393,unaltered,dilution,34
composite,12.852796468722762,unaltered,dilution,34
truth,13.424911800351179,unaltered,dilution,34
pw,5.2044547556732,base,enrich,34
beale,NA,base,enrich,34
rating,14.571707736850701,base,enrich,34
composite,14.602907073023427,base,enrich,34
truth,14.533210147701698,base,enrich,34
pw,0.9020917082024275,storm,enrich,34
beale,NA,storm,enrich,34
rating,40.283434009541324,storm,enrich,34
composite,40.64340375243537,storm,enrich,34
truth,76.88986395270035,storm,enrich,34
pw,3.407253265254126,unaltered,enrich,34
beale,NA,unaltered,enrich,34
rating,15.398025322463221,unaltered,enrich,34
composite,15.420490788645038,unaltered,enrich,34
truth,13.967940348622147,unaltered,enrich,34
pw,13.07301409411856,base,none,34
beale,NA,base,none,34
rating,14.016310926321356,base,none,34
composite,14.784215054748318,base,none,34
truth,15.803229630805996,base,none,34
pw,5.509688482422004,storm,none,34
beale,NA,storm,none,34
rating,10.51265023727434,storm,none,34
composite,10.66295949619158,storm,none,34
truth,13.627754006309187,storm,none,34
pw,10.446180654683726,unaltered,none,34
beale,NA,unaltered,none,34
rating,11.987041463000793,unaltered,none,34
composite,12.56757168176627,unaltered,none,34
truth,13.494920988050888,unaltered,none,34
pw,13.095905304028788,base,chemostatic,34
beale,NA,base,chemostatic,34
rating,15.639240430639019,base,chemostatic,34
composite,15.763666273625775,base,chemostatic,34
truth,15.850335606208176,base,chemostatic,34
pw,5.5193360996190055,storm,chemostatic,34
beale,NA,storm,chemostatic,34
rating,12.990033046869186,storm,chemostatic,34
composite,13.132200672681556,storm,chemostatic,34
truth,13.743747660688426,storm,chemostatic,34
pw,10.464472206456326,unaltered,chemostatic,34
beale,NA,unaltered,chemostatic,34
rating,13.292698193599916,unaltered,chemostatic,34
composite,13.404311646002853,unaltered,chemostatic,34
truth,13.5428045144952,unaltered,chemostatic,34
pw,13.803089913422449,base,dilution,35
beale,NA,base,dilution,35
rating,12.130556575248917,base,dilution,35
composite,11.656038101717856,base,dilution,35
truth,12.39032476930039,base,dilution,35
pw,24.480411673526167,storm,dilution,35
beale,NA,storm,dilution,35
rating,13.368910063379241,storm,dilution,35
composite,11.074200816905659,storm,dilution,35
truth,19.161460046770177,storm,dilution,35
pw,14.100581747749827,unaltered,dilution,35
beale,NA,unaltered,dilution,35
rating,11.594868697437741,unaltered,dilution,35
composite,11.543262578066138,unaltered,dilution,35
truth,13.881220371119667,unaltered,dilution,35
pw,4.666520914543241,base,enrich,35
beale,NA,base,enrich,35
rating,11.874155493750722,base,enrich,35
composite,12.071505259889417,base,enrich,35
truth,14.222896568945966,base,enrich,35
pw,0.8534238388229681,storm,enrich,35
beale,NA,storm,enrich,35
rating,33.741658297965486,storm,enrich,35
composite,34.18563877800515,storm,enrich,35
truth,74.89496859340477,storm,enrich,35
pw,3.245880435558411,unaltered,enrich,35
beale,NA,unaltered,enrich,35
rating,13.45843581267501,unaltered,enrich,35
composite,13.557590509886102,unaltered,enrich,35
truth,13.770141803200882,unaltered,enrich,35
pw,13.151167250151172,base,none,35
beale,NA,base,none,35
rating,17.007417016124435,base,none,35
composite,17.688483706921346,base,none,35
truth,15.84228529984467,base,none,35
pw,5.550664555775877,storm,none,35
beale,NA,storm,none,35
rating,13.91713827726839,storm,none,35
composite,14.917069323893926,storm,none,35
truth,13.898394789538429,storm,none,35
pw,10.520324235481901,unaltered,none,35
beale,NA,unaltered,none,35
rating,14.370199186248632,unaltered,none,35
composite,15.047957812186624,unaltered,none,35
truth,13.572436139564049,unaltered,none,35
pw,12.875699223750335,base,chemostatic,35
beale,NA,base,chemostatic,35
rating,16.32503002552013,base,chemostatic,35
composite,16.45391918638601,base,chemostatic,35
truth,15.819444631787785,base,chemostatic,35
pw,5.434398783977175,storm,chemostatic,35
beale,NA,storm,chemostatic,35
rating,14.908676903863789,storm,chemostatic,35
composite,15.068491297628228,storm,chemostatic,35
truth,13.73713981165774,storm,chemostatic,35
pw,10.2999625824726,unaltered,chemostatic,35
beale,NA,unaltered,chemostatic,35
rating,14.061852065947955,unaltered,chemostatic,35
composite,14.182468719129604,unaltered,chemostatic,35
truth,13.538548507708622,unaltered,chemostatic,35
pw,13.67853006886471,base,dilution,36
beale,NA,base,dilution,36
rating,12.142853162090072,base,dilution,36
composite,12.356405415089748,base,dilution,36
truth,12.386545952439793,base,dilution,36
pw,25.131168380342704,storm,dilution,36
beale,NA,storm,dilution,36
rating,14.087960576419738,storm,dilution,36
composite,10.849617349367854,storm,dilution,36
truth,17.44695599178672,storm,dilution,36
pw,14.619570548648694,unaltered,dilution,36
beale,NA,unaltered,dilution,36
rating,12.160437862823935,unaltered,dilution,36
composite,12.001019179009399,unaltered,dilution,36
truth,13.523445690681461,unaltered,dilution,36
pw,5.550792391882143,base,enrich,36
beale,NA,base,enrich,36
rating,11.175114511384278,base,enrich,36
composite,11.179464521097513,base,enrich,36
truth,14.788999511398158,base,enrich,36
pw,0.8379120278126388,storm,enrich,36
beale,NA,storm,enrich,36
rating,24.701420424520954,storm,enrich,36
composite,24.946745763460513,storm,enrich,36
truth,77.43871243002108,storm,enrich,36
pw,3.225276680008417,unaltered,enrich,36
beale,NA,unaltered,enrich,36
rating,10.13358801569362,unaltered,enrich,36
composite,10.16907598335389,unaltered,enrich,36
truth,13.98071159308834,unaltered,enrich,36
pw,13.842871549024364,base,none,36
beale,NA,base,none,36
rating,13.682650104134765,base,none,36
composite,14.72858799940044,base,none,36
truth,15.884654214825908,base,none,36
pw,5.758487620627028,storm,none,36
beale,NA,storm,none,36
rating,8.383980415528605,storm,none,36
composite,9.21426548436592,storm,none,36
truth,13.719875619951926,storm,none,36
pw,10.901613784567411,unaltered,none,36
beale,NA,unaltered,none,36
rating,11.163574240987035,unaltered,none,36
composite,12.08031644436558,unaltered,none,36
truth,13.546113223174299,unaltered,none,36
pw,13.145895830129366,base,chemostatic,36
beale,NA,base,chemostatic,36
rating,16.39341291870422,base,chemostatic,36
composite,16.364875333977505,base,chemostatic,36
truth,15.8929655702017,base,chemostatic,36
pw,5.468553120048834,storm,chemostatic,36
beale,NA,storm,chemostatic,36
rating,14.86064246067073,storm,chemostatic,36
composite,14.76952622775796,storm,chemostatic,36
truth,13.79431127647065,storm,chemostatic,36
pw,10.352727660925671,unaltered,chemostatic,36
beale,NA,unaltered,chemostatic,36
rating,14.021500020825133,unaltered,chemostatic,36
composite,13.991726709754674,unaltered,chemostatic,36
truth,13.556555006462128,unaltered,chemostatic,36
pw,14.494036555231334,base,dilution,37
beale,NA,base,dilution,37
rating,12.402164369433345,base,dilution,37
composite,12.480800570190338,base,dilution,37
truth,12.20069654530962,base,dilution,37
pw,26.723023024224446,storm,dilution,37
beale,NA,storm,dilution,37
rating,14.453724300757038,storm,dilution,37
composite,14.040896439244476,storm,dilution,37
truth,17.07427637065971,storm,dilution,37
pw,15.06104490767695,unaltered,dilution,37
beale,NA,unaltered,dilution,37
rating,12.254024751723877,unaltered,dilution,37
composite,12.91166955197114,unaltered,dilution,37
truth,13.20361491577587,unaltered,dilution,37
pw,5.053919978405702,base,enrich,37
beale,NA,base,enrich,37
rating,14.993135841343353,base,enrich,37
composite,15.421741093646089,base,enrich,37
truth,13.43741937323266,base,enrich,37
pw,0.8468412836557307,storm,enrich,37
beale,NA,storm,enrich,37
rating,45.563413270399025,storm,enrich,37
composite,46.09697628081963,storm,enrich,37
truth,73.1474476222255,storm,enrich,37
pw,3.131795646042931,unaltered,enrich,37
beale,NA,unaltered,enrich,37
rating,18.65105940272843,unaltered,enrich,37
composite,18.908793252981432,unaltered,enrich,37
truth,13.535031053586508,unaltered,enrich,37
pw,14.115586264500724,base,none,37
beale,NA,base,none,37
rating,19.49039789821387,base,none,37
composite,19.703148295022245,base,none,37
truth,15.592219959025517,base,none,37
pw,5.9612968709852385,storm,none,37
beale,NA,storm,none,37
rating,19.97067270411789,storm,none,37
composite,20.130842464419135,storm,none,37
truth,13.789452179115871,storm,none,37
pw,11.238006254556403,unaltered,none,37
beale,NA,unaltered,none,37
rating,17.684387457639815,unaltered,none,37
composite,17.83589206770334,unaltered,none,37
truth,13.54832542673003,unaltered,none,37
pw,12.948784698344603,base,chemostatic,37
beale,NA,base,chemostatic,37
rating,15.42095067938232,base,chemostatic,37
composite,15.22546900546152,base,chemostatic,37
truth,15.557895976614569,base,chemostatic,37
pw,5.468533028587852,storm,chemostatic,37
beale,NA,storm,chemostatic,37
rating,13.500619299850285,storm,chemostatic,37
composite,13.19142158922682,storm,chemostatic,37
truth,13.718511103989782,storm,chemostatic,37
pw,10.309066920930187,unaltered,chemostatic,37
beale,NA,unaltered,chemostatic,37
rating,13.377767517723337,unaltered,chemostatic,37
composite,13.178744336540156,unaltered,chemostatic,37
truth,13.513568196645611,unaltered,chemostatic,37
pw,14.764520463586493,base,dilution,38
beale,NA,base,dilution,38
rating,12.836074670682546,base,dilution,38
composite,12.505960846318827,base,dilution,38
truth,12.363090292552226,base,dilution,38
pw,27.405525011645224,storm,dilution,38
beale,NA,storm,dilution,38
rating,15.188302452987122,storm,dilution,38
composite,12.091427361603706,storm,dilution,38
truth,18.539122297125076,storm,dilution,38
pw,15.413633041801074,unaltered,dilution,38
beale,NA,unaltered,dilution,38
rating,12.848466817826386,unaltered,dilution,38
composite,12.546110420509311,unaltered,dilution,38
truth,13.546386878839158,unaltered,dilution,38
pw,4.777468626176699,base,enrich,38
beale,NA,base,enrich,38
rating,12.737951651869952,base,enrich,38
composite,12.832922386449251,base,enrich,38
truth,13.81074143160032,base,enrich,38
pw,0.8153122484062602,storm,enrich,38
beale,NA,storm,enrich,38
rating,29.797852466398677,storm,enrich,38
composite,30.27574864464309,storm,enrich,38
truth,75.22934758530171,storm,enrich,38
pw,3.046059241223026,unaltered,enrich,38
beale,NA,unaltered,enrich,38
rating,12.356210282611293,unaltered,enrich,38
composite,12.47380378395431,unaltered,enrich,38
truth,13.748652196919926,unaltered,enrich,38
pw,11.51684644342328,base,none,38
beale,NA,base,none,38
rating,13.426135604527571,base,none,38
composite,13.806884068359548,base,none,38
truth,15.773804786784133,base,none,38
pw,4.835086664252538,storm,none,38
beale,NA,storm,none,38
rating,11.786217504192907,storm,none,38
composite,12.592093349356,storm,none,38
truth,13.821455237977178,storm,none,38
pw,9.134773929753218,unaltered,none,38
beale,NA,unaltered,none,38
rating,11.543864808966894,unaltered,none,38
composite,11.904619983395316,unaltered,none,38
truth,13.56398272836663,unaltered,none,38
pw,12.928304541646602,base,chemostatic,38
beale,NA,base,chemostatic,38
rating,16.071105081418654,base,chemostatic,38
composite,16.084666450601333,base,chemostatic,38
truth,15.753740805725938,base,chemostatic,38
pw,5.427655321080294,storm,chemostatic,38
beale,NA,storm,chemostatic,38
rating,14.349766008995818,storm,chemostatic,38
composite,14.569095968887845,storm,chemostatic,38
truth,13.775385872973915,storm,chemostatic,38
pw,10.254294859543181,unaltered,chemostatic,38
beale,NA,unaltered,chemostatic,38
rating,13.889080316227112,unaltered,chemostatic,38
composite,13.926812117105206,unaltered,chemostatic,38
truth,13.541573173278488,unaltered,chemostatic,38
pw,15.036903522080623,base,dilution,39
beale,NA,base,dilution,39
rating,12.95144090871785,base,dilution,39
composite,11.86521314143048,base,dilution,39
truth,12.625870125218071,base,dilution,39
pw,27.37210577657132,storm,dilution,39
beale,NA,storm,dilution,39
rating,14.859075584688506,storm,dilution,39
composite,13.532175193927428,storm,dilution,39
truth,17.568372456422047,storm,dilution,39
pw,15.723429560020175,unaltered,dilution,39
beale,NA,unaltered,dilution,39
rating,12.77988618071466,unaltered,dilution,39
composite,13.042631953799033,unaltered,dilution,39
truth,13.581787264292494,unaltered,dilution,39
pw,5.788942220099958,base,enrich,39
beale,NA,base,enrich,39
rating,11.367040698380855,base,enrich,39
composite,12.072399026860346,base,enrich,39
truth,13.421931555080832,base,enrich,39
pw,0.8481646599458745,storm,enrich,39
beale,NA,storm,enrich,39
rating,36.758800247824524,storm,enrich,39
composite,37.364322554960005,storm,enrich,39
truth,75.68960079249194,storm,enrich,39
pw,3.2109477796370727,unaltered,enrich,39
beale,NA,unaltered,enrich,39
rating,15.833119166416228,unaltered,enrich,39
composite,16.11724213024489,unaltered,enrich,39
truth,13.921902011734247,unaltered,enrich,39
pw,12.145533433247738,base,none,39
beale,NA,base,none,39
rating,13.593334320767912,base,none,39
composite,13.97339378018682,base,none,39
truth,15.839264186178882,base,none,39
pw,5.0302593224912115,storm,none,39
beale,NA,storm,none,39
rating,11.068511460840083,storm,none,39
composite,10.8389173649119,storm,none,39
truth,13.71218503367786,storm,none,39
pw,9.458667983395522,unaltered,none,39
beale,NA,unaltered,none,39
rating,11.218455201781767,unaltered,none,39
composite,11.509957525426245,unaltered,none,39
truth,13.53610939724363,unaltered,none,39
pw,13.282753679650124,base,chemostatic,39
beale,NA,base,chemostatic,39
rating,15.67789906710214,base,chemostatic,39
composite,15.569179332383738,base,chemostatic,39
truth,15.839034693351167,base,chemostatic,39
pw,5.501256564204099,storm,chemostatic,39
beale,NA,storm,chemostatic,39
rating,13.634709085442882,storm,chemostatic,39
composite,13.469860523810064,storm,chemostatic,39
truth,13.76112486827012,storm,chemostatic,39
pw,10.344309506992156,unaltered,chemostatic,39
beale,NA,unaltered,chemostatic,39
rating,13.365578108172455,unaltered,chemostatic,39
composite,13.25988338059011,unaltered,chemostatic,39
truth,13.54354765917695,unaltered,chemostatic,39
pw,14.850015858909936,base,dilution,40
beale,NA,base,dilution,40
rating,12.692697634214946,base,dilution,40
composite,12.67490302432403,base,dilution,40
truth,12.488946989592543,base,dilution,40
pw,27.052775857995478,storm,dilution,40
beale,NA,storm,dilution,40
rating,14.880173609310775,storm,dilution,40
composite,11.58512296786964,storm,dilution,40
truth,18.301890592914575,storm,dilution,40
pw,15.678073877788856,unaltered,dilution,40
beale,NA,unaltered,dilution,40
rating,12.931888608514463,unaltered,dilution,40
composite,12.690244940660367,unaltered,dilution,40
truth,13.814947027952636,unaltered,dilution,40
pw,5.314749480174041,base,enrich,40
beale,NA,base,enrich,40
rating,13.970251585716293,base,enrich,40
composite,13.930875379255822,base,enrich,40
truth,14.583075962804841,base,enrich,40
pw,0.8862957261440488,storm,enrich,40
beale,NA,storm,enrich,40
rating,33.20910706562244,storm,enrich,40
composite,33.61458860957115,storm,enrich,40
truth,75.48255594232361,storm,enrich,40
pw,3.3984640271566158,unaltered,enrich,40
beale,NA,unaltered,enrich,40
rating,12.76659339737608,unaltered,enrich,40
composite,12.849952272308808,unaltered,enrich,40
truth,13.859646649878654,unaltered,enrich,40
pw,12.023532783264942,base,none,40
beale,NA,base,none,40
rating,20.849174624734662,base,none,40
composite,21.929786696053373,base,none,40
truth,15.867016222146468,base,none,40
pw,5.049596025221115,storm,none,40
beale,NA,storm,none,40
rating,18.427662011658533,storm,none,40
composite,20.49922782665972,storm,none,40
truth,13.72329881487631,storm,none,40
pw,9.622325453469628,unaltered,none,40
beale,NA,unaltered,none,40
rating,17.424300652129244,unaltered,none,40
composite,18.619848984834544,unaltered,none,40
truth,13.520540468316154,unaltered,none,40
pw,12.747103446099025,base,chemostatic,40
beale,NA,base,chemostatic,40
rating,16.073159863802974,base,chemostatic,40
composite,16.155100446468644,base,chemostatic,40
truth,15.892754283006019,base,chemostatic,40
pw,5.353478387325128,storm,chemostatic,40
beale,NA,storm,chemostatic,40
rating,14.095007957645704,storm,chemostatic,40
composite,14.17905542036816,storm,chemostatic,40
truth,13.73625313251427,storm,chemostatic,40
pw,10.201392565596857,unaltered,chemostatic,40
beale,NA,unaltered,chemostatic,40
rating,13.716344040804781,unaltered,chemostatic,40
composite,13.796928198122783,unaltered,chemostatic,40
truth,13.54272423168393,unaltered,chemostatic,40
pw,14.020242541411848,base,dilution,41
beale,NA,base,dilution,41
rating,12.041918852894748,base,dilution,41
composite,12.350817058131453,base,dilution,41
truth,12.333070528831655,base,dilution,41
pw,25.370293559669186,storm,dilution,41
beale,NA,storm,dilution,41
rating,13.513660186933159,storm,dilution,41
composite,11.6146630971642,storm,dilution,41
truth,17.41615166985268,storm,dilution,41
pw,14.440327511532697,unaltered,dilution,41
beale,NA,unaltered,dilution,41
rating,11.65450787767705,unaltered,dilution,41
composite,11.73139808821083,unaltered,dilution,41
truth,13.616220666728456,unaltered,dilution,41
pw,5.491049833485067,base,enrich,41
beale,NA,base,enrich,41
rating,15.759516601211038,base,enrich,41
composite,16.12918058960394,base,enrich,41
truth,13.852268723130647,base,enrich,41
pw,0.8790682548636922,storm,enrich,41
beale,NA,storm,enrich,41
rating,37.076655758859665,storm,enrich,41
composite,37.45733539710896,storm,enrich,41
truth,74.74862059492418,storm,enrich,41
pw,3.3616001367440558,unaltered,enrich,41
beale,NA,unaltered,enrich,41
rating,14.715550752771732,unaltered,enrich,41
composite,14.772851988185936,unaltered,enrich,41
truth,13.710273089260818,unaltered,enrich,41
pw,11.902729408241893,base,none,41
beale,NA,base,none,41
rating,15.374991021264309,base,none,41
composite,15.98763434634156,base,none,41
truth,15.644302468336482,base,none,41
pw,5.007589495552326,storm,none,41
beale,NA,storm,none,41
rating,13.055731141426579,storm,none,41
composite,14.004855555584193,storm,none,41
truth,13.631450912689974,storm,none,41
pw,9.483372187809202,unaltered,none,41
beale,NA,unaltered,none,41
rating,13.041892012014213,unaltered,none,41
composite,13.673596011790321,unaltered,none,41
truth,13.479741648787519,unaltered,none,41
pw,13.09741474947775,base,chemostatic,41
beale,NA,base,chemostatic,41
rating,16.173064144406865,base,chemostatic,41
composite,16.037782187604773,base,chemostatic,41
truth,15.687407336965977,base,chemostatic,41
pw,5.510204783195556,storm,chemostatic,41
beale,NA,storm,chemostatic,41
rating,14.649839000798812,storm,chemostatic,41
composite,14.480483673613689,storm,chemostatic,41
truth,13.723702990318523,storm,chemostatic,41
pw,10.435224939365025,unaltered,chemostatic,41
beale,NA,unaltered,chemostatic,41
rating,13.961359057242477,unaltered,chemostatic,41
composite,13.837881049925809,unaltered,chemostatic,41
truth,13.524910673348648,unaltered,chemostatic,41
pw,14.780409843778228,base,dilution,42
beale,NA,base,dilution,42
rating,13.135999078884907,base,dilution,42
composite,12.81389060641706,base,dilution,42
truth,12.415569030208488,base,dilution,42
pw,27.725519968334698,storm,dilution,42
beale,NA,storm,dilution,42
rating,15.361613599804066,storm,dilution,42
composite,13.474790999143982,storm,dilution,42
truth,17.193349083214418,storm,dilution,42
pw,15.919335648466214,unaltered,dilution,42
beale,NA,unaltered,dilution,42
rating,13.066279748707393,unaltered,dilution,42
composite,13.301741654099756,unaltered,dilution,42
truth,13.614920099159972,unaltered,dilution,42
pw,4.456511342891778,base,enrich,42
beale,NA,base,enrich,42
rating,10.47138395938628,base,enrich,42
composite,10.73333871511929,base,enrich,42
truth,14.552695471430354,base,enrich,42
pw,0.8575199324637299,storm,enrich,42
beale,NA,storm,enrich,42
rating,26.131841016586794,storm,enrich,42
composite,26.495271638015012,storm,enrich,42
truth,76.3821869181107,storm,enrich,42
pw,3.2421364125263095,unaltered,enrich,42
beale,NA,unaltered,enrich,42
rating,11.948734022328733,unaltered,enrich,42
composite,12.096845618376634,unaltered,enrich,42
truth,13.861596557914844,unaltered,enrich,42
pw,13.635756765793213,base,none,42
beale,NA,base,none,42
rating,16.6174252711742,base,none,42
composite,16.109559290904507,base,none,42
truth,15.854950107099212,base,none,42
pw,5.805532322900829,storm,none,42
beale,NA,storm,none,42
rating,15.920947600174618,storm,none,42
composite,15.145663650258232,storm,none,42
truth,13.750184577643088,storm,none,42
pw,11.050076784659266,unaltered,none,42
beale,NA,unaltered,none,42
rating,14.594364222899598,unaltered,none,42
composite,14.06806168998831,unaltered,none,42
truth,13.5580551065814,unaltered,none,42
pw,12.654987045932813,base,chemostatic,42
beale,NA,base,chemostatic,42
rating,15.081993180492397,base,chemostatic,42
composite,15.075893790970639,base,chemostatic,42
truth,15.82656818113026,base,chemostatic,42
pw,5.387961783342974,storm,chemostatic,42
beale,NA,storm,chemostatic,42
rating,12.500092858762834,storm,chemostatic,42
composite,12.300996153024633,storm,chemostatic,42
truth,13.74154549871212,storm,chemostatic,42
pw,10.255285494474814,unaltered,chemostatic,42
beale,NA,unaltered,chemostatic,42
rating,12.80643571771272,unaltered,chemostatic,42
composite,12.773531264677674,unaltered,chemostatic,42
truth,13.53668483260589,unaltered,chemostatic,42
pw,14.330915733198202,base,dilution,43
beale,NA,base,dilution,43
rating,13.05967526491359,base,dilution,43
composite,12.87982995897983,base,dilution,43
truth,12.41624636624427,base,dilution,43
pw,23.945440753036426,storm,dilution,43
beale,NA,storm,dilution,43
rating,13.769913724329593,storm,dilution,43
composite,12.732001836639483,storm,dilution,43
truth,17.21008303557434,storm,dilution,43
pw,14.082129697174224,unaltered,dilution,43
beale,NA,unaltered,dilution,43
rating,11.888060882646625,unaltered,dilution,43
composite,12.010064273789792,unaltered,dilution,43
truth,13.486441479283286,unaltered,dilution,43
pw,4.531369208257401,base,enrich,43
beale,NA,base,enrich,43
rating,12.076960322064183,base,enrich,43
composite,12.487989880106584,base,enrich,43
truth,14.576408424327953,base,enrich,43
pw,0.900775395625881,storm,enrich,43
beale,NA,storm,enrich,43
rating,44.71291875737117,storm,enrich,43
composite,45.073118833147156,storm,enrich,43
truth,76.9338261886826,storm,enrich,43
pw,3.4068129647892063,unaltered,enrich,43
beale,NA,unaltered,enrich,43
rating,16.653959753389803,unaltered,enrich,43
composite,16.717833787630532,unaltered,enrich,43
truth,13.938966066359557,unaltered,enrich,43
pw,13.502034640886976,base,none,43
beale,NA,base,none,43
rating,16.326289962599628,base,none,43
composite,16.0983808859988,base,none,43
truth,15.874600276136984,base,none,43
pw,5.645841487229835,storm,none,43
beale,NA,storm,none,43
rating,14.610517318535061,storm,none,43
composite,13.840170479775061,storm,none,43
truth,13.728322677461353,storm,none,43
pw,10.715781276589425,unaltered,none,43
beale,NA,unaltered,none,43
rating,14.08940982426766,unaltered,none,43
composite,13.805826650356575,unaltered,none,43
truth,13.558834523458193,unaltered,none,43
pw,12.85496404692761,base,chemostatic,43
beale,NA,base,chemostatic,43
rating,15.137808865952838,base,chemostatic,43
composite,15.25565384080575,base,chemostatic,43
truth,15.858693713903833,base,chemostatic,43
pw,5.375270562053905,storm,chemostatic,43
beale,NA,storm,chemostatic,43
rating,12.793788914416245,storm,chemostatic,43
composite,13.03863815517244,storm,chemostatic,43
truth,13.738466212527824,storm,chemostatic,43
pw,10.202238900214224,unaltered,chemostatic,43
beale,NA,unaltered,chemostatic,43
rating,12.955503993635483,unaltered,chemostatic,43
composite,13.064472904920505,unaltered,chemostatic,43
truth,13.547983008519976,unaltered,chemostatic,43
pw,17.20364226528367,base,dilution,44
beale,NA,base,dilution,44
rating,14.264692916239431,base,dilution,44
composite,14.5546142238602,base,dilution,44
truth,12.667364142766326,base,dilution,44
pw,28.2007009238026,storm,dilution,44
beale,NA,storm,dilution,44
rating,16.110403234516014,storm,dilution,44
composite,16.461788245465264,storm,dilution,44
truth,17.80657119873838,storm,dilution,44
pw,16.210904216099763,unaltered,dilution,44
beale,NA,unaltered,dilution,44
rating,13.573654759254216,unaltered,dilution,44
composite,14.201961808030147,unaltered,dilution,44
truth,13.582952720359728,unaltered,dilution,44
pw,4.1006439290517305,base,enrich,44
beale,NA,base,enrich,44
rating,16.668895052718383,base,enrich,44
composite,16.867563084334574,base,enrich,44
truth,14.705637178371333,base,enrich,44
pw,0.8050548158505525,storm,enrich,44
beale,NA,storm,enrich,44
rating,43.39596155430265,storm,enrich,44
composite,43.78763167285798,storm,enrich,44
truth,76.382790700166,storm,enrich,44
pw,3.103929639348041,unaltered,enrich,44
beale,NA,unaltered,enrich,44
rating,17.617974432059178,unaltered,enrich,44
composite,17.59734386999904,unaltered,enrich,44
truth,14.051520836551433,unaltered,enrich,44
pw,14.563598080054614,base,none,44
beale,NA,base,none,44
rating,15.248383922635101,base,none,44
composite,16.290217681874324,base,none,44
truth,16.093660569328243,base,none,44
pw,6.071471182567933,storm,none,44
beale,NA,storm,none,44
rating,10.59495169566829,storm,none,44
composite,11.376020449095583,storm,none,44
truth,13.911639223677339,storm,none,44
pw,11.494138937885808,unaltered,none,44
beale,NA,unaltered,none,44
rating,12.429455537320587,unaltered,none,44
composite,13.304727492821462,unaltered,none,44
truth,13.603054645508267,unaltered,none,44
pw,13.083395971273543,base,chemostatic,44
beale,NA,base,chemostatic,44
rating,16.483094384624092,base,chemostatic,44
composite,16.34110804544344,base,chemostatic,44
truth,16.052743767885296,base,chemostatic,44
pw,5.454384361135486,storm,chemostatic,44
beale,NA,storm,chemostatic,44
rating,14.623742323614053,storm,chemostatic,44
composite,14.521503089261316,storm,chemostatic,44
truth,13.777827931484468,storm,chemostatic,44
pw,10.325907804277279,unaltered,chemostatic,44
beale,NA,unaltered,chemostatic,44
rating,14.04340294354654,unaltered,chemostatic,44
composite,13.916661284927937,unaltered,chemostatic,44
truth,13.556400109322787,unaltered,chemostatic,44
pw,13.824288185857744,base,dilution,45
beale,NA,base,dilution,45
rating,11.845234128001271,base,dilution,45
composite,11.697524195672866,base,dilution,45
truth,12.668802041970922,base,dilution,45
pw,23.43430394036039,storm,dilution,45
beale,NA,storm,dilution,45
rating,13.123458708395058,storm,dilution,45
composite,11.982292007359929,storm,dilution,45
truth,18.53080474922868,storm,dilution,45
pw,13.648040129682823,unaltered,dilution,45
beale,NA,unaltered,dilution,45
rating,11.293000744644251,unaltered,dilution,45
composite,11.407920450981447,unaltered,dilution,45
truth,13.785344033102307,unaltered,dilution,45
pw,4.513334353063802,base,enrich,45
beale,NA,base,enrich,45
rating,13.541067383295452,base,enrich,45
composite,14.189839636213328,base,enrich,45
truth,14.607816962330165,base,enrich,45
pw,0.8962703627290761,storm,enrich,45
beale,NA,storm,enrich,45
rating,34.9491162643568,storm,enrich,45
composite,35.43875388975203,storm,enrich,45
truth,77.33848144778092,storm,enrich,45
pw,3.4024953423702438,unaltered,enrich,45
beale,NA,unaltered,enrich,45
rating,15.18360862092813,unaltered,enrich,45
composite,15.41005960702527,unaltered,enrich,45
truth,14.107763054551821,unaltered,enrich,45
pw,13.447952926707057,base,none,45
beale,NA,base,none,45
rating,17.47998907981413,base,none,45
composite,17.01024495428521,base,none,45
truth,16.049094996628618,base,none,45
pw,5.645070469454973,storm,none,45
beale,NA,storm,none,45
rating,17.53485529284921,storm,none,45
composite,16.308933111328724,storm,none,45
truth,13.871160943103693,storm,none,45
pw,10.655094229697532,unaltered,none,45
beale,NA,unaltered,none,45
rating,15.426326993906674,unaltered,none,45
composite,14.860594917572058,unaltered,none,45
truth,13.575513445615305,unaltered,none,45
pw,12.868407592535728,base,chemostatic,45
beale,NA,base,chemostatic,45
rating,15.209805137780506,base,chemostatic,45
composite,15.231397740567102,base,chemostatic,45
truth,16.04954188365721,base,chemostatic,45
pw,5.401793721724558,storm,chemostatic,45
beale,NA,storm,chemostatic,45
rating,12.409974712444654,storm,chemostatic,45
composite,12.254536422397832,storm,chemostatic,45
truth,13.8073500167117,storm,chemostatic,45
pw,10.195908346193018,unaltered,chemostatic,45
beale,NA,unaltered,chemostatic,45
rating,12.752183487701028,unaltered,chemostatic,45
composite,12.743619362823043,unaltered,chemostatic,45
truth,13.566003392175084,unaltered,chemostatic,45
pw,14.357594072643513,base,dilution,46
beale,NA,base,dilution,46
rating,12.131510266390332,base,dilution,46
composite,12.059844683166018,base,dilution,46
truth,12.578401226573686,base,dilution,46
pw,25.493569822585087,storm,dilution,46
beale,NA,storm,dilution,46
rating,14.53593192499907,storm,dilution,46
composite,12.24576236684228,storm,dilution,46
truth,17.199453844000452,storm,dilution,46
pw,14.941201935803978,unaltered,dilution,46
beale,NA,unaltered,dilution,46
rating,12.624428307512387,unaltered,dilution,46
composite,12.472930250605417,unaltered,dilution,46
truth,13.423544625385375,unaltered,dilution,46
pw,5.079071238810779,base,enrich,46
beale,NA,base,enrich,46
rating,15.383335116527222,base,enrich,46
composite,15.259614507850904,base,enrich,46
truth,14.624171768544535,base,enrich,46
pw,0.8367346255606215,storm,enrich,46
beale,NA,storm,enrich,46
rating,36.675761438074304,storm,enrich,46
composite,37.118934209678045,storm,enrich,46
truth,77.131519545460307,storm,enrich,46
pw,3.214806083329809,unaltered,enrich,46
beale,NA,unaltered,enrich,46
rating,12.60413946063973,unaltered,enrich,46
composite,12.656236815795355,unaltered,enrich,46
truth,14.054907495266761,unaltered,enrich,46
pw,13.240338152573257,base,none,46
beale,NA,base,none,46
rating,19.445267498305597,base,none,46
composite,20.364376225022642,base,none,46
truth,15.98699390121401,base,none,46
pw,5.569922133887957,storm,none,46
beale,NA,storm,none,46
rating,16.45155237913547,storm,none,46
composite,17.838350817188875,storm,none,46
truth,13.834876857130029,storm,none,46
pw,10.59136697248133,unaltered,none,46
beale,NA,unaltered,none,46
rating,16.36873369775621,unaltered,none,46
composite,17.332868116313893,unaltered,none,46
truth,13.576366123778802,unaltered,none,46
pw,12.940238767989996,base,chemostatic,46
beale,NA,base,chemostatic,46
rating,16.409113657237707,base,chemostatic,46
composite,16.399037001266443,base,chemostatic,46
truth,15.955337712123841,base,chemostatic,46
pw,5.443676853344907,storm,chemostatic,46
beale,NA,storm,chemostatic,46
rating,14.738126117821546,storm,chemostatic,46
composite,14.793251797993827,storm,chemostatic,46
truth,13.736886113899716,storm,chemostatic,46
pw,10.351307944251799,unaltered,chemostatic,46
beale,NA,unaltered,chemostatic,46
rating,14.109716141804828,unaltered,chemostatic,46
composite,14.104101765887362,unaltered,chemostatic,46
truth,13.542782200850926,unaltered,chemostatic,46
pw,14.97451362932634,base,dilution,47
beale,NA,base,dilution,47
rating,13.379288592867889,base,dilution,47
composite,13.535444399925213,base,dilution,47
truth,12.632561932242112,base,dilution,47
pw,26.326050671497743,storm,dilution,47
beale,NA,storm,dilution,47
rating,14.436507733246733,storm,dilution,47
composite,13.864858115797327,storm,dilution,47
truth,17.525912888526577,storm,dilution,47
pw,15.172090814648604,unaltered,dilution,47
beale,NA,unaltered,dilution,47
rating,12.412360892990364,unaltered,dilution,47
composite,12.870553676569337,unaltered,dilution,47
truth,13.473549280351698,unaltered,dilution,47
pw,6.567477926918962,base,enrich,47
beale,NA,base,enrich,47
rating,18.880193451192927,base,enrich,47
composite,19.05510509842147,base,enrich,47
truth,14.276409078109936,base,enrich,47
pw,0.9464171075077622,storm,enrich,47
beale,NA,storm,enrich,47
rating,53.9939405333877,storm,enrich,47
composite,54.340271856944774,storm,enrich,47
truth,77.42991780362517,storm,enrich,47
pw,3.5631746252840246,unaltered,enrich,47
beale,NA,unaltered,enrich,47
rating,19.562384398902875,unaltered,enrich,47
composite,19.513818888203367,unaltered,enrich,47
truth,14.086181728819442,unaltered,enrich,47
pw,13.207993048693695,base,none,47
beale,NA,base,none,47
rating,16.930112754092036,base,none,47
composite,18.176299275039792,base,none,47
truth,16.015499818494423,base,none,47
pw,5.497175884050174,storm,none,47
beale,NA,storm,none,47
rating,16.84860606083737,storm,none,47
composite,17.83526326573125,storm,none,47
truth,13.755867699803883,storm,none,47
pw,10.357286866611304,unaltered,none,47
beale,NA,unaltered,none,47
rating,14.795532224476208,unaltered,none,47
composite,15.831288231322198,unaltered,none,47
truth,13.546915911973347,unaltered,none,47
pw,12.90497130993285,base,chemostatic,47
beale,NA,base,chemostatic,47
rating,15.692698580161654,base,chemostatic,47
composite,15.747583458055743,base,chemostatic,47
truth,16.021787624199995,base,chemostatic,47
pw,5.371058025832205,storm,chemostatic,47
beale,NA,storm,chemostatic,47
rating,13.203377727942367,storm,chemostatic,47
composite,13.242094598949823,storm,chemostatic,47
truth,13.830812635366984,storm,chemostatic,47
pw,10.119666884257073,unaltered,chemostatic,47
beale,NA,unaltered,chemostatic,47
rating,13.250776431615728,unaltered,chemostatic,47
composite,13.302085174790204,unaltered,chemostatic,47
truth,13.562153816662631,unaltered,chemostatic,47
pw,13.309855935230932,base,dilution,48
beale,NA,base,dilution,48
rating,11.759981097416405,base,dilution,48
composite,11.77082051614358,base,dilution,48
truth,12.338242335865104,base,dilution,48
pw,24.7031813795328,storm,dilution,48
beale,NA,storm,dilution,48
rating,14.184122130675972,storm,dilution,48
composite,12.302865955062792,storm,dilution,48
truth,17.190055958489246,storm,dilution,48
pw,14.442938182252421,unaltered,dilution,48
beale,NA,unaltered,dilution,48
rating,12.194770046013932,unaltered,dilution,48
composite,12.108596272265668,unaltered,dilution,48
truth,13.617796586620809,unaltered,dilution,48
pw,4.300974166712545,base,enrich,48
beale,NA,base,enrich,48
rating,13.952022801703617,base,enrich,48
composite,13.967804445446905,base,enrich,48
truth,14.03902743156288,base,enrich,48
pw,0.8854508457185175,storm,enrich,48
beale,NA,storm,enrich,48
rating,34.992584991527735,storm,enrich,48
composite,35.47884938139633,storm,enrich,48
truth,74.86850122140704,storm,enrich,48
pw,3.3465665464737526,unaltered,enrich,48
beale,NA,unaltered,enrich,48
rating,14.230061610884103,unaltered,enrich,48
composite,14.419192401350108,unaltered,enrich,48
truth,13.723118714547866,unaltered,enrich,48
pw,11.436157468552983,base,none,48
beale,NA,base,none,48
rating,15.205541771447129,base,none,48
composite,15.096530177679776,base,none,48
truth,15.773366725051094,base,none,48
pw,4.839654483806384,storm,none,48
beale,NA,storm,none,48
rating,16.18006267722936,storm,none,48
composite,16.201633131113155,storm,none,48
truth,13.655312187261856,storm,none,48
pw,9.206980480428221,unaltered,none,48
beale,NA,unaltered,none,48
rating,13.580109197040992,unaltered,none,48
composite,13.458850354746279,unaltered,none,48
truth,13.53710925460648,unaltered,none,48
pw,12.892570950758639,base,chemostatic,48
beale,NA,base,chemostatic,48
rating,16.137730936494233,base,chemostatic,48
composite,16.253943221074522,base,chemostatic,48
truth,15.749170717723235,base,chemostatic,48
pw,5.455992450366803,storm,chemostatic,48
beale,NA,storm,chemostatic,48
rating,13.937481256324372,storm,chemostatic,48
composite,14.111000348140196,storm,chemostatic,48
truth,13.70478933049729,storm,chemostatic,48
pw,10.379504603060527,unaltered,chemostatic,48
beale,NA,unaltered,chemostatic,48
rating,13.828515242391628,unaltered,chemostatic,48
composite,13.94563086957985,unaltered,chemostatic,48
truth,13.526006508820956,unaltered,chemostatic,48
pw,13.868249037454337,base,dilution,49
beale,NA,base,dilution,49
rating,12.385357832044676,base,dilution,49
composite,12.446879561386435,base,dilution,49
truth,12.310911417239845,base,dilution,49
pw,25.328738920397623,storm,dilution,49
beale,NA,storm,dilution,49
rating,14.23768334183247,storm,dilution,49
composite,13.71793171352585,storm,dilution,49
truth,17.449782974422043,storm,dilution,49
pw,14.688171259965868,unaltered,dilution,49
beale,NA,unaltered,dilution,49
rating,12.254166725472574,unaltered,dilution,49
composite,12.560213737000177,unaltered,dilution,49
truth,13.322058848754482,unaltered,dilution,49
pw,4.680096718382472,base,enrich,49
beale,NA,base,enrich,49
rating,12.519772844600638,base,enrich,49
composite,12.820334654861828,base,enrich,49
truth,13.711238870201063,base,enrich,49
pw,0.8510923698251341,storm,enrich,49
beale,NA,storm,enrich,49
rating,27.302332036886813,storm,enrich,49
composite,27.812777557023555,storm,enrich,49
truth,74.31497176074672,storm,enrich,49
pw,3.2781347237370637,unaltered,enrich,49
beale,NA,unaltered,enrich,49
rating,12.092554445635603,unaltered,enrich,49
composite,12.293455234017,unaltered,enrich,49
truth,13.693921519419055,unaltered,enrich,49
pw,12.692449194534191,base,none,49
beale,NA,base,none,49
rating,14.977996956463796,base,none,49
composite,15.459488197662678,base,none,49
truth,15.651887194283331,base,none,49
pw,5.352100674378877,storm,none,49
beale,NA,storm,none,49
rating,12.974206746706663,storm,none,49
composite,13.030532836035603,storm,none,49
truth,13.705777991755545,storm,none,49
pw,10.131497423510366,unaltered,none,49
beale,NA,unaltered,none,49
rating,12.849745506114557,unaltered,none,49
composite,13.252029174474988,unaltered,none,49
truth,13.49538982172965,unaltered,none,49
pw,12.82443063480676,base,chemostatic,49
beale,NA,base,chemostatic,49
rating,15.537412574049448,base,chemostatic,49
composite,15.487660704113551,base,chemostatic,49
truth,15.675862898627232,base,chemostatic,49
pw,5.407754074653467,storm,chemostatic,49
beale,NA,storm,chemostatic,49
rating,13.518311127365426,storm,chemostatic,49
composite,13.495500179436048,storm,chemostatic,49
truth,13.692035471545672,storm,chemostatic,49
pw,10.236849007084052,unaltered,chemostatic,49
beale,NA,unaltered,chemostatic,49
rating,13.385275665178172,unaltered,chemostatic,49
composite,13.337693146431915,unaltered,chemostatic,49
truth,13.512112679975338,unaltered,chemostatic,49
pw,14.105384303071283,base,dilution,50
beale,NA,base,dilution,50
rating,12.450460955578595,base,dilution,50
composite,12.869412057485318,base,dilution,50
truth,12.393203538995012,base,dilution,50
pw,24.33612638725986,storm,dilution,50
beale,NA,storm,dilution,50
rating,13.590237917602998,storm,dilution,50
composite,11.96018128688711,storm,dilution,50
truth,17.375343029946904,storm,dilution,50
pw,13.867793168352465,unaltered,dilution,50
beale,NA,unaltered,dilution,50
rating,11.29953953838235,unaltered,dilution,50
composite,11.633450786470704,unaltered,dilution,50
truth,13.468357727342589,unaltered,dilution,50
pw,5.312301644010544,base,enrich,50
beale,NA,base,enrich,50
rating,13.571641738153367,base,enrich,50
composite,13.680748309984736,base,enrich,50
truth,14.631119827809847,base,enrich,50
pw,0.8875783518983834,storm,enrich,50
beale,NA,storm,enrich,50
rating,33.53643589257121,storm,enrich,50
composite,34.130827729935866,storm,enrich,50
truth,76.83239423668982,storm,enrich,50
pw,3.4747539817005677,unaltered,enrich,50
beale,NA,unaltered,enrich,50
rating,15.986686811092843,unaltered,enrich,50
composite,16.348403571807825,unaltered,enrich,50
truth,13.930672833989515,unaltered,enrich,50
pw,11.596374802471784,base,none,50
beale,NA,base,none,50
rating,14.071364489191605,base,none,50
composite,14.051668077925548,base,none,50
truth,15.846584203515064,base,none,50
pw,4.89826945568694,storm,none,50
beale,NA,storm,none,50
rating,13.654987177039853,storm,none,50
composite,13.5552634194273,storm,none,50
truth,13.73926270215919,storm,none,50
pw,9.24608102704633,unaltered,none,50
beale,NA,unaltered,none,50
rating,12.479008821610426,unaltered,none,50
composite,12.388286249969578,unaltered,none,50
truth,13.540224693091377,unaltered,none,50
pw,12.889830896018621,base,chemostatic,50
beale,NA,base,chemostatic,50
rating,15.870783383200637,base,chemostatic,50
composite,15.891950569255416,base,chemostatic,50
truth,15.850410874247881,base,chemostatic,50
pw,5.444620930454912,storm,chemostatic,50
beale,NA,storm,chemostatic,50
rating,13.365738967330717,storm,chemostatic,50
composite,13.593267711932546,storm,chemostatic,50
truth,13.775841161945962,storm,chemostatic,50
pw,10.277386072767314,unaltered,chemostatic,50
beale,NA,unaltered,chemostatic,50
rating,13.480820163023598,unaltered,chemostatic,50
composite,13.53010180598899,unaltered,chemostatic,50
truth,13.54533755011996,unaltered,chemostatic,50
pw,15.248600758279892,base,dilution,51
beale,NA,base,dilution,51
rating,12.788758594829076,base,dilution,51
composite,12.923828881078327,base,dilution,51
truth,12.42629330668217,base,dilution,51
pw,27.554089239860318,storm,dilution,51
beale,NA,storm,dilution,51
rating,14.865541331452956,storm,dilution,51
composite,13.000171991193497,storm,dilution,51
truth,18.91992276452599,storm,dilution,51
pw,15.951585492013889,unaltered,dilution,51
beale,NA,unaltered,dilution,51
rating,12.99861360767074,unaltered,dilution,51
composite,13.166057897262341,unaltered,dilution,51
truth,13.752727870723453,unaltered,dilution,51
pw,5.028825161762566,base,enrich,51
beale,NA,base,enrich,51
rating,12.467976248513748,base,enrich,51
composite,12.587754148064624,base,enrich,51
truth,14.366644669189986,base,enrich,51
pw,0.871919572520268,storm,enrich,51
beale,NA,storm,enrich,51
rating,32.299498869483976,storm,enrich,51
composite,32.62558137082667,storm,enrich,51
truth,74.28475625140781,storm,enrich,51
pw,3.2884838156670684,unaltered,enrich,51
beale,NA,unaltered,enrich,51
rating,11.667675855755242,unaltered,enrich,51
composite,11.740899402319029,unaltered,enrich,51
truth,13.754933735571793,unaltered,enrich,51
pw,13.844369063660212,base,none,51
beale,NA,base,none,51
rating,16.646895764812484,base,none,51
composite,17.142865765580257,base,none,51
truth,15.908159153252257,base,none,51
pw,5.850782451199755,storm,none,51
beale,NA,storm,none,51
rating,16.253088541992494,storm,none,51
composite,16.67925721092241,storm,none,51
truth,13.821790681016534,storm,none,51
pw,11.0685996972131,unaltered,none,51
beale,NA,unaltered,none,51
rating,14.553376479201175,unaltered,none,51
composite,14.931823997681303,unaltered,none,51
truth,13.561830938928475,unaltered,none,51
pw,13.031488817523885,base,chemostatic,51
beale,NA,base,chemostatic,51
rating,16.055854193774984,base,chemostatic,51
composite,15.930794705523848,base,chemostatic,51
truth,15.893737059950817,base,chemostatic,51
pw,5.507250329428654,storm,chemostatic,51
beale,NA,storm,chemostatic,51
rating,13.810531754232668,storm,chemostatic,51
composite,13.669557663317267,storm,chemostatic,51
truth,13.780114739483677,storm,chemostatic,51
pw,10.418700376783086,unaltered,chemostatic,51
beale,NA,unaltered,chemostatic,51
rating,13.657176617638047,unaltered,chemostatic,51
composite,13.543393242132849,unaltered,chemostatic,51
truth,13.545874576437285,unaltered,chemostatic,51
pw,14.158540096201842,base,dilution,52
beale,NA,base,dilution,52
rating,12.329311263482081,base,dilution,52
composite,12.774163094329186,base,dilution,52
truth,12.38956359737015,base,dilution,52
pw,24.72710705403552,storm,dilution,52
beale,NA,storm,dilution,52
rating,14.455411035012336,storm,dilution,52
composite,15.589272288971404,storm,dilution,52
truth,17.40958427360856,storm,dilution,52
pw,14.656531191832936,unaltered,dilution,52
beale,NA,unaltered,dilution,52
rating,12.492998714032138,unaltered,dilution,52
composite,13.173713645727345,unaltered,dilution,52
truth,13.399484418705281,unaltered,dilution,52
pw,5.349270997483773,base,enrich,52
beale,NA,base,enrich,52
rating,12.087193416634074,base,enrich,52
composite,11.936808804617698,base,enrich,52
truth,14.857547152043638,base,enrich,52
pw,0.9705802477909813,storm,enrich,52
beale,NA,storm,enrich,52
rating,27.71010049745794,storm,enrich,52
composite,27.970257991050563,storm,enrich,52
truth,76.78835509680442,storm,enrich,52
pw,3.5518350131996725,unaltered,enrich,52
beale,NA,unaltered,enrich,52
rating,10.99676016250833,unaltered,enrich,52
composite,10.897972800226942,unaltered,enrich,52
truth,13.89233485072805,unaltered,enrich,52
pw,13.668014217836665,base,none,52
beale,NA,base,none,52
rating,15.396100043251066,base,none,52
composite,15.508783223515175,base,none,52
truth,15.904704189080926,base,none,52
pw,5.81115131952606,storm,none,52
beale,NA,storm,none,52
rating,12.692048478832728,storm,none,52
composite,12.705945350473801,storm,none,52
truth,13.784334323641009,storm,none,52
pw,11.007063489191815,unaltered,none,52
beale,NA,unaltered,none,52
rating,12.907218682317218,unaltered,none,52
composite,12.973186221212034,unaltered,none,52
truth,13.546126015650312,unaltered,none,52
pw,12.870918773627626,base,chemostatic,52
beale,NA,base,chemostatic,52
rating,16.040049544920524,base,chemostatic,52
composite,16.330143366408816,base,chemostatic,52
truth,15.899185133745306,base,chemostatic,52
pw,5.472254814987838,storm,chemostatic,52
beale,NA,storm,chemostatic,52
rating,13.449742705347942,storm,chemostatic,52
composite,13.882070638730555,storm,chemostatic,52
truth,13.784452800429094,storm,chemostatic,52
pw,10.365150185509057,unaltered,chemostatic,52
beale,NA,unaltered,chemostatic,52
rating,13.567854807031198,unaltered,chemostatic,52
composite,13.854365072096662,unaltered,chemostatic,52
truth,13.543219754225843,unaltered,chemostatic,52
pw,14.168850810120857,base,dilution,53
beale,NA,base,dilution,53
rating,12.439069900559144,base,dilution,53
composite,13.131520136013012,base,dilution,53
truth,12.547718787775262,base,dilution,53
pw,27.08895279220611,storm,dilution,53
beale,NA,storm,dilution,53
rating,14.63841368497071,storm,dilution,53
composite,14.578324880715519,storm,dilution,53
truth,17.32160552585057,storm,dilution,53
pw,15.596527718175032,unaltered,dilution,53
beale,NA,unaltered,dilution,53
rating,12.730479913919265,unaltered,dilution,53
composite,13.25218913319743,unaltered,dilution,53
truth,13.366371473857917,unaltered,dilution,53
pw,5.668953489759678,base,enrich,53
beale,NA,base,enrich,53
rating,13.91047659788804,base,enrich,53
composite,14.000786130904112,base,enrich,53
truth,14.475226150997296,base,enrich,53
pw,0.8698748809659061,storm,enrich,53
beale,NA,storm,enrich,53
rating,32.21071934601761,storm,enrich,53
composite,32.63296737860085,storm,enrich,53
truth,75.90678365206293,storm,enrich,53
pw,3.274665683854463,unaltered,enrich,53
beale,NA,unaltered,enrich,53
rating,12.431720225506773,unaltered,enrich,53
composite,12.55442237018159,unaltered,enrich,53
truth,13.963815131152769,unaltered,enrich,53
pw,13.192669213297789,base,none,53
beale,NA,base,none,53
rating,14.925959157854379,base,none,53
composite,15.410147371973386,base,none,53
truth,16.060385228391688,base,none,53
pw,5.545010696192676,storm,none,53
beale,NA,storm,none,53
rating,12.55939794262535,storm,none,53
composite,12.999824552258406,storm,none,53
truth,13.85812092782526,storm,none,53
pw,10.460683102076297,unaltered,none,53
beale,NA,unaltered,none,53
rating,12.654412321851986,unaltered,none,53
composite,13.070501732124017,unaltered,none,53
truth,13.604128931551994,unaltered,none,53
pw,12.702570883627576,base,chemostatic,53
beale,NA,base,chemostatic,53
rating,15.480063340513865,base,chemostatic,53
composite,15.49384459489195,base,chemostatic,53
truth,16.00708045681728,base,chemostatic,53
pw,5.33901747099544,storm,chemostatic,53
beale,NA,storm,chemostatic,53
rating,13.095351985524637,storm,chemostatic,53
composite,13.126710735267256,storm,chemostatic,53
truth,13.806109534623431,storm,chemostatic,53
pw,10.072076124015378,unaltered,chemostatic,53
beale,NA,unaltered,chemostatic,53
rating,13.075483485594903,unaltered,chemostatic,53
composite,13.089262637913889,unaltered,chemostatic,53
truth,13.558332495538698,unaltered,chemostatic,53
pw,13.14389396216739,base,dilution,54
beale,NA,base,dilution,54
rating,11.564179161822318,base,dilution,54
composite,12.256675235472892,base,dilution,54
truth,12.544008302333376,base,dilution,54
pw,25.835987262281865,storm,dilution,54
beale,NA,storm,dilution,54
rating,14.38837714256891,storm,dilution,54
composite,14.653540904161733,storm,dilution,54
truth,31.160611201929502,storm,dilution,54
pw,14.99369744353512,unaltered,dilution,54
beale,NA,unaltered,dilution,54
rating,12.380794534418138,unaltered,dilution,54
composite,13.049157058295995,unaltered,dilution,54
truth,13.734110238904796,unaltered,dilution,54
pw,6.254222499149786,base,enrich,54
beale,NA,base,enrich,54
rating,20.801482578505425,base,enrich,54
composite,20.608462876487167,base,enrich,54
truth,14.645171003545894,base,enrich,54
pw,0.949384990761586,storm,enrich,54
beale,NA,storm,enrich,54
rating,46.08894451794626,storm,enrich,54
composite,46.55832282832863,storm,enrich,54
truth,78.95456112163328,storm,enrich,54
pw,3.486995519655524,unaltered,enrich,54
beale,NA,unaltered,enrich,54
rating,17.007862526833453,unaltered,enrich,54
composite,17.112244140569086,unaltered,enrich,54
truth,14.167362069445288,unaltered,enrich,54
pw,12.908859428882671,base,none,54
beale,NA,base,none,54
rating,13.718402879919454,base,none,54
composite,13.281618707778145,base,none,54
truth,15.927196308019223,base,none,54
pw,5.466079154214213,storm,none,54
beale,NA,storm,none,54
rating,10.674717520752738,storm,none,54
composite,9.83453261821128,storm,none,54
truth,13.690498738595684,storm,none,54
pw,10.326631682694808,unaltered,none,54
beale,NA,unaltered,none,54
rating,11.507238140258504,unaltered,none,54
composite,11.014790895064998,unaltered,none,54
truth,13.528681376133202,unaltered,none,54
pw,12.935563075801292,base,chemostatic,54
beale,NA,base,chemostatic,54
rating,15.775265193631432,base,chemostatic,54
composite,15.722493748303757,base,chemostatic,54
truth,15.953666685263872,base,chemostatic,54
pw,5.477386446587138,storm,chemostatic,54
beale,NA,storm,chemostatic,54
rating,13.310713278648906,storm,chemostatic,54
composite,13.21317624045409,storm,chemostatic,54
truth,13.800890449338045,storm,chemostatic,54
pw,10.34799365722343,unaltered,chemostatic,54
beale,NA,unaltered,chemostatic,54
rating,13.36137768524496,unaltered,chemostatic,54
composite,13.301403307626884,unaltered,chemostatic,54
truth,13.560128593088102,unaltered,chemostatic,54
pw,14.75159053021917,base,dilution,55
beale,NA,base,dilution,55
rating,11.968769422543598,base,dilution,55
composite,11.929029983954567,base,dilution,55
truth,12.526869515424709,base,dilution,55
pw,26.411015001165477,storm,dilution,55
beale,NA,storm,dilution,55
rating,14.00897682464636,storm,dilution,55
composite,13.319308235518804,storm,dilution,55
truth,17.35745083855538,storm,dilution,55
pw,15.447380325988066,unaltered,dilution,55
beale,NA,unaltered,dilution,55
rating,12.46749855921277,unaltered,dilution,55
composite,13.186868361280228,unaltered,dilution,55
truth,13.639750929347962,unaltered,dilution,55
pw,4.629463706683783,base,enrich,55
beale,NA,base,enrich,55
rating,15.05909406319541,base,enrich,55
composite,15.269903239013003,base,enrich,55
truth,14.794987412715829,base,enrich,55
pw,0.825429024316583,storm,enrich,55
beale,NA,storm,enrich,55
rating,31.383061028448562,storm,enrich,55
composite,31.65969245797395,storm,enrich,55
truth,76.95342438032102,storm,enrich,55
pw,3.1006465714035434,unaltered,enrich,55
beale,NA,unaltered,enrich,55
rating,11.004030507723831,unaltered,enrich,55
composite,11.014913403552844,unaltered,enrich,55
truth,13.975778311650068,unaltered,enrich,55
pw,11.99244319409393,base,none,55
beale,NA,base,none,55
rating,12.045730662802603,base,none,55
composite,12.967044803056115,base,none,55
truth,15.977383453210662,base,none,55
pw,5.102020613605601,storm,none,55
beale,NA,storm,none,55
rating,8.474271305887191,storm,none,55
composite,8.316167731391495,storm,none,55
truth,13.736757956806306,storm,none,55
pw,9.718601661570457,unaltered,none,55
beale,NA,unaltered,none,55
rating,9.957156056023571,unaltered,none,55
composite,10.6039186156467,unaltered,none,55
truth,13.549409995266426,unaltered,none,55
pw,12.370893822643696,base,chemostatic,55
beale,NA,base,chemostatic,55
rating,16.125164494308812,base,chemostatic,55
composite,15.997295959920821,base,chemostatic,55
truth,15.980748510057115,base,chemostatic,55
pw,5.263027247270028,storm,chemostatic,55
beale,NA,storm,chemostatic,55
rating,13.922705577824827,storm,chemostatic,55
composite,13.909301950503862,storm,chemostatic,55
truth,13.793911318425794,storm,chemostatic,55
pw,10.02529570613825,unaltered,chemostatic,55
beale,NA,unaltered,chemostatic,55
rating,13.607899797190989,unaltered,chemostatic,55
composite,13.523417169249937,unaltered,chemostatic,55
truth,13.55773965430019,unaltered,chemostatic,55
pw,13.15643731468621,base,dilution,56
beale,NA,base,dilution,56
rating,11.682514091247985,base,dilution,56
composite,11.954526351382944,base,dilution,56
truth,12.459910784695708,base,dilution,56
pw,23.992720693330764,storm,dilution,56
beale,NA,storm,dilution,56
rating,13.549627274985975,storm,dilution,56
composite,12.20567826986839,storm,dilution,56
truth,17.11215137580114,storm,dilution,56
pw,13.979244375259768,unaltered,dilution,56
beale,NA,unaltered,dilution,56
rating,11.703114698976593,unaltered,dilution,56
composite,11.853213170113191,unaltered,dilution,56
truth,13.464857127808683,unaltered,dilution,56
pw,5.469037179934727,base,enrich,56
beale,NA,base,enrich,56
rating,13.483600018736766,base,enrich,56
composite,13.635355436763273,base,enrich,56
truth,14.76110102015116,base,enrich,56
pw,0.8433557915144897,storm,enrich,56
beale,NA,storm,enrich,56
rating,30.9229858595673,storm,enrich,56
composite,31.39315483964586,storm,enrich,56
truth,77.1190457769051,storm,enrich,56
pw,3.2647493243090357,unaltered,enrich,56
beale,NA,unaltered,enrich,56
rating,12.272853912055318,unaltered,enrich,56
composite,12.438017671515459,unaltered,enrich,56
truth,13.967454680318971,unaltered,enrich,56
pw,13.150903084630556,base,none,56
beale,NA,base,none,56
rating,14.716074936405466,base,none,56
composite,15.58306449090611,base,none,56
truth,15.933621981868564,base,none,56
pw,5.500681904731623,storm,none,56
beale,NA,storm,none,56
rating,11.304916792168381,storm,none,56
composite,12.489757660769358,storm,none,56
truth,13.84788796586374,storm,none,56
pw,10.40185087665919,unaltered,none,56
beale,NA,unaltered,none,56
rating,12.335173692352772,unaltered,none,56
composite,13.129234971321688,unaltered,none,56
truth,13.554194821642305,unaltered,none,56
pw,13.071821628696357,base,chemostatic,56
beale,NA,base,chemostatic,56
rating,16.289327783991723,base,chemostatic,56
composite,16.39892511701502,base,chemostatic,56
truth,15.938365306331825,base,chemostatic,56
pw,5.46760418141044,storm,chemostatic,56
beale,NA,storm,chemostatic,56
rating,14.321298659015769,storm,chemostatic,56
composite,14.431787678711489,storm,chemostatic,56
truth,13.802182749106592,storm,chemostatic,56
pw,10.339300532668137,unaltered,chemostatic,56
beale,NA,unaltered,chemostatic,56
rating,13.827559515930542,unaltered,chemostatic,56
composite,13.930842727089933,unaltered,chemostatic,56
truth,13.552363676199763,unaltered,chemostatic,56
pw,14.47428427485372,base,dilution,57
beale,NA,base,dilution,57
rating,12.430536020720547,base,dilution,57
composite,12.200720106045793,base,dilution,57
truth,12.361098387257899,base,dilution,57
pw,25.81682900568464,storm,dilution,57
beale,NA,storm,dilution,57
rating,14.157221716352138,storm,dilution,57
composite,12.845638490085904,storm,dilution,57
truth,17.05902051325404,storm,dilution,57
pw,14.892549879026518,unaltered,dilution,57
beale,NA,unaltered,dilution,57
rating,12.217589265199582,unaltered,dilution,57
composite,12.364747828838974,unaltered,dilution,57
truth,13.168378844732217,unaltered,dilution,57
pw,4.902354485189513,base,enrich,57
beale,NA,base,enrich,57
rating,11.314047818714256,base,enrich,57
composite,11.757848270934858,base,enrich,57
truth,14.15144243606781,base,enrich,57
pw,0.8788963929293696,storm,enrich,57
beale,NA,storm,enrich,57
rating,33.316234035540496,storm,enrich,57
composite,33.74297240495345,storm,enrich,57
truth,75.64546814186515,storm,enrich,57
pw,3.3301607693574122,unaltered,enrich,57
beale,NA,unaltered,enrich,57
rating,13.742219039712781,unaltered,enrich,57
composite,13.869406932461803,unaltered,enrich,57
truth,13.771914656913504,unaltered,enrich,57
pw,11.835754401629451,base,none,57
beale,NA,base,none,57
rating,18.430260230805906,base,none,57
composite,19.480461681720488,base,none,57
truth,15.831833337472705,base,none,57
pw,4.917419155482061,storm,none,57
beale,NA,storm,none,57
rating,19.48291789700369,storm,none,57
composite,20.681848592680772,storm,none,57
truth,13.862994626801145,storm,none,57
pw,9.326610412115455,unaltered,none,57
beale,NA,unaltered,none,57
rating,15.722105103925273,unaltered,none,57
composite,16.704642146422735,unaltered,none,57
truth,13.58252305154945,unaltered,none,57
pw,13.1340213169321,base,chemostatic,57
beale,NA,base,chemostatic,57
rating,16.387723189729243,base,chemostatic,57
composite,16.384352892940303,base,chemostatic,57
truth,15.782746632837634,base,chemostatic,57
pw,5.456812115288573,storm,chemostatic,57
beale,NA,storm,chemostatic,57
rating,14.988135559153031,storm,chemostatic,57
composite,14.947946306410985,storm,chemostatic,57
truth,13.726710898793694,storm,chemostatic,57
pw,10.349648684040034,unaltered,chemostatic,57
beale,NA,unaltered,chemostatic,57
rating,14.225160894052772,unaltered,chemostatic,57
composite,14.210319800828376,unaltered,chemostatic,57
truth,13.531137348728315,unaltered,chemostatic,57
pw,13.758970816704787,base,dilution,58
beale,NA,base,dilution,58
rating,12.219049008819148,base,dilution,58
composite,12.379303538012497,base,dilution,58
truth,12.43102682330785,base,dilution,58
pw,25.42824528099863,storm,dilution,58
beale,NA,storm,dilution,58
rating,14.357022455967016,storm,dilution,58
composite,14.160648079128604,storm,dilution,58
truth,18.375204153829593,storm,dilution,58
pw,14.797035401959045,unaltered,dilution,58
beale,NA,unaltered,dilution,58
rating,12.361818642799735,unaltered,dilution,58
composite,12.97893198075593,unaltered,dilution,58
truth,13.76048038972046,unaltered,dilution,58
pw,5.350193078454576,base,enrich,58
beale,NA,base,enrich,58
rating,14.03270647846881,base,enrich,58
composite,14.329904710478315,base,enrich,58
truth,14.505957543445893,base,enrich,58
pw,0.8732129402900557,storm,enrich,58
beale,NA,storm,enrich,58
rating,37.51458102710086,storm,enrich,58
composite,37.9350935729864,storm,enrich,58
truth,75.84245181899048,storm,enrich,58
pw,3.2765376044127903,unaltered,enrich,58
beale,NA,unaltered,enrich,58
rating,14.607151979526606,unaltered,enrich,58
composite,14.697526644177595,unaltered,enrich,58
truth,13.827090380925958,unaltered,enrich,58
pw,13.406444918853431,base,none,58
beale,NA,base,none,58
rating,13.96291844230714,base,none,58
composite,14.662953545391103,base,none,58
truth,15.850142152706756,base,none,58
pw,5.687871227187623,storm,none,58
beale,NA,storm,none,58
rating,10.395746561609096,storm,none,58
composite,10.541587717915549,storm,none,58
truth,13.698840181525082,storm,none,58
pw,10.758977097420473,unaltered,none,58
beale,NA,unaltered,none,58
rating,11.593920763519684,unaltered,none,58
composite,12.153593738041842,unaltered,none,58
truth,13.52261535850418,unaltered,none,58
pw,12.630290658310452,base,chemostatic,58
beale,NA,base,chemostatic,58
rating,15.217521983609275,base,chemostatic,58
composite,15.332194858353926,base,chemostatic,58
truth,15.867514413118231,base,chemostatic,58
pw,5.358576957668553,storm,chemostatic,58
beale,NA,storm,chemostatic,58
rating,12.767721671283018,storm,chemostatic,58
composite,12.882833651821382,storm,chemostatic,58
truth,13.787713949124138,storm,chemostatic,58
pw,10.136095642732679,unaltered,chemostatic,58
beale,NA,unaltered,chemostatic,58
rating,12.937217414580385,unaltered,chemostatic,58
composite,13.033416333959547,unaltered,chemostatic,58
truth,13.545378671767306,unaltered,chemostatic,58
pw,14.775316308979798,base,dilution,59
beale,NA,base,dilution,59
rating,12.370539151391228,base,dilution,59
composite,13.26225582828789,base,dilution,59
truth,12.667024457592715,base,dilution,59
pw,27.891373598964826,storm,dilution,59
beale,NA,storm,dilution,59
rating,14.953074089241374,storm,dilution,59
composite,15.079380785770507,storm,dilution,59
truth,17.513888676381843,storm,dilution,59
pw,16.001675620772595,unaltered,dilution,59
beale,NA,unaltered,dilution,59
rating,12.98950466189926,unaltered,dilution,59
composite,13.67731422338183,unaltered,dilution,59
truth,13.686234121149877,unaltered,dilution,59
pw,5.856527127021404,base,enrich,59
beale,NA,base,enrich,59
rating,14.71159669510255,base,enrich,59
composite,14.634059797000525,base,enrich,59
truth,14.666821512674584,base,enrich,59
pw,0.8954450698010947,storm,enrich,59
beale,NA,storm,enrich,59
rating,30.68709813301855,storm,enrich,59
composite,31.10968683462022,storm,enrich,59
truth,78.57836568449456,storm,enrich,59
pw,3.3677822561637414,unaltered,enrich,59
beale,NA,unaltered,enrich,59
rating,12.806367451511571,unaltered,enrich,59
composite,12.977910440554417,unaltered,enrich,59
truth,14.206320531840026,unaltered,enrich,59
pw,13.655254754263261,base,none,59
beale,NA,base,none,59
rating,17.23666708270807,base,none,59
composite,17.66447299871211,base,none,59
truth,15.995264057204574,base,none,59
pw,5.616708494094394,storm,none,59
beale,NA,storm,none,59
rating,15.761888770825035,storm,none,59
composite,16.579933416267817,storm,none,59
truth,13.825224179728533,storm,none,59
pw,10.511250101192745,unaltered,none,59
beale,NA,unaltered,none,59
rating,14.753962386424728,unaltered,none,59
composite,15.167833981477322,unaltered,none,59
truth,13.553817383929145,unaltered,none,59
pw,13.754573855799398,base,chemostatic,59
beale,NA,base,chemostatic,59
rating,16.751523733410625,base,chemostatic,59
composite,16.73835676149278,base,chemostatic,59
truth,16.007297324156756,base,chemostatic,59
pw,5.657560638654325,storm,chemostatic,59
beale,NA,storm,chemostatic,59
rating,14.930716238066168,storm,chemostatic,59
composite,14.842045821755805,storm,chemostatic,59
truth,13.803414409691376,storm,chemostatic,59
pw,10.587701836063978,unaltered,chemostatic,59
beale,NA,unaltered,chemostatic,59
rating,14.308549446569822,unaltered,chemostatic,59
composite,14.284589675344607,unaltered,chemostatic,59
truth,13.561046754726554,unaltered,chemostatic,59
pw,13.4873851960293,base,dilution,60
beale,NA,base,dilution,60
rating,11.740111694775615,base,dilution,60
composite,11.767533062868281,base,dilution,60
truth,12.532011788128036,base,dilution,60
pw,27.5091114493217,storm,dilution,60
beale,NA,storm,dilution,60
rating,14.794150252523222,storm,dilution,60
composite,11.431727831851152,storm,dilution,60
truth,17.404717009885395,storm,dilution,60
pw,15.733437643433673,unaltered,dilution,60
beale,NA,unaltered,dilution,60
rating,12.756367642374922,unaltered,dilution,60
composite,12.496060250835574,unaltered,dilution,60
truth,13.572824971629075,unaltered,dilution,60
pw,5.461217075635448,base,enrich,60
beale,NA,base,enrich,60
rating,14.081201303726878,base,enrich,60
composite,13.886966157438273,base,enrich,60
truth,14.648095358084706,base,enrich,60
pw,0.8323103590978668,storm,enrich,60
beale,NA,storm,enrich,60
rating,33.34645786603533,storm,enrich,60
composite,33.614572893873984,storm,enrich,60
truth,75.82400546424608,storm,enrich,60
pw,3.211203317510235,unaltered,enrich,60
beale,NA,unaltered,enrich,60
rating,13.700639753971661,unaltered,enrich,60
composite,13.723103231884703,unaltered,enrich,60
truth,13.90553694000539,unaltered,enrich,60
pw,13.484256942604077,base,none,60
beale,NA,base,none,60
rating,14.78268630873872,base,none,60
composite,15.23232870106053,base,none,60
truth,15.924952273375494,base,none,60
pw,5.573187547484835,storm,none,60
beale,NA,storm,none,60
rating,12.763887901705457,storm,none,60
composite,12.906329288784233,storm,none,60
truth,13.65584052262331,storm,none,60
pw,10.548562161100454,unaltered,none,60
beale,NA,unaltered,none,60
rating,12.352629414343452,unaltered,none,60
composite,12.680180419764158,unaltered,none,60
truth,13.507652722890398,unaltered,none,60
pw,12.856526264795544,base,chemostatic,60
beale,NA,base,chemostatic,60
rating,15.45650112825767,base,chemostatic,60
composite,15.420624576243013,base,chemostatic,60
truth,15.969149748490988,base,chemostatic,60
pw,5.313739747607691,storm,chemostatic,60
beale,NA,storm,chemostatic,60
rating,13.214537819747177,storm,chemostatic,60
composite,13.132914823737192,storm,chemostatic,60
truth,13.757934110468115,storm,chemostatic,60
pw,10.057496461041623,unaltered,chemostatic,60
beale,NA,unaltered,chemostatic,60
rating,13.121534597087667,unaltered,chemostatic,60
composite,13.083922791103195,unaltered,chemostatic,60
truth,13.55070202425259,unaltered,chemostatic,60
pw,13.756088846016322,base,dilution,61
beale,NA,base,dilution,61
rating,12.235587517574109,base,dilution,61
composite,12.47671391914051,base,dilution,61
truth,12.43273902363909,base,dilution,61
pw,27.604061219265233,storm,dilution,61
beale,NA,storm,dilution,61
rating,14.541804359991959,storm,dilution,61
composite,10.524644269768435,storm,dilution,61
truth,18.769609728214192,storm,dilution,61
pw,15.662164670590743,unaltered,dilution,61
beale,NA,unaltered,dilution,61
rating,12.541334904990096,unaltered,dilution,61
composite,12.48727914987928,unaltered,dilution,61
truth,13.684576643618275,unaltered,dilution,61
pw,5.744610196103301,base,enrich,61
beale,NA,base,enrich,61
rating,19.851005651166787,base,enrich,61
composite,20.03300345090126,base,enrich,61
truth,14.33550730870238,base,enrich,61
pw,0.8890359228511192,storm,enrich,61
beale,NA,storm,enrich,61
rating,49.16778567131728,storm,enrich,61
composite,49.69043176969133,storm,enrich,61
truth,75.57251736060968,storm,enrich,61
pw,3.3792154878454457,unaltered,enrich,61
beale,NA,unaltered,enrich,61
rating,20.26431384082012,unaltered,enrich,61
composite,20.471968624441317,unaltered,enrich,61
truth,13.854643954453213,unaltered,enrich,61
pw,12.739501097062975,base,none,61
beale,NA,base,none,61
rating,13.935464285932786,base,none,61
composite,13.864314146101686,base,none,61
truth,15.792676091027946,base,none,61
pw,5.355883425143634,storm,none,61
beale,NA,storm,none,61
rating,12.149666100636772,storm,none,61
composite,11.117928388572151,storm,none,61
truth,13.598987457288384,storm,none,61
pw,10.169837783573671,unaltered,none,61
beale,NA,unaltered,none,61
rating,11.919530771851052,unaltered,none,61
composite,11.68876536902473,unaltered,none,61
truth,13.483080612918748,unaltered,none,61
pw,12.870380359488076,base,chemostatic,61
beale,NA,base,chemostatic,61
rating,16.098969424655238,base,chemostatic,61
composite,16.09728030619992,base,chemostatic,61
truth,15.84645111112354,base,chemostatic,61
pw,5.410907092630834,storm,chemostatic,61
beale,NA,storm,chemostatic,61
rating,13.980867712378933,storm,chemostatic,61
composite,13.976607706804172,storm,chemostatic,61
truth,13.734145049027678,storm,chemostatic,61
pw,10.27431761037033,unaltered,chemostatic,61
beale,NA,unaltered,chemostatic,61
rating,13.76099086478533,unaltered,chemostatic,61
composite,13.7631814886988,unaltered,chemostatic,61
truth,13.538106368794482,unaltered,chemostatic,61
pw,14.256966991222209,base,dilution,62
beale,NA,base,dilution,62
rating,11.78867581933869,base,dilution,62
composite,11.84436964816786,base,dilution,62
truth,12.36012917290242,base,dilution,62
pw,26.474344639447764,storm,dilution,62
beale,NA,storm,dilution,62
rating,13.793852394416394,storm,dilution,62
composite,11.053643606565885,storm,dilution,62
truth,17.070776404548056,storm,dilution,62
pw,15.222295752324731,unaltered,dilution,62
beale,NA,unaltered,dilution,62
rating,12.15483168318929,unaltered,dilution,62
composite,11.93109388385523,unaltered,dilution,62
truth,13.234038542307326,unaltered,dilution,62
pw,4.431349694466145,base,enrich,62
beale,NA,base,enrich,62
rating,13.511057721552888,base,enrich,62
composite,13.504864916816173,base,enrich,62
truth,14.016421788375684,base,enrich,62
pw,0.8537852237610286,storm,enrich,62
beale,NA,storm,enrich,62
rating,46.91482551415233,storm,enrich,62
composite,47.24392681165621,storm,enrich,62
truth,75.45975880695313,storm,enrich,62
pw,3.2564887435624685,unaltered,enrich,62
beale,NA,unaltered,enrich,62
rating,16.039428333609717,unaltered,enrich,62
composite,16.12958078514566,unaltered,enrich,62
truth,13.721201814502022,unaltered,enrich,62
pw,12.778495890229786,base,none,62
beale,NA,base,none,62
rating,19.772083698885766,base,none,62
composite,20.433087332933543,base,none,62
truth,15.71810968412051,base,none,62
pw,5.5723122277426596,storm,none,62
beale,NA,storm,none,62
rating,20.29627045186142,storm,none,62
composite,21.144834330707077,storm,none,62
truth,13.795404317857544,storm,none,62
pw,10.651277772783235,unaltered,none,62
beale,NA,unaltered,none,62
rating,17.730968704576085,unaltered,none,62
composite,18.4048933815899,unaltered,none,62
truth,13.53582924459455,unaltered,none,62
pw,12.512938711745193,base,chemostatic,62
beale,NA,base,chemostatic,62
rating,16.459763823419674,base,chemostatic,62
composite,16.518879608696366,base,chemostatic,62
truth,15.714814662313396,base,chemostatic,62
pw,5.456510843483818,storm,chemostatic,62
beale,NA,storm,chemostatic,62
rating,13.711633486830989,storm,chemostatic,62
composite,13.94725740568735,storm,chemostatic,62
truth,13.741697590646947,storm,chemostatic,62
pw,10.429927521791754,unaltered,chemostatic,62
beale,NA,unaltered,chemostatic,62
rating,13.866343901199837,unaltered,chemostatic,62
composite,13.975626746472678,unaltered,chemostatic,62
truth,13.525876696822074,unaltered,chemostatic,62
pw,13.354228837517576,base,dilution,63
beale,NA,base,dilution,63
rating,11.829707925720994,base,dilution,63
composite,12.29203579616876,base,dilution,63
truth,12.561127557408861,base,dilution,63
pw,23.538378592561166,storm,dilution,63
beale,NA,storm,dilution,63
rating,13.839377053358028,storm,dilution,63
composite,12.344494392978174,storm,dilution,63
truth,17.602631719291065,storm,dilution,63
pw,13.928983955553715,unaltered,dilution,63
beale,NA,unaltered,dilution,63
rating,11.949193292877913,unaltered,dilution,63
composite,12.031027615514901,unaltered,dilution,63
truth,13.550709444575162,unaltered,dilution,63
pw,6.4420479103428425,base,enrich,63
beale,NA,base,enrich,63
rating,17.03063836208318,base,enrich,63
composite,16.86844420184086,base,enrich,63
truth,14.883438142432711,base,enrich,63
pw,0.9230078879230914,storm,enrich,63
beale,NA,storm,enrich,63
rating,45.93333463301571,storm,enrich,63
composite,46.253853838055115,storm,enrich,63
truth,76.80679190792323,storm,enrich,63
pw,3.564216594308751,unaltered,enrich,63
beale,NA,unaltered,enrich,63
rating,16.389102199585583,unaltered,enrich,63
composite,16.39127392350482,unaltered,enrich,63
truth,14.008408944052714,unaltered,enrich,63
pw,12.865023956118769,base,none,63
beale,NA,base,none,63
rating,13.92003189120124,base,none,63
composite,14.243773759825643,base,none,63
truth,15.975972501557102,base,none,63
pw,5.219971783590919,storm,none,63
beale,NA,storm,none,63
rating,12.49296667194647,storm,none,63
composite,11.834590480609272,storm,none,63
truth,13.738458218425869,storm,none,63
pw,9.86552597118442,unaltered,none,63
beale,NA,unaltered,none,63
rating,11.692932379201203,unaltered,none,63
composite,11.852146374411564,unaltered,none,63
truth,13.532246462570246,unaltered,none,63
pw,13.483087666354825,base,chemostatic,63
beale,NA,base,chemostatic,63
rating,16.77046402623493,base,chemostatic,63
composite,16.744918044990424,base,chemostatic,63
truth,15.994847483498917,base,chemostatic,63
pw,5.47075057256933,storm,chemostatic,63
beale,NA,storm,chemostatic,63
rating,15.368807456766262,storm,chemostatic,63
composite,15.431444397644029,storm,chemostatic,63
truth,13.747017980181091,storm,chemostatic,63
pw,10.339487279455467,unaltered,chemostatic,63
beale,NA,unaltered,chemostatic,63
rating,14.285618766315384,unaltered,chemostatic,63
composite,14.274078118567123,unaltered,chemostatic,63
truth,13.548734342622188,unaltered,chemostatic,63
pw,13.605162293791976,base,dilution,64
beale,NA,base,dilution,64
rating,11.284197078573118,base,dilution,64
composite,10.105241623878417,base,dilution,64
truth,12.345710058435152,base,dilution,64
pw,26.056836247488352,storm,dilution,64
beale,NA,storm,dilution,64
rating,13.07783820677276,storm,dilution,64
composite,11.115847971878658,storm,dilution,64
truth,17.309943092629442,storm,dilution,64
pw,14.31322412429048,unaltered,dilution,64
beale,NA,unaltered,dilution,64
rating,11.327469120406333,unaltered,dilution,64
composite,11.661721563309769,unaltered,dilution,64
truth,13.589476197225972,unaltered,dilution,64
pw,4.920045704786714,base,enrich,64
beale,NA,base,enrich,64
rating,11.082013025828813,base,enrich,64
composite,12.363665458491088,base,enrich,64
truth,14.064761456602806,base,enrich,64
pw,0.896022718610944,storm,enrich,64
beale,NA,storm,enrich,64
rating,31.213906546417814,storm,enrich,64
composite,31.599986489594794,storm,enrich,64
truth,74.64452098930116,storm,enrich,64
pw,3.3172935327451154,unaltered,enrich,64
beale,NA,unaltered,enrich,64
rating,12.225431529829127,unaltered,enrich,64
composite,12.29677607789326,unaltered,enrich,64
truth,13.717899118151418,unaltered,enrich,64
pw,14.67510187997611,base,none,64
beale,NA,base,none,64
rating,16.92541578080325,base,none,64
composite,17.637724129608653,base,none,64
truth,15.740655027419637,base,none,64
pw,6.147317949379456,storm,none,64
beale,NA,storm,none,64
rating,13.74388763748195,storm,none,64
composite,14.672198660453303,storm,none,64
truth,13.586243031892277,storm,none,64
pw,11.68557755286862,unaltered,none,64
beale,NA,unaltered,none,64
rating,14.497497961958297,unaltered,none,64
composite,15.146228903788735,unaltered,none,64
truth,13.505741332473338,unaltered,none,64
pw,13.055169486148081,base,chemostatic,64
beale,NA,base,chemostatic,64
rating,15.548959529195857,base,chemostatic,64
composite,15.405229647152375,base,chemostatic,64
truth,15.751808622346402,base,chemostatic,64
pw,5.468737346477606,storm,chemostatic,64
beale,NA,storm,chemostatic,64
rating,13.20398962163617,storm,chemostatic,64
composite,13.00807673268988,storm,chemostatic,64
truth,13.695093503395094,storm,chemostatic,64
pw,10.395648135457831,unaltered,chemostatic,64
beale,NA,unaltered,chemostatic,64
rating,13.252305046548814,unaltered,chemostatic,64
composite,13.119804098338909,unaltered,chemostatic,64
truth,13.524172485234935,unaltered,chemostatic,64
pw,14.781158675827797,base,dilution,65
beale,NA,base,dilution,65
rating,12.593357974165068,base,dilution,65
composite,13.829558608501264,base,dilution,65
truth,12.629862000832741,base,dilution,65
pw,26.391790419225327,storm,dilution,65
beale,NA,storm,dilution,65
rating,14.504947718094854,storm,dilution,65
composite,15.588312863325802,storm,dilution,65
truth,17.543954131207208,storm,dilution,65
pw,15.300143164074862,unaltered,dilution,65
beale,NA,unaltered,dilution,65
rating,12.536286532571902,unaltered,dilution,65
composite,13.27177241554564,unaltered,dilution,65
truth,13.695663592210051,unaltered,dilution,65
pw,5.595480418857784,base,enrich,65
beale,NA,base,enrich,65
rating,12.100166669492719,base,enrich,65
composite,12.089854238139385,base,enrich,65
truth,14.556191483633478,base,enrich,65
pw,0.8649910126817978,storm,enrich,65
beale,NA,storm,enrich,65
rating,29.030991643042796,storm,enrich,65
composite,29.333578433933162,storm,enrich,65
truth,77.81353279526991,storm,enrich,65
pw,3.323195304753991,unaltered,enrich,65
beale,NA,unaltered,enrich,65
rating,11.731715007175932,unaltered,enrich,65
composite,11.788305132835328,unaltered,enrich,65
truth,14.095375865750409,unaltered,enrich,65
pw,12.76997636117368,base,none,65
beale,NA,base,none,65
rating,16.996493889614744,base,none,65
composite,17.111831603499436,base,none,65
truth,16.029418626903453,base,none,65
pw,5.283172114771147,storm,none,65
beale,NA,storm,none,65
rating,18.40860015985953,storm,none,65
composite,18.490929904987397,storm,none,65
truth,13.860564950738835,storm,none,65
pw,10.01515310478697,unaltered,none,65
beale,NA,unaltered,none,65
rating,14.844001510992083,unaltered,none,65
composite,14.934682912391962,unaltered,none,65
truth,13.598348385503375,unaltered,none,65
pw,13.05375295442716,base,chemostatic,65
beale,NA,base,chemostatic,65
rating,16.17628711537613,base,chemostatic,65
composite,16.323182567392028,base,chemostatic,65
truth,15.984197471992207,base,chemostatic,65
pw,5.400575666813726,storm,chemostatic,65
beale,NA,storm,chemostatic,65
rating,14.11804424718815,storm,chemostatic,65
composite,14.398838702887936,storm,chemostatic,65
truth,13.756666085467819,storm,chemostatic,65
pw,10.237711545664718,unaltered,chemostatic,65
beale,NA,unaltered,chemostatic,65
rating,13.736436342594672,unaltered,chemostatic,65
composite,13.882284194878087,unaltered,chemostatic,65
truth,13.552014208145069,unaltered,chemostatic,65
pw,13.489973670605861,base,dilution,66
beale,NA,base,dilution,66
rating,11.846891499597712,base,dilution,66
composite,12.242910257748028,base,dilution,66
truth,12.476710290418536,base,dilution,66
pw,23.891479175594952,storm,dilution,66
beale,NA,storm,dilution,66
rating,13.921454700369239,storm,dilution,66
composite,10.575256241071264,storm,dilution,66
truth,17.14946847732496,storm,dilution,66
pw,13.992018279531143,unaltered,dilution,66
beale,NA,unaltered,dilution,66
rating,11.879120110980143,unaltered,dilution,66
composite,11.636241654780578,unaltered,dilution,66
truth,13.291240012064412,unaltered,dilution,66
pw,5.497964711341408,base,enrich,66
beale,NA,base,enrich,66
rating,13.515863936163177,base,enrich,66
composite,13.619094362232126,base,enrich,66
truth,14.47969062649774,base,enrich,66
pw,0.8693789171806365,storm,enrich,66
beale,NA,storm,enrich,66
rating,33.48185030024922,storm,enrich,66
composite,33.88720628924104,storm,enrich,66
truth,75.82069147351201,storm,enrich,66
pw,3.3153693143142107,unaltered,enrich,66
beale,NA,unaltered,enrich,66
rating,12.803424165250108,unaltered,enrich,66
composite,12.943832997658946,unaltered,enrich,66
truth,13.912533926387566,unaltered,enrich,66
pw,12.875699778940234,base,none,66
beale,NA,base,none,66
rating,18.516360480756425,base,none,66
composite,19.604814584355932,base,none,66
truth,15.928311264258403,base,none,66
pw,5.433528333218748,storm,none,66
beale,NA,storm,none,66
rating,18.01166137435098,storm,none,66
composite,19.442765180494682,storm,none,66
truth,13.823385678637305,storm,none,66
pw,10.326492925621942,unaltered,none,66
beale,NA,unaltered,none,66
rating,15.860899441709845,unaltered,none,66
composite,16.925746994616667,unaltered,none,66
truth,13.567023526204506,unaltered,none,66
pw,13.005935820378363,base,chemostatic,66
beale,NA,base,chemostatic,66
rating,15.843972132982074,base,chemostatic,66
composite,15.955333638934158,base,chemostatic,66
truth,15.91360845079288,base,chemostatic,66
pw,5.488487771020938,storm,chemostatic,66
beale,NA,storm,chemostatic,66
rating,13.433821560588195,storm,chemostatic,66
composite,13.510136324516665,storm,chemostatic,66
truth,13.7402630207665,storm,chemostatic,66
pw,10.430944068756823,unaltered,chemostatic,66
beale,NA,unaltered,chemostatic,66
rating,13.468613385866101,unaltered,chemostatic,66
composite,13.561509512092684,unaltered,chemostatic,66
truth,13.546066903349864,unaltered,chemostatic,66
pw,14.331994328178512,base,dilution,67
beale,NA,base,dilution,67
rating,12.549412680722783,base,dilution,67
composite,12.61383462224265,base,dilution,67
truth,12.329283847645078,base,dilution,67
pw,25.958442006165154,storm,dilution,67
beale,NA,storm,dilution,67
rating,14.556073391978831,storm,dilution,67
composite,12.676895670069632,storm,dilution,67
truth,17.55247041020293,storm,dilution,67
pw,15.002839008192042,unaltered,dilution,67
beale,NA,unaltered,dilution,67
rating,12.449251364911955,unaltered,dilution,67
composite,12.521301112336353,unaltered,dilution,67
truth,13.517216480280274,unaltered,dilution,67
pw,5.291715289559093,base,enrich,67
beale,NA,base,enrich,67
rating,10.738010716928725,base,enrich,67
composite,11.008222064281552,base,enrich,67
truth,13.85937433041129,base,enrich,67
pw,0.859680686246298,storm,enrich,67
beale,NA,storm,enrich,67
rating,26.6829164016905,storm,enrich,67
composite,27.033902651399828,storm,enrich,67
truth,75.70342630730066,storm,enrich,67
pw,3.386763474538226,unaltered,enrich,67
beale,NA,unaltered,enrich,67
rating,11.26960083577687,unaltered,enrich,67
composite,11.410725353843278,unaltered,enrich,67
truth,13.719348648360945,unaltered,enrich,67
pw,12.267552657473024,base,none,67
beale,NA,base,none,67
rating,19.17813930966458,base,none,67
composite,19.90455199947505,base,none,67
truth,15.648723623378597,base,none,67
pw,5.15831348235522,storm,none,67
beale,NA,storm,none,67
rating,19.637556661213264,storm,none,67
composite,21.28116327235034,storm,none,67
truth,13.620022252994849,storm,none,67
pw,9.786529913682394,unaltered,none,67
beale,NA,unaltered,none,67
rating,17.13351375104077,unaltered,none,67
composite,17.87276576165113,unaltered,none,67
truth,13.477608660775543,unaltered,none,67
pw,12.942374371578966,base,chemostatic,67
beale,NA,base,chemostatic,67
rating,14.963543027961281,base,chemostatic,67
composite,15.079649840836352,base,chemostatic,67
truth,15.701396528612559,base,chemostatic,67
pw,5.442065428913058,storm,chemostatic,67
beale,NA,storm,chemostatic,67
rating,12.352410935750388,storm,chemostatic,67
composite,12.424635111840566,storm,chemostatic,67
truth,13.75203671469344,storm,chemostatic,67
pw,10.324873874853589,unaltered,chemostatic,67
beale,NA,unaltered,chemostatic,67
rating,12.778422919567115,unaltered,chemostatic,67
composite,12.879206536203933,unaltered,chemostatic,67
truth,13.531975534250746,unaltered,chemostatic,67
pw,12.787309985891463,base,dilution,68
beale,NA,base,dilution,68
rating,10.968489868234624,base,dilution,68
composite,11.33054012344941,base,dilution,68
truth,12.322290239120372,base,dilution,68
pw,25.421558712423572,storm,dilution,68
beale,NA,storm,dilution,68
rating,13.83956746754474,storm,dilution,68
composite,12.670655625990495,storm,dilution,68
truth,17.510813167838556,storm,dilution,68
pw,14.609511348049228,unaltered,dilution,68
beale,NA,unaltered,dilution,68
rating,11.94572733689286,unaltered,dilution,68
composite,12.180306159239667,unaltered,dilution,68
truth,13.786716929131183,unaltered,dilution,68
pw,5.277950299576522,base,enrich,68
beale,NA,base,enrich,68
rating,12.716656780417702,base,enrich,68
composite,12.665449544616473,base,enrich,68
truth,13.739464758159075,base,enrich,68
pw,0.8367673219620205,storm,enrich,68
beale,NA,storm,enrich,68
rating,24.198478310272577,storm,enrich,68
composite,24.65706152445844,storm,enrich,68
truth,75.658769754003,storm,enrich,68
pw,3.2650584151391233,unaltered,enrich,68
beale,NA,unaltered,enrich,68
rating,10.565174941007843,unaltered,enrich,68
composite,10.731904673833917,unaltered,enrich,68
truth,13.717415846789056,unaltered,enrich,68
pw,13.612726228641817,base,none,68
beale,NA,base,none,68
rating,16.600792411966946,base,none,68
composite,17.43938066351565,base,none,68
truth,15.681074754277835,base,none,68
pw,5.775221086446228,storm,none,68
beale,NA,storm,none,68
rating,15.023370522673575,storm,none,68
composite,16.4788219749419,storm,none,68
truth,13.784821278380338,storm,none,68
pw,10.924450597040021,unaltered,none,68
beale,NA,unaltered,none,68
rating,14.135654581729199,unaltered,none,68
composite,14.965371148966872,unaltered,none,68
truth,13.53775491470778,unaltered,none,68
pw,12.80658018888935,base,chemostatic,68
beale,NA,base,chemostatic,68
rating,15.473186958604662,base,chemostatic,68
composite,15.447922029394888,base,chemostatic,68
truth,15.685207410704116,base,chemostatic,68
pw,5.4332123271913915,storm,chemostatic,68
beale,NA,storm,chemostatic,68
rating,13.569966483113308,storm,chemostatic,68
composite,13.46776394361717,storm,chemostatic,68
truth,13.789109218527846,storm,chemostatic,68
pw,10.277504317701386,unaltered,chemostatic,68
beale,NA,unaltered,chemostatic,68
rating,13.362924382398608,unaltered,chemostatic,68
composite,13.327295981010973,unaltered,chemostatic,68
truth,13.541556531112308,unaltered,chemostatic,68
pw,13.515587240631197,base,dilution,69
beale,NA,base,dilution,69
rating,12.433563180760427,base,dilution,69
composite,12.619667488355713,base,dilution,69
truth,12.443225897498722,base,dilution,69
pw,24.38106082167375,storm,dilution,69
beale,NA,storm,dilution,69
rating,14.457812180235,storm,dilution,69
composite,13.367774394606956,storm,dilution,69
truth,17.357595908523816,storm,dilution,69
pw,14.082505917055853,unaltered,dilution,69
beale,NA,unaltered,dilution,69
rating,12.209730623983791,unaltered,dilution,69
composite,12.579055591420852,unaltered,dilution,69
truth,13.459647239083626,unaltered,dilution,69
pw,4.7968510839781535,base,enrich,69
beale,NA,base,enrich,69
rating,14.047454884644157,base,enrich,69
composite,14.325560726277853,base,enrich,69
truth,14.375938224103377,base,enrich,69
pw,0.9439944506972814,storm,enrich,69
beale,NA,storm,enrich,69
rating,28.10359606129781,storm,enrich,69
composite,28.646814063557006,storm,enrich,69
truth,75.73907074463173,storm,enrich,69
pw,3.4607854182954405,unaltered,enrich,69
beale,NA,unaltered,enrich,69
rating,11.836563373894979,unaltered,enrich,69
composite,12.01845844290978,unaltered,enrich,69
truth,13.840028792792033,unaltered,enrich,69
pw,13.186763070112795,base,none,69
beale,NA,base,none,69
rating,13.691328499160988,base,none,69
composite,13.635260473150437,base,none,69
truth,15.901717410696751,base,none,69
pw,5.597866644178836,storm,none,69
beale,NA,storm,none,69
rating,10.504481316822487,storm,none,69
composite,10.174648512916633,storm,none,69
truth,13.760952458574025,storm,none,69
pw,10.606419660714618,unaltered,none,69
beale,NA,unaltered,none,69
rating,11.587284755727122,unaltered,none,69
composite,11.433006942240278,unaltered,none,69
truth,13.549410744490029,unaltered,none,69
pw,12.83880808709108,base,chemostatic,69
beale,NA,base,chemostatic,69
rating,16.17285758139464,base,chemostatic,69
composite,16.328819934796016,base,chemostatic,69
truth,15.890228279943072,base,chemostatic,69
pw,5.450157491995182,storm,chemostatic,69
beale,NA,storm,chemostatic,69
rating,13.846529514159252,storm,chemostatic,69
composite,14.138174602868691,storm,chemostatic,69
truth,13.741267490766184,storm,chemostatic,69
pw,10.326551390287463,unaltered,chemostatic,69
beale,NA,unaltered,chemostatic,69
rating,13.752520164357383,unaltered,chemostatic,69
composite,13.915625556819547,unaltered,chemostatic,69
truth,13.538912786627249,unaltered,chemostatic,69
pw,14.85370862949806,base,dilution,70
beale,NA,base,dilution,70
rating,12.974784607134827,base,dilution,70
composite,12.544183204563675,base,dilution,70
truth,12.539121389204459,base,dilution,70
pw,26.56097418006937,storm,dilution,70
beale,NA,storm,dilution,70
rating,14.199958560937446,storm,dilution,70
composite,11.01419712842906,storm,dilution,70
truth,17.671142400992753,storm,dilution,70
pw,15.216557181543791,unaltered,dilution,70
beale,NA,unaltered,dilution,70
rating,12.313493240989864,unaltered,dilution,70
composite,12.261179936000609,unaltered,dilution,70
truth,13.771754378169083,unaltered,dilution,70
pw,4.9206984283202635,base,enrich,70
beale,NA,base,enrich,70
rating,11.667210942655679,base,enrich,70
composite,12.186613660449803,base,enrich,70
truth,14.848671942834816,base,enrich,70
pw,0.8572803880231428,storm,enrich,70
beale,NA,storm,enrich,70
rating,38.90796478929115,storm,enrich,70
composite,39.374794312472005,storm,enrich,70
truth,76.22207193325055,storm,enrich,70
pw,3.2621299891820046,unaltered,enrich,70
beale,NA,unaltered,enrich,70
rating,15.030056749941133,unaltered,enrich,70
composite,15.186327782815813,unaltered,enrich,70
truth,13.993757922214664,unaltered,enrich,70
pw,11.96119654680399,base,none,70
beale,NA,base,none,70
rating,18.428788565602055,base,none,70
composite,18.617893371645838,base,none,70
truth,16.10154509350018,base,none,70
pw,5.025924468817492,storm,none,70
beale,NA,storm,none,70
rating,20.52129661280141,storm,none,70
composite,20.917681821455794,storm,none,70
truth,13.94165549917956,storm,none,70
pw,9.525980289893312,unaltered,none,70
beale,NA,unaltered,none,70
rating,16.005359102184613,unaltered,none,70
composite,16.224765454328594,unaltered,none,70
truth,13.614992968939434,unaltered,none,70
pw,12.598341610666234,base,chemostatic,70
beale,NA,base,chemostatic,70
rating,15.445266464464465,base,chemostatic,70
composite,15.374448743245926,base,chemostatic,70
truth,16.042184881356228,base,chemostatic,70
pw,5.29364375209498,storm,chemostatic,70
beale,NA,storm,chemostatic,70
rating,12.880574862195612,storm,chemostatic,70
composite,12.786484285750307,storm,chemostatic,70
truth,13.798409551127449,storm,chemostatic,70
pw,10.03340705914712,unaltered,chemostatic,70
beale,NA,unaltered,chemostatic,70
rating,13.02742178955064,unaltered,chemostatic,70
composite,12.96150432112944,unaltered,chemostatic,70
truth,13.55634188108438,unaltered,chemostatic,70
pw,13.86131685889826,base,dilution,71
beale,NA,base,dilution,71
rating,12.603172864455237,base,dilution,71
composite,12.461843576313047,base,dilution,71
truth,12.479615251835991,base,dilution,71
pw,23.716535193088333,storm,dilution,71
beale,NA,storm,dilution,71
rating,14.548250794463465,storm,dilution,71
composite,13.672250311531997,storm,dilution,71
truth,17.66252395424392,storm,dilution,71
pw,14.094889119667577,unaltered,dilution,71
beale,NA,unaltered,dilution,71
rating,12.331406464228124,unaltered,dilution,71
composite,12.523418527701319,unaltered,dilution,71
truth,13.76486916745079,unaltered,dilution,71
pw,4.902937522328214,base,enrich,71
beale,NA,base,enrich,71
rating,15.621859862577613,base,enrich,71
composite,15.841932421364689,base,enrich,71
truth,14.453422142898289,base,enrich,71
pw,0.9068894179877237,storm,enrich,71
beale,NA,storm,enrich,71
rating,39.554384644637835,storm,enrich,71
composite,39.894734788858734,storm,enrich,71
truth,76.87966422979618,storm,enrich,71
pw,3.4526444087687347,unaltered,enrich,71
beale,NA,unaltered,enrich,71
rating,14.87140566683802,unaltered,enrich,71
composite,14.859582355340137,unaltered,enrich,71
truth,13.98861811562398,unaltered,enrich,71
pw,12.654168259364178,base,none,71
beale,NA,base,none,71
rating,13.139333489603878,base,none,71
composite,13.915800758877316,base,none,71
truth,15.846882910002103,base,none,71
pw,5.265050530187644,storm,none,71
beale,NA,storm,none,71
rating,9.948660835114916,storm,none,71
composite,10.100075283831966,storm,none,71
truth,13.786862815268478,storm,none,71
pw,9.977384708724733,unaltered,none,71
beale,NA,unaltered,none,71
rating,10.951030449901987,unaltered,none,71
composite,11.567677492576822,unaltered,none,71
truth,13.539822543612663,unaltered,none,71
pw,13.136974044052183,base,chemostatic,71
beale,NA,base,chemostatic,71
rating,15.192773830981537,base,chemostatic,71
composite,15.203008964495178,base,chemostatic,71
truth,15.856442902881128,base,chemostatic,71
pw,5.4659327059693785,storm,chemostatic,71
beale,NA,storm,chemostatic,71
rating,12.771739872794429,storm,chemostatic,71
composite,12.62105082938036,storm,chemostatic,71
truth,13.74623612170755,storm,chemostatic,71
pw,10.3580607796206,unaltered,chemostatic,71
beale,NA,unaltered,chemostatic,71
rating,12.875707207848238,unaltered,chemostatic,71
composite,12.866302734009123,unaltered,chemostatic,71
truth,13.541994265085874,unaltered,chemostatic,71
pw,14.20233651493172,base,dilution,72
beale,NA,base,dilution,72
rating,11.967295931831233,base,dilution,72
composite,12.747236601005163,base,dilution,72
truth,12.401399562766493,base,dilution,72
pw,28.61344773777198,storm,dilution,72
beale,NA,storm,dilution,72
rating,15.005918550668564,storm,dilution,72
composite,13.607322492447889,storm,dilution,72
truth,18.384944119356447,storm,dilution,72
pw,15.877719981406303,unaltered,dilution,72
beale,NA,unaltered,dilution,72
rating,12.862688477608627,unaltered,dilution,72
composite,13.276337428574726,unaltered,dilution,72
truth,13.325537943905655,unaltered,dilution,72
pw,5.079138566225938,base,enrich,72
beale,NA,base,enrich,72
rating,12.837318547351117,base,enrich,72
composite,12.610578365428955,base,enrich,72
truth,13.738583634440948,base,enrich,72
pw,0.9096300770151599,storm,enrich,72
beale,NA,storm,enrich,72
rating,26.66084195494467,storm,enrich,72
composite,27.120384889568477,storm,enrich,72
truth,75.30096527509191,storm,enrich,72
pw,3.3022118801391125,unaltered,enrich,72
beale,NA,unaltered,enrich,72
rating,11.359654615860928,unaltered,enrich,72
composite,11.510104923393538,unaltered,enrich,72
truth,13.746529947222653,unaltered,enrich,72
pw,13.750316750064393,base,none,72
beale,NA,base,none,72
rating,15.732886579219748,base,none,72
composite,15.460771510696791,base,none,72
truth,15.782475739039585,base,none,72
pw,5.748075300059957,storm,none,72
beale,NA,storm,none,72
rating,13.254389879950363,storm,none,72
composite,12.79831791203725,storm,none,72
truth,13.784219069390517,storm,none,72
pw,10.822942380522246,unaltered,none,72
beale,NA,unaltered,none,72
rating,13.499340219303681,unaltered,none,72
composite,13.199298060032577,unaltered,none,72
truth,13.572019334031742,unaltered,none,72
pw,13.18819485777965,base,chemostatic,72
beale,NA,base,chemostatic,72
rating,15.746690653472768,base,chemostatic,72
composite,15.751852426096898,base,chemostatic,72
truth,15.724106035583096,base,chemostatic,72
pw,5.513090243104831,storm,chemostatic,72
beale,NA,storm,chemostatic,72
rating,13.80162030391745,storm,chemostatic,72
composite,13.662871490273833,storm,chemostatic,72
truth,13.729847952135367,storm,chemostatic,72
pw,10.380493456500227,unaltered,chemostatic,72
beale,NA,unaltered,chemostatic,72
rating,13.525728249893623,unaltered,chemostatic,72
composite,13.512558483081136,unaltered,chemostatic,72
truth,13.522888794934355,unaltered,chemostatic,72
pw,13.751280323883408,base,dilution,73
beale,NA,base,dilution,73
rating,12.471025671257305,base,dilution,73
composite,12.865656404608739,base,dilution,73
truth,12.463328922151954,base,dilution,73
pw,24.44613842191114,storm,dilution,73
beale,NA,storm,dilution,73
rating,14.168782978622646,storm,dilution,73
composite,13.248596205680009,storm,dilution,73
truth,17.368934367348608,storm,dilution,73
pw,14.277829438025835,unaltered,dilution,73
beale,NA,unaltered,dilution,73
rating,12.101256114699527,unaltered,dilution,73
composite,12.40769667064847,unaltered,dilution,73
truth,13.961123705043242,unaltered,dilution,73
pw,6.2552468969416255,base,enrich,73
beale,NA,base,enrich,73
rating,13.103945350543368,base,enrich,73
composite,13.339287624753558,base,enrich,73
truth,14.265582300351795,base,enrich,73
pw,0.8489975791436373,storm,enrich,73
beale,NA,storm,enrich,73
rating,26.137538593697354,storm,enrich,73
composite,26.694556455029634,storm,enrich,73
truth,76.45292666758027,storm,enrich,73
pw,3.3305150735508997,unaltered,enrich,73
beale,NA,unaltered,enrich,73
rating,11.294993188146144,unaltered,enrich,73
composite,11.564345760272605,unaltered,enrich,73
truth,13.937117806126277,unaltered,enrich,73
pw,10.7856353630427,base,none,73
beale,NA,base,none,73
rating,14.716781698323235,base,none,73
composite,15.675546091546417,base,none,73
truth,15.85281753523158,base,none,73
pw,4.47879670853814,storm,none,73
beale,NA,storm,none,73
rating,13.354851954501735,storm,none,73
composite,13.863538198347817,storm,none,73
truth,13.706446115941887,storm,none,73
pw,8.486843685026251,unaltered,none,73
beale,NA,unaltered,none,73
rating,12.954467514341495,unaltered,none,73
composite,13.7336121250837,unaltered,none,73
truth,13.529705295944183,unaltered,none,73
pw,13.039362600522471,base,chemostatic,73
beale,NA,base,chemostatic,73
rating,15.422994773932,base,chemostatic,73
composite,15.543078272347316,base,chemostatic,73
truth,15.862907411615845,base,chemostatic,73
pw,5.414669820636337,storm,chemostatic,73
beale,NA,storm,chemostatic,73
rating,12.96222988433242,storm,chemostatic,73
composite,13.186595777889698,storm,chemostatic,73
truth,13.73605923476856,storm,chemostatic,73
pw,10.260223752992966,unaltered,chemostatic,73
beale,NA,unaltered,chemostatic,73
rating,13.113327098179036,unaltered,chemostatic,73
composite,13.231411918174787,unaltered,chemostatic,73
truth,13.539431657675337,unaltered,chemostatic,73
pw,14.342024329707536,base,dilution,74
beale,NA,base,dilution,74
rating,12.556278627162024,base,dilution,74
composite,12.545495814897684,base,dilution,74
truth,12.383824015311657,base,dilution,74
pw,26.061240047336923,storm,dilution,74
beale,NA,storm,dilution,74
rating,14.7066535711287,storm,dilution,74
composite,13.142996198091502,storm,dilution,74
truth,17.05440359741702,storm,dilution,74
pw,15.155107618487204,unaltered,dilution,74
beale,NA,unaltered,dilution,74
rating,12.644921843722694,unaltered,dilution,74
composite,12.670997688853266,unaltered,dilution,74
truth,13.30762924135443,unaltered,dilution,74
pw,4.969800471055079,base,enrich,74
beale,NA,base,enrich,74
rating,11.313934661498296,base,enrich,74
composite,11.463287567700405,base,enrich,74
truth,13.852683518147341,base,enrich,74
pw,0.8161278113322332,storm,enrich,74
beale,NA,storm,enrich,74
rating,25.350978539356955,storm,enrich,74
composite,25.782706844324803,storm,enrich,74
truth,75.72809545714364,storm,enrich,74
pw,3.1618963678193617,unaltered,enrich,74
beale,NA,unaltered,enrich,74
rating,10.758079827698358,unaltered,enrich,74
composite,10.892172054305878,unaltered,enrich,74
truth,13.780523686124226,unaltered,enrich,74
pw,14.20213903904033,base,none,74
beale,NA,base,none,74
rating,13.158676008082491,base,none,74
composite,14.451428234580732,base,none,74
truth,15.746518128027004,base,none,74
pw,5.972161739374985,storm,none,74
beale,NA,storm,none,74
rating,7.086799519706394,storm,none,74
composite,8.438932542780444,storm,none,74
truth,13.750290174116532,storm,none,74
pw,11.33317996427594,unaltered,none,74
beale,NA,unaltered,none,74
rating,10.635421351195504,unaltered,none,74
composite,11.78507923745354,unaltered,none,74
truth,13.533668874395845,unaltered,none,74
pw,13.083576662811064,base,chemostatic,74
beale,NA,base,chemostatic,74
rating,16.053453110722263,base,chemostatic,74
composite,16.124755732847472,base,chemostatic,74
truth,15.754737874843375,base,chemostatic,74
pw,5.501793479491213,storm,chemostatic,74
beale,NA,storm,chemostatic,74
rating,14.00246924897047,storm,chemostatic,74
composite,13.910434451256918,storm,chemostatic,74
truth,13.738283983581276,storm,chemostatic,74
pw,10.440577189706074,unaltered,chemostatic,74
beale,NA,unaltered,chemostatic,74
rating,13.80982556680757,unaltered,chemostatic,74
composite,13.857480443134758,unaltered,chemostatic,74
truth,13.54018125430738,unaltered,chemostatic,74
pw,13.656193442034562,base,dilution,75
beale,NA,base,dilution,75
rating,12.695221335084296,base,dilution,75
composite,13.095682888376063,base,dilution,75
truth,12.466906365345332,base,dilution,75
pw,24.872465359523996,storm,dilution,75
beale,NA,storm,dilution,75
rating,14.879519687741398,storm,dilution,75
composite,15.531786440176898,storm,dilution,75
truth,17.271671141445136,storm,dilution,75
pw,14.664670495941223,unaltered,dilution,75
beale,NA,unaltered,dilution,75
rating,12.454457443515542,unaltered,dilution,75
composite,13.05487318252856,unaltered,dilution,75
truth,13.556052939041193,unaltered,dilution,75
pw,5.432108579252212,base,enrich,75
beale,NA,base,enrich,75
rating,10.23240170504099,base,enrich,75
composite,10.433496890029376,base,enrich,75
truth,14.181646720334895,base,enrich,75
pw,0.9908785543795053,storm,enrich,75
beale,NA,storm,enrich,75
rating,30.307487022590074,storm,enrich,75
composite,30.753410390321733,storm,enrich,75
truth,77.34710818258361,storm,enrich,75
pw,3.660687914946173,unaltered,enrich,75
beale,NA,unaltered,enrich,75
rating,13.85899510066091,unaltered,enrich,75
composite,14.069647607327035,unaltered,enrich,75
truth,13.961637611113508,unaltered,enrich,75
pw,12.657149527840858,base,none,75
beale,NA,base,none,75
rating,17.80771210901523,base,none,75
composite,17.547084025340105,base,none,75
truth,15.83209216523988,base,none,75
pw,5.388045132006206,storm,none,75
beale,NA,storm,none,75
rating,25.340855290748806,storm,none,75
composite,23.678166585356617,storm,none,75
truth,13.718060253034961,storm,none,75
pw,10.20453934336321,unaltered,none,75
beale,NA,unaltered,none,75
rating,17.997883729697772,unaltered,none,75
composite,17.408639339081954,unaltered,none,75
truth,13.542112783046113,unaltered,none,75
pw,12.93208752975441,base,chemostatic,75
beale,NA,base,chemostatic,75
rating,16.046517552023403,base,chemostatic,75
composite,16.025656047619975,base,chemostatic,75
truth,15.84331667010778,base,chemostatic,75
pw,5.50508399289312,storm,chemostatic,75
beale,NA,storm,chemostatic,75
rating,13.978673576557192,storm,chemostatic,75
composite,13.916096578957747,storm,chemostatic,75
truth,13.789054706905551,storm,chemostatic,75
pw,10.426201863138395,unaltered,chemostatic,75
beale,NA,unaltered,chemostatic,75
rating,13.708277067937784,unaltered,chemostatic,75
composite,13.68661816151875,unaltered,chemostatic,75
truth,13.55609755099784,unaltered,chemostatic,75
pw,14.231186907375209,base,dilution,76
beale,NA,base,dilution,76
rating,12.34568382951649,base,dilution,76
composite,12.20190296061821,base,dilution,76
truth,12.439032511393364,base,dilution,76
pw,26.90256579440299,storm,dilution,76
beale,NA,storm,dilution,76
rating,14.352949522330887,storm,dilution,76
composite,12.069557018211125,storm,dilution,76
truth,17.764245824795488,storm,dilution,76
pw,15.444683185355828,unaltered,dilution,76
beale,NA,unaltered,dilution,76
rating,12.499593083194096,unaltered,dilution,76
composite,12.485106625865338,unaltered,dilution,76
truth,13.877623549230401,unaltered,dilution,76
pw,3.889955322652158,base,enrich,76
beale,NA,base,enrich,76
rating,11.612510377916275,base,enrich,76
composite,11.788973762839367,base,enrich,76
truth,14.423173511578131,base,enrich,76
pw,0.8275995163764456,storm,enrich,76
beale,NA,storm,enrich,76
rating,33.95416748853298,storm,enrich,76
composite,34.36859762242986,storm,enrich,76
truth,77.15815254517231,storm,enrich,76
pw,3.1580185400712533,unaltered,enrich,76
beale,NA,unaltered,enrich,76
rating,13.541715566909893,unaltered,enrich,76
composite,13.6108248445487,unaltered,enrich,76
truth,13.957369618755298,unaltered,enrich,76
pw,13.141054071692707,base,none,76
beale,NA,base,none,76
rating,15.659971022212558,base,none,76
composite,15.781597877534633,base,none,76
truth,15.789086277072185,base,none,76
pw,5.589913958331584,storm,none,76
beale,NA,storm,none,76
rating,13.267912685196409,storm,none,76
composite,12.823009900603768,storm,none,76
truth,13.718812413674176,storm,none,76
pw,10.618369902239833,unaltered,none,76
beale,NA,unaltered,none,76
rating,13.386076308145574,unaltered,none,76
composite,13.394481344687499,unaltered,none,76
truth,13.516630061359722,unaltered,none,76
pw,12.635408800629259,base,chemostatic,76
beale,NA,base,chemostatic,76
rating,15.816018130560646,base,chemostatic,76
composite,15.884285943195353,base,chemostatic,76
truth,15.809777585865488,base,chemostatic,76
pw,5.374823635800261,storm,chemostatic,76
beale,NA,storm,chemostatic,76
rating,13.650603376078822,storm,chemostatic,76
composite,13.684510160491257,storm,chemostatic,76
truth,13.737416752853866,storm,chemostatic,76
pw,10.209793200692298,unaltered,chemostatic,76
beale,NA,unaltered,chemostatic,76
rating,13.489708652678766,unaltered,chemostatic,76
composite,13.557705572276037,unaltered,chemostatic,76
truth,13.53334317118247,unaltered,chemostatic,76
pw,13.96713331650467,base,dilution,77
beale,NA,base,dilution,77
rating,12.061843587185704,base,dilution,77
composite,12.374468954416072,base,dilution,77
truth,12.656279028284501,base,dilution,77
pw,25.400228848452873,storm,dilution,77
beale,NA,storm,dilution,77
rating,14.212805728613395,storm,dilution,77
composite,15.89936425960026,storm,dilution,77
truth,17.559385419102014,storm,dilution,77
pw,14.839568172786292,unaltered,dilution,77
beale,NA,unaltered,dilution,77
rating,12.289363905238897,unaltered,dilution,77
composite,13.172785553578253,unaltered,dilution,77
truth,13.748174632171434,unaltered,dilution,77
pw,5.691557860544025,base,enrich,77
beale,NA,base,enrich,77
rating,12.128224150509725,base,enrich,77
composite,12.573244850485713,base,enrich,77
truth,14.195239227656236,base,enrich,77
pw,0.8395128034022771,storm,enrich,77
beale,NA,storm,enrich,77
rating,22.61928529356027,storm,enrich,77
composite,23.120222821522702,storm,enrich,77
truth,77.92626105688169,storm,enrich,77
pw,3.230840195775852,unaltered,enrich,77
beale,NA,unaltered,enrich,77
rating,10.503441444746919,unaltered,enrich,77
composite,10.778105423715902,unaltered,enrich,77
truth,14.092845945819546,unaltered,enrich,77
pw,12.75684493170599,base,none,77
beale,NA,base,none,77
rating,19.429751454573736,base,none,77
composite,20.26734201997472,base,none,77
truth,15.984633747363494,base,none,77
pw,5.287671534872938,storm,none,77
beale,NA,storm,none,77
rating,22.69006560458959,storm,none,77
composite,23.923238708148247,storm,none,77
truth,13.86939734424799,storm,none,77
pw,9.941291702030131,unaltered,none,77
beale,NA,unaltered,none,77
rating,17.832406465670118,unaltered,none,77
composite,18.622841683696116,unaltered,none,77
truth,13.58703471766273,unaltered,none,77
pw,13.20394492275284,base,chemostatic,77
beale,NA,base,chemostatic,77
rating,16.476537372839577,base,chemostatic,77
composite,16.56712770159682,base,chemostatic,77
truth,15.955733777229366,base,chemostatic,77
pw,5.472993055088692,storm,chemostatic,77
beale,NA,storm,chemostatic,77
rating,14.831903080904965,storm,chemostatic,77
composite,15.065808944609762,storm,chemostatic,77
truth,13.78817844599707,storm,chemostatic,77
pw,10.289712605064297,unaltered,chemostatic,77
beale,NA,unaltered,chemostatic,77
rating,14.125286276510602,unaltered,chemostatic,77
composite,14.228350867684858,unaltered,chemostatic,77
truth,13.554533711755896,unaltered,chemostatic,77
pw,15.025283381206632,base,dilution,78
beale,NA,base,dilution,78
rating,12.540122575235058,base,dilution,78
composite,12.322207114864119,base,dilution,78
truth,12.599224653647886,base,dilution,78
pw,26.398975119634628,storm,dilution,78
beale,NA,storm,dilution,78
rating,15.427126670381107,storm,dilution,78
composite,12.290119648707716,storm,dilution,78
truth,17.88377983900657,storm,dilution,78
pw,15.127249336862896,unaltered,dilution,78
beale,NA,unaltered,dilution,78
rating,12.533704845641683,unaltered,dilution,78
composite,12.693315264952009,unaltered,dilution,78
truth,13.95946542830803,unaltered,dilution,78
pw,4.217905501633317,base,enrich,78
beale,NA,base,enrich,78
rating,9.821455315019184,base,enrich,78
composite,10.24319160432776,base,enrich,78
truth,15.385045979458328,base,enrich,78
pw,0.6854741389232131,storm,enrich,78
beale,NA,storm,enrich,78
rating,17.322480980223244,storm,enrich,78
composite,17.638188619932077,storm,enrich,78
truth,77.8936695022827,storm,enrich,78
pw,2.944005165204702,unaltered,enrich,78
beale,NA,unaltered,enrich,78
rating,9.878599057338874,unaltered,enrich,78
composite,9.968270611046306,unaltered,enrich,78
truth,14.139752247034442,unaltered,enrich,78
pw,13.309848106351112,base,none,78
beale,NA,base,none,78
rating,20.177302274841747,base,none,78
composite,20.967659077005006,base,none,78
truth,16.15944401060657,base,none,78
pw,5.497288415156739,storm,none,78
beale,NA,storm,none,78
rating,18.563492815518757,storm,none,78
composite,20.173440340180807,storm,none,78
truth,13.777249031429234,storm,none,78
pw,10.432724687254261,unaltered,none,78
beale,NA,unaltered,none,78
rating,17.133391384026908,unaltered,none,78
composite,17.934101678985648,unaltered,none,78
truth,13.589677841780288,unaltered,none,78
pw,12.917384427525946,base,chemostatic,78
beale,NA,base,chemostatic,78
rating,15.526098380885916,base,chemostatic,78
composite,15.485890937624886,base,chemostatic,78
truth,16.12239703687229,base,chemostatic,78
pw,5.3351914462254495,storm,chemostatic,78
beale,NA,storm,chemostatic,78
rating,12.776474431966655,storm,chemostatic,78
composite,12.766317560331183,storm,chemostatic,78
truth,13.775819445436326,storm,chemostatic,78
pw,10.125097922604995,unaltered,chemostatic,78
beale,NA,unaltered,chemostatic,78
rating,13.008869969431734,unaltered,chemostatic,78
composite,12.975765835375435,unaltered,chemostatic,78
truth,13.560592324664345,unaltered,chemostatic,78
pw,15.125984207881693,base,dilution,79
beale,NA,base,dilution,79
rating,13.721278234615207,base,dilution,79
composite,14.377170592471458,base,dilution,79
truth,12.734187136723527,base,dilution,79
pw,26.008874318697217,storm,dilution,79
beale,NA,storm,dilution,79
rating,14.608857785156431,storm,dilution,79
composite,14.13761685991195,storm,dilution,79
truth,17.945879431325586,storm,dilution,79
pw,15.100598125556646,unaltered,dilution,79
beale,NA,unaltered,dilution,79
rating,12.565011982986443,unaltered,dilution,79
composite,13.0933976691934,unaltered,dilution,79
truth,14.023967621732112,unaltered,dilution,79
pw,5.48930336155646,base,enrich,79
beale,NA,base,enrich,79
rating,15.247315938920714,base,enrich,79
composite,15.23841135404939,base,enrich,79
truth,15.238966200043585,base,enrich,79
pw,0.9176966411267524,storm,enrich,79
beale,NA,storm,enrich,79
rating,41.18497302299551,storm,enrich,79
composite,41.54354454871606,storm,enrich,79
truth,79.04700363627097,storm,enrich,79
pw,3.4416944329944408,unaltered,enrich,79
beale,NA,unaltered,enrich,79
rating,16.10463491965777,unaltered,enrich,79
composite,16.110710065172377,unaltered,enrich,79
truth,14.324590841907863,unaltered,enrich,79
pw,13.95634397557019,base,none,79
beale,NA,base,none,79
rating,19.98047023733526,base,none,79
composite,19.984607461118408,base,none,79
truth,16.213724858277264,base,none,79
pw,5.752088471968492,storm,none,79
beale,NA,storm,none,79
rating,20.51200722003763,storm,none,79
composite,20.57539182921789,storm,none,79
truth,13.810074996615922,storm,none,79
pw,10.851372864646272,unaltered,none,79
beale,NA,unaltered,none,79
rating,17.540794485855333,unaltered,none,79
composite,17.524185841725373,unaltered,none,79
truth,13.573667014365729,unaltered,none,79
pw,13.077484171963333,base,chemostatic,79
beale,NA,base,chemostatic,79
rating,17.079518129095174,base,chemostatic,79
composite,17.15555788315133,base,chemostatic,79
truth,16.20416773702635,base,chemostatic,79
pw,5.389867581336069,storm,chemostatic,79
beale,NA,storm,chemostatic,79
rating,15.716195600513657,storm,chemostatic,79
composite,15.87751336381934,storm,chemostatic,79
truth,13.809655886383858,storm,chemostatic,79
pw,10.168039504463868,unaltered,chemostatic,79
beale,NA,unaltered,chemostatic,79
rating,14.560885889333731,unaltered,chemostatic,79
composite,14.633863790884721,unaltered,chemostatic,79
truth,13.569297177712738,unaltered,chemostatic,79
pw,13.667647224775447,base,dilution,80
beale,NA,base,dilution,80
rating,11.872111543273569,base,dilution,80
composite,12.086424518179593,base,dilution,80
truth,12.28187163795476,base,dilution,80
pw,25.863909529899004,storm,dilution,80
beale,NA,storm,dilution,80
rating,14.453169424686777,storm,dilution,80
composite,12.631598093565362,storm,dilution,80
truth,17.324221716694684,storm,dilution,80
pw,14.836094974231752,unaltered,dilution,80
beale,NA,unaltered,dilution,80
rating,12.354180305465539,unaltered,dilution,80
composite,12.65282533932515,unaltered,dilution,80
truth,13.460231764364428,unaltered,dilution,80
pw,4.983268005371442,base,enrich,80
beale,NA,base,enrich,80
rating,16.194998096574032,base,enrich,80
composite,16.199825462617667,base,enrich,80
truth,13.96252954273649,base,enrich,80
pw,0.8547650837420042,storm,enrich,80
beale,NA,storm,enrich,80
rating,42.204028330991726,storm,enrich,80
composite,42.62812060713415,storm,enrich,80
truth,76.02997672689473,storm,enrich,80
pw,3.242153311168214,unaltered,enrich,80
beale,NA,unaltered,enrich,80
rating,15.949420283640716,unaltered,enrich,80
composite,16.040618177984204,unaltered,enrich,80
truth,13.784059257920857,unaltered,enrich,80
pw,11.795244861873986,base,none,80
beale,NA,base,none,80
rating,13.230282813691815,base,none,80
composite,13.419317181691206,base,none,80
truth,15.641787698444352,base,none,80
pw,5.085646077063209,storm,none,80
beale,NA,storm,none,80
rating,13.253231057962658,storm,none,80
composite,12.54226871133021,storm,none,80
truth,13.696154687020018,storm,none,80
pw,9.714787321978884,unaltered,none,80
beale,NA,unaltered,none,80
rating,11.91928571821151,unaltered,none,80
composite,11.91307008219937,unaltered,none,80
truth,13.511017443457344,unaltered,none,80
pw,12.709108303585937,base,chemostatic,80
beale,NA,base,chemostatic,80
rating,15.986129516884954,base,chemostatic,80
composite,16.099432001193428,base,chemostatic,80
truth,15.659252524874939,base,chemostatic,80
pw,5.479668081840436,storm,chemostatic,80
beale,NA,storm,chemostatic,80
rating,14.255047132280547,storm,chemostatic,80
composite,14.306458138176081,storm,chemostatic,80
truth,13.733638506232639,storm,chemostatic,80
pw,10.46746258065535,unaltered,chemostatic,80
beale,NA,unaltered,chemostatic,80
rating,13.881120684500253,unaltered,chemostatic,80
composite,13.970065249068485,unaltered,chemostatic,80
truth,13.528118073154198,unaltered,chemostatic,80
pw,13.827428308289623,base,dilution,81
beale,NA,base,dilution,81
rating,12.841753102068173,base,dilution,81
composite,12.867236564077354,base,dilution,81
truth,12.59153571779912,base,dilution,81
pw,22.2553559393906,storm,dilution,81
beale,NA,storm,dilution,81
rating,12.937030481143532,storm,dilution,81
composite,13.784355546743246,storm,dilution,81
truth,19.269255668684732,storm,dilution,81
pw,13.4020750356921,unaltered,dilution,81
beale,NA,unaltered,dilution,81
rating,11.318235791741534,unaltered,dilution,81
composite,12.20527307706191,unaltered,dilution,81
truth,13.89616850465329,unaltered,dilution,81
pw,5.126125555721238,base,enrich,81
beale,NA,base,enrich,81
rating,15.580428039111812,base,enrich,81
composite,15.637399074605888,base,enrich,81
truth,15.420772000032397,base,enrich,81
pw,0.9608151196505849,storm,enrich,81
beale,NA,storm,enrich,81
rating,67.24306354361222,storm,enrich,81
composite,67.44097992596879,storm,enrich,81
truth,78.34718805436462,storm,enrich,81
pw,3.7163965316929932,unaltered,enrich,81
beale,NA,unaltered,enrich,81
rating,20.47080292994272,unaltered,enrich,81
composite,20.271202809920577,unaltered,enrich,81
truth,14.199567559854668,unaltered,enrich,81
pw,12.428542085737673,base,none,81
beale,NA,base,none,81
rating,13.27327739537221,base,none,81
composite,14.330755125858749,base,none,81
truth,16.1379597104679,base,none,81
pw,5.23372940687973,storm,none,81
beale,NA,storm,none,81
rating,8.619614062935392,storm,none,81
composite,9.80809424654985,storm,none,81
truth,13.871048438561635,storm,none,81
pw,9.878205538146744,unaltered,none,81
beale,NA,unaltered,none,81
rating,10.685352894674958,unaltered,none,81
composite,11.646787397643829,unaltered,none,81
truth,13.568872591148939,unaltered,none,81
pw,12.945682288666793,base,chemostatic,81
beale,NA,base,chemostatic,81
rating,15.77466493460496,base,chemostatic,81
composite,15.637861054908484,base,chemostatic,81
truth,16.155800344041907,base,chemostatic,81
pw,5.45150007289017,storm,chemostatic,81
beale,NA,storm,chemostatic,81
rating,13.380490136392163,storm,chemostatic,81
composite,13.19212011703666,storm,chemostatic,81
truth,13.871892786282043,storm,chemostatic,81
pw,10.289228583434966,unaltered,chemostatic,81
beale,NA,unaltered,chemostatic,81
rating,13.248866425442884,unaltered,chemostatic,81
composite,13.112012352403601,unaltered,chemostatic,81
truth,13.584074401030257,unaltered,chemostatic,81
pw,13.73360498024423,base,dilution,82
beale,NA,base,dilution,82
rating,11.648907402465351,base,dilution,82
composite,11.855253151029428,base,dilution,82
truth,12.534714495860007,base,dilution,82
pw,26.242724129182598,storm,dilution,82
beale,NA,storm,dilution,82
rating,14.190226888870585,storm,dilution,82
composite,11.696925491575827,storm,dilution,82
truth,17.558489776093207,storm,dilution,82
pw,15.157705654254464,unaltered,dilution,82
beale,NA,unaltered,dilution,82
rating,12.338236062878577,unaltered,dilution,82
composite,12.55201640224464,unaltered,dilution,82
truth,13.723547990858304,unaltered,dilution,82
pw,5.17532547795221,base,enrich,82
beale,NA,base,enrich,82
rating,19.82661970095353,base,enrich,82
composite,19.84994665837901,base,enrich,82
truth,13.966494742795676,base,enrich,82
pw,0.9158448843510324,storm,enrich,82
beale,NA,storm,enrich,82
rating,60.881316531564316,storm,enrich,82
composite,61.244453272439976,storm,enrich,82
truth,75.88950966401767,storm,enrich,82
pw,3.4210918224208235,unaltered,enrich,82
beale,NA,unaltered,enrich,82
rating,21.681196080735866,unaltered,enrich,82
composite,21.710350482835167,unaltered,enrich,82
truth,13.886253087898536,unaltered,enrich,82
pw,10.89972530574864,base,none,82
beale,NA,base,none,82
rating,11.545304207425323,base,none,82
composite,11.876438521479201,base,none,82
truth,15.861699187755903,base,none,82
pw,4.595203258318861,storm,none,82
beale,NA,storm,none,82
rating,8.878856838333878,storm,none,82
composite,8.939242694275269,storm,none,82
truth,13.741154386040801,storm,none,82
pw,8.750184689847423,unaltered,none,82
beale,NA,unaltered,none,82
rating,9.74000852085521,unaltered,none,82
composite,9.974411486546025,unaltered,none,82
truth,13.552564270425213,unaltered,none,82
pw,13.046242283162993,base,chemostatic,82
beale,NA,base,chemostatic,82
rating,15.667497538684707,base,chemostatic,82
composite,15.709944523809558,base,chemostatic,82
truth,15.844378879015778,base,chemostatic,82
pw,5.500151000758662,storm,chemostatic,82
beale,NA,storm,chemostatic,82
rating,12.667175532031326,storm,chemostatic,82
composite,12.672089840495286,storm,chemostatic,82
truth,13.733324179284267,storm,chemostatic,82
pw,10.473385914227139,unaltered,chemostatic,82
beale,NA,unaltered,chemostatic,82
rating,13.148760768092261,unaltered,chemostatic,82
composite,13.187826614596442,unaltered,chemostatic,82
truth,13.53916628667898,unaltered,chemostatic,82
pw,12.663603046328689,base,dilution,83
beale,NA,base,dilution,83
rating,11.536678684494607,base,dilution,83
composite,12.03487257631312,base,dilution,83
truth,12.468688674862083,base,dilution,83
pw,23.768357720390703,storm,dilution,83
beale,NA,storm,dilution,83
rating,13.476059956707036,storm,dilution,83
composite,13.315678293252924,storm,dilution,83
truth,17.74873864083786,storm,dilution,83
pw,13.974736113598011,unaltered,dilution,83
beale,NA,unaltered,dilution,83
rating,11.736545470042305,unaltered,dilution,83
composite,12.228982135411524,unaltered,dilution,83
truth,13.674777945997004,unaltered,dilution,83
pw,6.0135148333945745,base,enrich,83
beale,NA,base,enrich,83
rating,16.610971905256616,base,enrich,83
composite,16.64554776555046,base,enrich,83
truth,14.772575626490662,base,enrich,83
pw,0.8426221046256778,storm,enrich,83
beale,NA,storm,enrich,83
rating,28.49537420205243,storm,enrich,83
composite,28.885855792329096,storm,enrich,83
truth,76.79087746248676,storm,enrich,83
pw,3.243346840168344,unaltered,enrich,83
beale,NA,unaltered,enrich,83
rating,11.381268483273283,unaltered,enrich,83
composite,11.527280561687,unaltered,enrich,83
truth,13.959198687869662,unaltered,enrich,83
pw,13.060905330867561,base,none,83
beale,NA,base,none,83
rating,15.408892034670217,base,none,83
composite,14.80074074435399,base,none,83
truth,15.891430820162691,base,none,83
pw,5.490668011545771,storm,none,83
beale,NA,storm,none,83
rating,13.79248906824785,storm,none,83
composite,12.31219636755612,storm,none,83
truth,13.69605780144575,storm,none,83
pw,10.438060051808817,unaltered,none,83
beale,NA,unaltered,none,83
rating,13.191450692286846,unaltered,none,83
composite,12.517276930088096,unaltered,none,83
truth,13.511405705952225,unaltered,none,83
pw,13.011169008383053,base,chemostatic,83
beale,NA,base,chemostatic,83
rating,15.9980842903415,base,chemostatic,83
composite,15.809365674618746,base,chemostatic,83
truth,15.931973310002515,base,chemostatic,83
pw,5.469759381710425,storm,chemostatic,83
beale,NA,storm,chemostatic,83
rating,13.713600769365643,storm,chemostatic,83
composite,13.367822242487222,storm,chemostatic,83
truth,13.793379421050085,storm,chemostatic,83
pw,10.398311603466384,unaltered,chemostatic,83
beale,NA,unaltered,chemostatic,83
rating,13.541876721229746,unaltered,chemostatic,83
composite,13.359943335500082,unaltered,chemostatic,83
truth,13.55295594964075,unaltered,chemostatic,83
pw,13.459321517096727,base,dilution,84
beale,NA,base,dilution,84
rating,11.293967177482731,base,dilution,84
composite,11.709554935017318,base,dilution,84
truth,12.358201227904539,base,dilution,84
pw,25.587919678729232,storm,dilution,84
beale,NA,storm,dilution,84
rating,13.411189521534222,storm,dilution,84
composite,12.019345654152149,storm,dilution,84
truth,17.42608640708018,storm,dilution,84
pw,14.672008065350097,unaltered,dilution,84
beale,NA,unaltered,dilution,84
rating,11.774373162439835,unaltered,dilution,84
composite,12.015909072225508,unaltered,dilution,84
truth,13.640721651924732,unaltered,dilution,84
pw,5.116172553215031,base,enrich,84
beale,NA,base,enrich,84
rating,12.60850309228722,base,enrich,84
composite,12.574877887870006,base,enrich,84
truth,13.904566609774292,base,enrich,84
pw,0.8338878158985857,storm,enrich,84
beale,NA,storm,enrich,84
rating,26.85186529562646,storm,enrich,84
composite,27.199737452048037,storm,enrich,84
truth,75.84604620069243,storm,enrich,84
pw,3.305533792424943,unaltered,enrich,84
beale,NA,unaltered,enrich,84
rating,10.978936201286796,unaltered,enrich,84
composite,11.051483069225071,unaltered,enrich,84
truth,13.740635887984496,unaltered,enrich,84
pw,11.780122170237032,base,none,84
beale,NA,base,none,84
rating,14.958932679163883,base,none,84
composite,15.67537741136382,base,none,84
truth,15.728519927984067,base,none,84
pw,5.0565413648400845,storm,none,84
beale,NA,storm,none,84
rating,12.221001936506747,storm,none,84
composite,13.240905848624045,storm,none,84
truth,13.842996245801766,storm,none,84
pw,9.615233320974271,unaltered,none,84
beale,NA,unaltered,none,84
rating,12.476906341421587,unaltered,none,84
composite,13.216738639372254,unaltered,none,84
truth,13.56342060862013,unaltered,none,84
pw,12.547530568371709,base,chemostatic,84
beale,NA,base,chemostatic,84
rating,15.805201301294998,base,chemostatic,84
composite,15.868318075502456,base,chemostatic,84
truth,15.694336496097634,base,chemostatic,84
pw,5.385946463770021,storm,chemostatic,84
beale,NA,storm,chemostatic,84
rating,14.053864941284166,storm,chemostatic,84
composite,14.06150707400378,storm,chemostatic,84
truth,13.731497280799376,storm,chemostatic,84
pw,10.241611442856817,unaltered,chemostatic,84
beale,NA,unaltered,chemostatic,84
rating,13.665798537040441,unaltered,chemostatic,84
composite,13.719676924362409,unaltered,chemostatic,84
truth,13.525541900542011,unaltered,chemostatic,84
pw,14.765331678105165,base,dilution,85
beale,NA,base,dilution,85
rating,12.86686510296693,base,dilution,85
composite,12.819541647645288,base,dilution,85
truth,12.661805209782516,base,dilution,85
pw,28.795953484191422,storm,dilution,85
beale,NA,storm,dilution,85
rating,15.438834874742643,storm,dilution,85
composite,15.061460503481209,storm,dilution,85
truth,17.66285677836222,storm,dilution,85
pw,16.283433106744088,unaltered,dilution,85
beale,NA,unaltered,dilution,85
rating,13.023832881698448,unaltered,dilution,85
composite,13.635156190056346,unaltered,dilution,85
truth,13.817670679347668,unaltered,dilution,85
pw,4.466799363601508,base,enrich,85
beale,NA,base,enrich,85
rating,11.86428225616252,base,enrich,85
composite,11.913395556159523,base,enrich,85
truth,14.067629846253068,base,enrich,85
pw,0.8632816353014788,storm,enrich,85
beale,NA,storm,enrich,85
rating,28.258335559481132,storm,enrich,85
composite,28.7567291137759,storm,enrich,85
truth,78.22698011876885,storm,enrich,85
pw,3.2704013310495252,unaltered,enrich,85
beale,NA,unaltered,enrich,85
rating,12.399230238036294,unaltered,enrich,85
composite,12.612697875251225,unaltered,enrich,85
truth,14.143353943797017,unaltered,enrich,85
pw,12.94401165162562,base,none,85
beale,NA,base,none,85
rating,13.457502482288609,base,none,85
composite,14.215967924312235,base,none,85
truth,15.960230059278857,base,none,85
pw,5.489944099165609,storm,none,85
beale,NA,storm,none,85
rating,9.718666369237178,storm,none,85
composite,9.908129071995058,storm,none,85
truth,13.84206069483183,storm,none,85
pw,10.366418655088905,unaltered,none,85
beale,NA,unaltered,none,85
rating,11.102573036629728,unaltered,none,85
composite,11.638851852899998,unaltered,none,85
truth,13.572287613865164,unaltered,none,85
pw,12.590043756966026,base,chemostatic,85
beale,NA,base,chemostatic,85
rating,15.457618292611878,base,chemostatic,85
composite,15.549064194092102,base,chemostatic,85
truth,15.943175738202187,base,chemostatic,85
pw,5.339815684043511,storm,chemostatic,85
beale,NA,storm,chemostatic,85
rating,13.096867666773653,storm,chemostatic,85
composite,13.150702418994392,storm,chemostatic,85
truth,13.83628224015223,storm,chemostatic,85
pw,10.082937808095004,unaltered,chemostatic,85
beale,NA,unaltered,chemostatic,85
rating,13.06050705670096,unaltered,chemostatic,85
composite,13.143042566867388,unaltered,chemostatic,85
truth,13.559794761757994,unaltered,chemostatic,85
pw,14.526726028125747,base,dilution,86
beale,NA,base,dilution,86
rating,12.459688250605426,base,dilution,86
composite,12.297756060667068,base,dilution,86
truth,12.461320079639869,base,dilution,86
pw,25.968805509367495,storm,dilution,86
beale,NA,storm,dilution,86
rating,14.504290224380984,storm,dilution,86
composite,10.516913051098937,storm,dilution,86
truth,17.293022380662745,storm,dilution,86
pw,15.095689030885675,unaltered,dilution,86
beale,NA,unaltered,dilution,86
rating,12.524447294570152,unaltered,dilution,86
composite,12.255391776429505,unaltered,dilution,86
truth,13.606510690321512,unaltered,dilution,86
pw,5.209314369620805,base,enrich,86
beale,NA,base,enrich,86
rating,12.887302403997705,base,enrich,86
composite,12.863137096689538,base,enrich,86
truth,14.805578189172826,base,enrich,86
pw,0.8613385462814426,storm,enrich,86
beale,NA,storm,enrich,86
rating,29.763936554657885,storm,enrich,86
composite,30.085731738122476,storm,enrich,86
truth,76.90507690754148,storm,enrich,86
pw,3.331957442982139,unaltered,enrich,86
beale,NA,unaltered,enrich,86
rating,12.09246773879618,unaltered,enrich,86
composite,12.125854706163157,unaltered,enrich,86
truth,13.97398272599809,unaltered,enrich,86
pw,13.009382942605562,base,none,86
beale,NA,base,none,86
rating,18.02573280095566,base,none,86
composite,18.594989450112465,base,none,86
truth,15.992582096682485,base,none,86
pw,5.431519957891618,storm,none,86
beale,NA,storm,none,86
rating,18.272967824008227,storm,none,86
composite,19.393068612347978,storm,none,86
truth,13.799458312624923,storm,none,86
pw,10.333577655720076,unaltered,none,86
beale,NA,unaltered,none,86
rating,15.72844919627349,unaltered,none,86
composite,16.301061451456153,unaltered,none,86
truth,13.570639189191986,unaltered,none,86
pw,13.179914033599415,base,chemostatic,86
beale,NA,base,chemostatic,86
rating,15.792289663135977,base,chemostatic,86
composite,15.642858695990872,base,chemostatic,86
truth,15.977941003811477,base,chemostatic,86
pw,5.5027180330240455,storm,chemostatic,86
beale,NA,storm,chemostatic,86
rating,13.574108331407794,storm,chemostatic,86
composite,13.245804382987593,storm,chemostatic,86
truth,13.813739190784942,storm,chemostatic,86
pw,10.46903344784135,unaltered,chemostatic,86
beale,NA,unaltered,chemostatic,86
rating,13.401175751942226,unaltered,chemostatic,86
composite,13.243450787305514,unaltered,chemostatic,86
truth,13.561990989025563,unaltered,chemostatic,86
pw,13.10964942284398,base,dilution,87
beale,NA,base,dilution,87
rating,11.655280314901072,base,dilution,87
composite,11.849357190299147,base,dilution,87
truth,12.492753911122843,base,dilution,87
pw,23.439373002334882,storm,dilution,87
beale,NA,storm,dilution,87
rating,13.405772034185011,storm,dilution,87
composite,11.208598430232685,storm,dilution,87
truth,17.507047870776464,storm,dilution,87
pw,13.754211932010172,unaltered,dilution,87
beale,NA,unaltered,dilution,87
rating,11.595170645319998,unaltered,dilution,87
composite,11.528761211154762,unaltered,dilution,87
truth,13.579147694761756,unaltered,dilution,87
pw,6.6216789824976825,base,enrich,87
beale,NA,base,enrich,87
rating,13.19870316177976,base,enrich,87
composite,13.364387273857151,base,enrich,87
truth,14.181138443582887,base,enrich,87
pw,0.8703345951961349,storm,enrich,87
beale,NA,storm,enrich,87
rating,22.549855013535502,storm,enrich,87
composite,22.8623399817383,storm,enrich,87
truth,75.14715838946259,storm,enrich,87
pw,3.3617218775367284,unaltered,enrich,87
beale,NA,unaltered,enrich,87
rating,9.672767850335655,unaltered,enrich,87
composite,9.737444261350252,unaltered,enrich,87
truth,13.90844679334684,unaltered,enrich,87
pw,14.234684267305035,base,none,87
beale,NA,base,none,87
rating,21.97052245747007,base,none,87
composite,22.65348787010915,base,none,87
truth,15.891368175623846,base,none,87
pw,5.956594797982803,storm,none,87
beale,NA,storm,none,87
rating,23.036737967226244,storm,none,87
composite,24.072950209740437,storm,none,87
truth,13.809797493210553,storm,none,87
pw,11.227195873384195,unaltered,none,87
beale,NA,unaltered,none,87
rating,19.735719183491426,unaltered,none,87
composite,20.397768251214035,unaltered,none,87
truth,13.564277204536136,unaltered,none,87
pw,13.212736138277265,base,chemostatic,87
beale,NA,base,chemostatic,87
rating,16.581908191279457,base,chemostatic,87
composite,16.689998811549366,base,chemostatic,87
truth,15.871932469071245,base,chemostatic,87
pw,5.528954058303261,storm,chemostatic,87
beale,NA,storm,chemostatic,87
rating,15.290078827680217,storm,chemostatic,87
composite,15.365295606803208,storm,chemostatic,87
truth,13.778887258324408,storm,chemostatic,87
pw,10.42116381804831,unaltered,chemostatic,87
beale,NA,unaltered,chemostatic,87
rating,14.316004305095225,unaltered,chemostatic,87
composite,14.407315801835644,unaltered,chemostatic,87
truth,13.548512489776385,unaltered,chemostatic,87
pw,13.374655200541326,base,dilution,88
beale,NA,base,dilution,88
rating,11.76880651306935,base,dilution,88
composite,12.220604435468186,base,dilution,88
truth,12.278078896508514,base,dilution,88
pw,24.33961017876255,storm,dilution,88
beale,NA,storm,dilution,88
rating,13.853531229380922,storm,dilution,88
composite,14.352758060233318,storm,dilution,88
truth,17.059359165995595,storm,dilution,88
pw,14.276609458267696,unaltered,dilution,88
beale,NA,unaltered,dilution,88
rating,11.974680875021996,unaltered,dilution,88
composite,12.705754352675376,unaltered,dilution,88
truth,13.33750981057647,unaltered,dilution,88
pw,5.187049035996339,base,enrich,88
beale,NA,base,enrich,88
rating,14.783052549897372,base,enrich,88
composite,15.003421862228652,base,enrich,88
truth,13.539821996276514,base,enrich,88
pw,0.8770891225836076,storm,enrich,88
beale,NA,storm,enrich,88
rating,36.404655755959666,storm,enrich,88
composite,36.89366600618531,storm,enrich,88
truth,73.89996427485434,storm,enrich,88
pw,3.3562264052388695,unaltered,enrich,88
beale,NA,unaltered,enrich,88
rating,14.778786089608463,unaltered,enrich,88
composite,14.943217116456214,unaltered,enrich,88
truth,13.61759241548377,unaltered,enrich,88
pw,11.465270509343185,base,none,88
beale,NA,base,none,88
rating,14.698680266000071,base,none,88
composite,15.408948332277198,base,none,88
truth,15.669736707422734,base,none,88
pw,4.8680233185012955,storm,none,88
beale,NA,storm,none,88
rating,13.474723549753035,storm,none,88
composite,14.640478104235163,storm,none,88
truth,13.840874870863782,storm,none,88
pw,9.255029152765513,unaltered,none,88
beale,NA,unaltered,none,88
rating,12.8865989044494,unaltered,none,88
composite,13.56902086726588,unaltered,none,88
truth,13.578695992970639,unaltered,none,88
pw,13.071022364148133,base,chemostatic,88
beale,NA,base,chemostatic,88
rating,16.466169546867352,base,chemostatic,88
composite,16.471375150323382,base,chemostatic,88
truth,15.614096731024771,base,chemostatic,88
pw,5.5498072734936486,storm,chemostatic,88
beale,NA,storm,chemostatic,88
rating,15.009469748569114,storm,chemostatic,88
composite,15.043621437208284,storm,chemostatic,88
truth,13.705126458827625,storm,chemostatic,88
pw,10.551228855704613,unaltered,chemostatic,88
beale,NA,unaltered,chemostatic,88
rating,14.361848955311578,unaltered,chemostatic,88
composite,14.366289153913913,unaltered,chemostatic,88
truth,13.521353542177227,unaltered,chemostatic,88
pw,12.61830134948486,base,dilution,89
beale,NA,base,dilution,89
rating,10.486400699788035,base,dilution,89
composite,10.932660994948861,base,dilution,89
truth,12.31403394643776,base,dilution,89
pw,21.473813461786882,storm,dilution,89
beale,NA,storm,dilution,89
rating,11.027809300932716,storm,dilution,89
composite,13.097182556719417,storm,dilution,89
truth,17.147533201562787,storm,dilution,89
pw,13.47854211751614,unaltered,dilution,89
beale,NA,unaltered,dilution,89
rating,10.815878523222608,unaltered,dilution,89
composite,11.295477389972024,unaltered,dilution,89
truth,13.296790041417344,unaltered,dilution,89
pw,5.010652556314791,base,enrich,89
beale,NA,base,enrich,89
rating,17.586831370522894,base,enrich,89
composite,17.498232953027095,base,enrich,89
truth,13.95071563494484,base,enrich,89
pw,0.849913742536166,storm,enrich,89
beale,NA,storm,enrich,89
rating,95.88604905283545,storm,enrich,89
composite,95.83019574438428,storm,enrich,89
truth,74.74663437873693,storm,enrich,89
pw,3.3432933577637067,unaltered,enrich,89
beale,NA,unaltered,enrich,89
rating,16.220709856306875,unaltered,enrich,89
composite,16.220650900120024,unaltered,enrich,89
truth,13.671350147277131,unaltered,enrich,89
pw,13.175384033204434,base,none,89
beale,NA,base,none,89
rating,20.503327864957665,base,none,89
composite,20.79149230131882,base,none,89
truth,15.711814013678808,base,none,89
pw,5.564755203911904,storm,none,89
beale,NA,storm,none,89
rating,23.385978615805687,storm,none,89
composite,23.71326295359571,storm,none,89
truth,13.773689568566839,storm,none,89
pw,10.55362998607486,unaltered,none,89
beale,NA,unaltered,none,89
rating,19.496615400100744,unaltered,none,89
composite,19.631199897653158,unaltered,none,89
truth,13.540042977023315,unaltered,none,89
pw,12.929690506371308,base,chemostatic,89
beale,NA,base,chemostatic,89
rating,15.992411874922068,base,chemostatic,89
composite,16.04548625447111,base,chemostatic,89
truth,15.703726166309867,base,chemostatic,89
pw,5.460984085850645,storm,chemostatic,89
beale,NA,storm,chemostatic,89
rating,14.235282132324574,storm,chemostatic,89
composite,14.277623069205315,storm,chemostatic,89
truth,13.745030901620007,storm,chemostatic,89
pw,10.356826722835189,unaltered,chemostatic,89
beale,NA,unaltered,chemostatic,89
rating,13.88791385328907,unaltered,chemostatic,89
composite,13.925661667482396,unaltered,chemostatic,89
truth,13.531980200820175,unaltered,chemostatic,89
pw,13.8391164731579,base,dilution,90
beale,NA,base,dilution,90
rating,12.172582158629618,base,dilution,90
composite,12.3885934148924,base,dilution,90
truth,12.387912458063084,base,dilution,90
pw,25.47037830492298,storm,dilution,90
beale,NA,storm,dilution,90
rating,14.210962684114813,storm,dilution,90
composite,13.372206609382458,storm,dilution,90
truth,17.327466109892026,storm,dilution,90
pw,14.688597555291768,unaltered,dilution,90
beale,NA,unaltered,dilution,90
rating,12.167477716625438,unaltered,dilution,90
composite,12.516543780273198,unaltered,dilution,90
truth,13.475573994423382,unaltered,dilution,90
pw,5.348261215443374,base,enrich,90
beale,NA,base,enrich,90
rating,13.61775396277772,base,enrich,90
composite,13.975471440060772,base,enrich,90
truth,14.128857109210392,base,enrich,90
pw,0.9052492537626728,storm,enrich,90
beale,NA,storm,enrich,90
rating,33.13265571618937,storm,enrich,90
composite,33.679659888943526,storm,enrich,90
truth,76.06678072595516,storm,enrich,90
pw,3.4223744140244086,unaltered,enrich,90
beale,NA,unaltered,enrich,90
rating,14.616574741866039,unaltered,enrich,90
composite,14.883930732049485,unaltered,enrich,90
truth,13.7990144436772,unaltered,enrich,90
pw,13.81017229568895,base,none,90
beale,NA,base,none,90
rating,19.744869113446093,base,none,90
composite,20.28911180411835,base,none,90
truth,15.80190429688491,base,none,90
pw,5.800139286601896,storm,none,90
beale,NA,storm,none,90
rating,21.775125606099255,storm,none,90
composite,22.184196668928966,storm,none,90
truth,13.842299588032402,storm,none,90
pw,10.968523143667388,unaltered,none,90
beale,NA,unaltered,none,90
rating,17.645864280543222,unaltered,none,90
composite,18.10977597890787,unaltered,none,90
truth,13.563576958027218,unaltered,none,90
pw,12.594506852134106,base,chemostatic,90
beale,NA,base,chemostatic,90
rating,15.348682079449606,base,chemostatic,90
composite,15.558745996184152,base,chemostatic,90
truth,15.782238755152306,base,chemostatic,90
pw,5.289571514704664,storm,chemostatic,90
beale,NA,storm,chemostatic,90
rating,13.269518463311973,storm,chemostatic,90
composite,13.603067661656706,storm,chemostatic,90
truth,13.780205418705084,storm,chemostatic,90
pw,10.002999016444846,unaltered,chemostatic,90
beale,NA,unaltered,chemostatic,90
rating,13.142940530371641,unaltered,chemostatic,90
composite,13.349348656583658,unaltered,chemostatic,90
truth,13.541301411354938,unaltered,chemostatic,90
pw,14.117361007593454,base,dilution,91
beale,NA,base,dilution,91
rating,12.366779458828823,base,dilution,91
composite,12.20268527381691,base,dilution,91
truth,12.489480252492731,base,dilution,91
pw,29.107193639942825,storm,dilution,91
beale,NA,storm,dilution,91
rating,14.915483670794767,storm,dilution,91
composite,10.685867001548642,storm,dilution,91
truth,18.789488132266314,storm,dilution,91
pw,16.093682109762323,unaltered,dilution,91
beale,NA,unaltered,dilution,91
rating,12.860907946075363,unaltered,dilution,91
composite,12.42718841678228,unaltered,dilution,91
truth,13.762147393226117,unaltered,dilution,91
pw,6.010411427366641,base,enrich,91
beale,NA,base,enrich,91
rating,13.967034045510605,base,enrich,91
composite,14.342000203844012,base,enrich,91
truth,13.821763484581265,base,enrich,91
pw,0.9106071993462994,storm,enrich,91
beale,NA,storm,enrich,91
rating,41.962504979157224,storm,enrich,91
composite,42.507859747900426,storm,enrich,91
truth,76.26460549860148,storm,enrich,91
pw,3.3260751106012596,unaltered,enrich,91
beale,NA,unaltered,enrich,91
rating,17.396402871040763,unaltered,enrich,91
composite,17.592994821556818,unaltered,enrich,91
truth,13.925366497372979,unaltered,enrich,91
pw,12.532495050580463,base,none,91
beale,NA,base,none,91
rating,13.34052898810616,base,none,91
composite,13.341624207186154,base,none,91
truth,15.81812309437294,base,none,91
pw,5.266332671388012,storm,none,91
beale,NA,storm,none,91
rating,10.531566070377288,storm,none,91
composite,10.279855689473948,storm,none,91
truth,13.86507664819864,storm,none,91
pw,9.945451769385288,unaltered,none,91
beale,NA,unaltered,none,91
rating,11.356639272414183,unaltered,none,91
composite,11.287676442617196,unaltered,none,91
truth,13.571981222244142,unaltered,none,91
pw,12.87498704872622,base,chemostatic,91
beale,NA,base,chemostatic,91
rating,15.48438930771425,base,chemostatic,91
composite,15.489341402588275,base,chemostatic,91
truth,15.781851255291725,base,chemostatic,91
pw,5.410252680312367,storm,chemostatic,91
beale,NA,storm,chemostatic,91
rating,13.411224198758994,storm,chemostatic,91
composite,13.391341065588305,storm,chemostatic,91
truth,13.73023978513936,storm,chemostatic,91
pw,10.217244228525441,unaltered,chemostatic,91
beale,NA,unaltered,chemostatic,91
rating,13.275632218333287,unaltered,chemostatic,91
composite,13.274468764239012,unaltered,chemostatic,91
truth,13.527847527066957,unaltered,chemostatic,91
pw,13.706629094117543,base,dilution,92
beale,NA,base,dilution,92
rating,12.623219312716408,base,dilution,92
composite,12.75262493832627,base,dilution,92
truth,12.552360482474615,base,dilution,92
pw,25.584728732009282,storm,dilution,92
beale,NA,storm,dilution,92
rating,15.755454123078426,storm,dilution,92
composite,11.800993320386722,storm,dilution,92
truth,17.409057972173333,storm,dilution,92
pw,15.059672662147625,unaltered,dilution,92
beale,NA,unaltered,dilution,92
rating,12.827195690155726,unaltered,dilution,92
composite,12.830249385546646,unaltered,dilution,92
truth,13.524071703148586,unaltered,dilution,92
pw,5.066175052822041,base,enrich,92
beale,NA,base,enrich,92
rating,14.099831537277042,base,enrich,92
composite,14.24316974654863,base,enrich,92
truth,14.633512287561837,base,enrich,92
pw,0.7009058311621668,storm,enrich,92
beale,NA,storm,enrich,92
rating,21.87442274495892,storm,enrich,92
composite,22.478642485390708,storm,enrich,92
truth,76.5682878940719,storm,enrich,92
pw,2.9365920538587567,unaltered,enrich,92
beale,NA,unaltered,enrich,92
rating,11.722215544153006,unaltered,enrich,92
composite,12.029107932600457,unaltered,enrich,92
truth,13.987427271537587,unaltered,enrich,92
pw,13.73263688404546,base,none,92
beale,NA,base,none,92
rating,13.179236338279297,base,none,92
composite,13.929056789748808,base,none,92
truth,16.02736954950804,base,none,92
pw,5.7280269118902325,storm,none,92
beale,NA,storm,none,92
rating,7.819393719451685,storm,none,92
composite,9.42930305239138,storm,none,92
truth,13.807205654370447,storm,none,92
pw,10.852074297317017,unaltered,none,92
beale,NA,unaltered,none,92
rating,10.645721087371681,unaltered,none,92
composite,11.365995921218943,unaltered,none,92
truth,13.574198419775989,unaltered,none,92
pw,13.3315982257543,base,chemostatic,92
beale,NA,base,chemostatic,92
rating,16.603705231036475,base,chemostatic,92
composite,16.45779507732036,base,chemostatic,92
truth,16.015813251349385,base,chemostatic,92
pw,5.560749480265362,storm,chemostatic,92
beale,NA,storm,chemostatic,92
rating,14.70656536242146,storm,chemostatic,92
composite,14.483755277440647,storm,chemostatic,92
truth,13.795802011956548,storm,chemostatic,92
pw,10.535157644483341,unaltered,chemostatic,92
beale,NA,unaltered,chemostatic,92
rating,14.129902435520135,unaltered,chemostatic,92
composite,13.99166413160165,unaltered,chemostatic,92
truth,13.56384599920255,unaltered,chemostatic,92
pw,13.154413664147114,base,dilution,93
beale,NA,base,dilution,93
rating,11.137675527148117,base,dilution,93
composite,11.513486113757729,base,dilution,93
truth,12.311808854061963,base,dilution,93
pw,26.03226341397183,storm,dilution,93
beale,NA,storm,dilution,93
rating,13.668487215964678,storm,dilution,93
composite,11.410194968065225,storm,dilution,93
truth,16.857254608282,storm,dilution,93
pw,14.784467649585817,unaltered,dilution,93
beale,NA,unaltered,dilution,93
rating,11.892331315507107,unaltered,dilution,93
composite,11.875222908704968,unaltered,dilution,93
truth,13.248793220468295,unaltered,dilution,93
pw,6.384773504440974,base,enrich,93
beale,NA,base,enrich,93
rating,15.74218139490628,base,enrich,93
composite,15.674168440733949,base,enrich,93
truth,13.844540210341313,base,enrich,93
pw,0.926143275547467,storm,enrich,93
beale,NA,storm,enrich,93
rating,36.56348068810293,storm,enrich,93
composite,37.10783485202408,storm,enrich,93
truth,76.28732486715863,storm,enrich,93
pw,3.4490097937567854,unaltered,enrich,93
beale,NA,unaltered,enrich,93
rating,14.645728246949123,unaltered,enrich,93
composite,14.871631747547898,unaltered,enrich,93
truth,13.806532506188516,unaltered,enrich,93
pw,13.788900579848754,base,none,93
beale,NA,base,none,93
rating,15.042531565158235,base,none,93
composite,16.20188849908621,base,none,93
truth,15.623634288297257,base,none,93
pw,5.766654477742381,storm,none,93
beale,NA,storm,none,93
rating,11.773757989586834,storm,none,93
composite,12.256162110177335,storm,none,93
truth,13.60901700409669,storm,none,93
pw,10.905057788386431,unaltered,none,93
beale,NA,unaltered,none,93
rating,12.686284672343485,unaltered,none,93
composite,13.687153889927165,unaltered,none,93
truth,13.48309046076735,unaltered,none,93
pw,12.898705522769516,base,chemostatic,93
beale,NA,base,chemostatic,93
rating,15.471699625135301,base,chemostatic,93
composite,15.434951925102693,base,chemostatic,93
truth,15.676206039022091,base,chemostatic,93
pw,5.394366108394632,storm,chemostatic,93
beale,NA,storm,chemostatic,93
rating,13.60875420586868,storm,chemostatic,93
composite,13.422294639604086,storm,chemostatic,93
truth,13.753035324328273,storm,chemostatic,93
pw,10.201040199444506,unaltered,chemostatic,93
beale,NA,unaltered,chemostatic,93
rating,13.348405131879005,unaltered,chemostatic,93
composite,13.301002700909445,unaltered,chemostatic,93
truth,13.538973648205113,unaltered,chemostatic,93
pw,14.628012875910517,base,dilution,94
beale,NA,base,dilution,94
rating,12.892587941163384,base,dilution,94
composite,13.149340172151911,base,dilution,94
truth,12.48568274804483,base,dilution,94
pw,26.478002520551968,storm,dilution,94
beale,NA,storm,dilution,94
rating,15.13381176094877,storm,dilution,94
composite,13.670203517065522,storm,dilution,94
truth,17.501615526885587,storm,dilution,94
pw,15.496328570816218,unaltered,dilution,94
beale,NA,unaltered,dilution,94
rating,13.039051044814213,unaltered,dilution,94
composite,13.512281504948069,unaltered,dilution,94
truth,13.565277319727784,unaltered,dilution,94
pw,5.14245092697207,base,enrich,94
beale,NA,base,enrich,94
rating,11.896069545279987,base,enrich,94
composite,11.965038443334105,base,enrich,94
truth,14.647875701317675,base,enrich,94
pw,0.8310604768990216,storm,enrich,94
beale,NA,storm,enrich,94
rating,28.116327593245167,storm,enrich,94
composite,28.470749261503276,storm,enrich,94
truth,76.30770196964137,storm,enrich,94
pw,3.1916206561548988,unaltered,enrich,94
beale,NA,unaltered,enrich,94
rating,11.137140040867363,unaltered,enrich,94
composite,11.169444843727957,unaltered,enrich,94
truth,13.937535721071127,unaltered,enrich,94
pw,12.365191230186204,base,none,94
beale,NA,base,none,94
rating,14.412633629080759,base,none,94
composite,14.364624789762305,base,none,94
truth,15.88662146291381,base,none,94
pw,5.137420224851112,storm,none,94
beale,NA,storm,none,94
rating,12.008546785342405,storm,none,94
composite,12.074058166526102,storm,none,94
truth,13.788576899949675,storm,none,94
pw,9.758274962265029,unaltered,none,94
beale,NA,unaltered,none,94
rating,12.139522511470936,unaltered,none,94
composite,12.082076075738376,unaltered,none,94
truth,13.542384638038309,unaltered,none,94
pw,13.155171526245455,base,chemostatic,94
beale,NA,base,chemostatic,94
rating,16.962570016876025,base,chemostatic,94
composite,16.867685980976713,base,chemostatic,94
truth,15.891203968124268,base,chemostatic,94
pw,5.465636802715354,storm,chemostatic,94
beale,NA,storm,chemostatic,94
rating,15.911563093560538,storm,chemostatic,94
composite,15.913678984825939,storm,chemostatic,94
truth,13.761956456998773,storm,chemostatic,94
pw,10.38170607628603,unaltered,chemostatic,94
beale,NA,unaltered,chemostatic,94
rating,14.680279125488264,unaltered,chemostatic,94
composite,14.600625919040963,unaltered,chemostatic,94
truth,13.545197037046186,unaltered,chemostatic,94
pw,14.947068961867341,base,dilution,95
beale,NA,base,dilution,95
rating,13.060510223840572,base,dilution,95
composite,13.35296356154411,base,dilution,95
truth,12.541867654675139,base,dilution,95
pw,26.908887870508874,storm,dilution,95
beale,NA,storm,dilution,95
rating,14.881035952818209,storm,dilution,95
composite,14.862501710336362,storm,dilution,95
truth,17.199454277573917,storm,dilution,95
pw,15.699672772512185,unaltered,dilution,95
beale,NA,unaltered,dilution,95
rating,12.999294011291893,unaltered,dilution,95
composite,13.69229293725915,unaltered,dilution,95
truth,13.276437230165577,unaltered,dilution,95
pw,4.65649368356242,base,enrich,95
beale,NA,base,enrich,95
rating,12.709078497679972,base,enrich,95
composite,13.129380365932,base,enrich,95
truth,14.68733501286983,base,enrich,95
pw,0.8466498783234447,storm,enrich,95
beale,NA,storm,enrich,95
rating,31.65074387656535,storm,enrich,95
composite,32.08315254392531,storm,enrich,95
truth,77.15593147640685,storm,enrich,95
pw,3.26315301500422,unaltered,enrich,95
beale,NA,unaltered,enrich,95
rating,12.57291807542423,unaltered,enrich,95
composite,12.7129065836323,unaltered,enrich,95
truth,13.994120686617894,unaltered,enrich,95
pw,13.133362015413644,base,none,95
beale,NA,base,none,95
rating,14.989344784620911,base,none,95
composite,15.73891065165154,base,none,95
truth,15.985410228273242,base,none,95
pw,5.503481138845878,storm,none,95
beale,NA,storm,none,95
rating,12.766936113424402,storm,none,95
composite,12.761073097195284,storm,none,95
truth,13.76768360146543,storm,none,95
pw,10.49105615914877,unaltered,none,95
beale,NA,unaltered,none,95
rating,12.747613739616014,unaltered,none,95
composite,13.315375116864836,unaltered,none,95
truth,13.548718430635075,unaltered,none,95
pw,13.231891853080699,base,chemostatic,95
beale,NA,base,chemostatic,95
rating,15.523182884754574,base,chemostatic,95
composite,15.607652665454463,base,chemostatic,95
truth,15.993295306954963,base,chemostatic,95
pw,5.544769660595126,storm,chemostatic,95
beale,NA,storm,chemostatic,95
rating,12.424910148825182,storm,chemostatic,95
composite,12.552698821724714,storm,chemostatic,95
truth,13.772893566483116,storm,chemostatic,95
pw,10.56976274312199,unaltered,chemostatic,95
beale,NA,unaltered,chemostatic,95
rating,13.067883640024778,unaltered,chemostatic,95
composite,13.14240733607815,unaltered,chemostatic,95
truth,13.554884216164695,unaltered,chemostatic,95
pw,13.36552731927839,base,dilution,96
beale,NA,base,dilution,96
rating,12.231944698461948,base,dilution,96
composite,12.274969154236928,base,dilution,96
truth,12.27156794751332,base,dilution,96
pw,23.991131474493987,storm,dilution,96
beale,NA,storm,dilution,96
rating,14.535555414300957,storm,dilution,96
composite,13.74063459762926,storm,dilution,96
truth,17.124563200213057,storm,dilution,96
pw,14.156644033740594,unaltered,dilution,96
beale,NA,unaltered,dilution,96
rating,12.337876109387445,unaltered,dilution,96
composite,12.870276032849254,unaltered,dilution,96
truth,13.400548289061232,unaltered,dilution,96
pw,4.3745676096179755,base,enrich,96
beale,NA,base,enrich,96
rating,14.620059106381147,base,enrich,96
composite,14.835365661713006,base,enrich,96
truth,13.689278033919162,base,enrich,96
pw,0.8119304140527513,storm,enrich,96
beale,NA,storm,enrich,96
rating,36.69978398941984,storm,enrich,96
composite,37.01526940422697,storm,enrich,96
truth,74.00226221387223,storm,enrich,96
pw,3.128379001499612,unaltered,enrich,96
beale,NA,unaltered,enrich,96
rating,14.192090125776614,unaltered,enrich,96
composite,14.258222107348656,unaltered,enrich,96
truth,13.590355567738506,unaltered,enrich,96
pw,14.166824584972337,base,none,96
beale,NA,base,none,96
rating,18.470636706611092,base,none,96
composite,19.308706124280963,base,none,96
truth,15.712781309193145,base,none,96
pw,5.9957554333092755,storm,none,96
beale,NA,storm,none,96
rating,20.255341695135698,storm,none,96
composite,20.658830699279942,storm,none,96
truth,13.784885939923127,storm,none,96
pw,11.345628084126314,unaltered,none,96
beale,NA,unaltered,none,96
rating,16.436097404173445,unaltered,none,96
composite,17.113632264770374,unaltered,none,96
truth,13.555616704403059,unaltered,none,96
pw,12.84016098950491,base,chemostatic,96
beale,NA,base,chemostatic,96
rating,15.559896855901673,base,chemostatic,96
composite,15.56658364643492,base,chemostatic,96
truth,15.684926866924753,base,chemostatic,96
pw,5.434278130263174,storm,chemostatic,96
beale,NA,storm,chemostatic,96
rating,13.487841069037179,storm,chemostatic,96
composite,13.532236980328571,storm,chemostatic,96
truth,13.715422989838165,storm,chemostatic,96
pw,10.283157686709966,unaltered,chemostatic,96
beale,NA,unaltered,chemostatic,96
rating,13.431366769941208,unaltered,chemostatic,96
composite,13.435726371562355,unaltered,chemostatic,96
truth,13.526015670364439,unaltered,chemostatic,96
pw,14.249648474470503,base,dilution,97
beale,NA,base,dilution,97
rating,12.63034543960515,base,dilution,97
composite,12.720307452792197,base,dilution,97
truth,12.581232168867773,base,dilution,97
pw,27.072247515501733,storm,dilution,97
beale,NA,storm,dilution,97
rating,14.823700044859248,storm,dilution,97
composite,12.65579915727497,storm,dilution,97
truth,17.39061553040051,storm,dilution,97
pw,15.198114630359836,unaltered,dilution,97
beale,NA,unaltered,dilution,97
rating,12.589698242785133,unaltered,dilution,97
composite,12.69383402726958,unaltered,dilution,97
truth,14.182093605454126,unaltered,dilution,97
pw,5.494880446031661,base,enrich,97
beale,NA,base,enrich,97
rating,13.249578061591109,base,enrich,97
composite,13.413002815719478,base,enrich,97
truth,15.511898889931116,base,enrich,97
pw,0.8844035059100178,storm,enrich,97
beale,NA,storm,enrich,97
rating,33.74859478214601,storm,enrich,97
composite,34.20925423501263,storm,enrich,97
truth,77.38229730256352,storm,enrich,97
pw,3.3688243487463843,unaltered,enrich,97
beale,NA,unaltered,enrich,97
rating,13.893555297889256,unaltered,enrich,97
composite,13.979622519754384,unaltered,enrich,97
truth,14.088614169774694,unaltered,enrich,97
pw,15.433535784641236,base,none,97
beale,NA,base,none,97
rating,19.462748290368648,base,none,97
composite,18.966939222899942,base,none,97
truth,16.143583238603696,base,none,97
pw,6.3536399600459985,storm,none,97
beale,NA,storm,none,97
rating,17.70724971562445,storm,none,97
composite,17.231346613892807,storm,none,97
truth,13.66028549512216,storm,none,97
pw,12.063487168976755,unaltered,none,97
beale,NA,unaltered,none,97
rating,16.67424948911476,unaltered,none,97
composite,16.215840621321387,unaltered,none,97
truth,13.546561411905554,unaltered,none,97
pw,13.087802089536696,base,chemostatic,97
beale,NA,base,chemostatic,97
rating,16.061756843104234,base,chemostatic,97
composite,15.806005073584682,base,chemostatic,97
truth,16.167607013627773,base,chemostatic,97
pw,5.387954095911463,storm,chemostatic,97
beale,NA,storm,chemostatic,97
rating,14.074575811055132,storm,chemostatic,97
composite,13.667576418003748,storm,chemostatic,97
truth,13.800662469978322,storm,chemostatic,97
pw,10.229965108471951,unaltered,chemostatic,97
beale,NA,unaltered,chemostatic,97
rating,13.517542083860327,unaltered,chemostatic,97
composite,13.272348914105855,unaltered,chemostatic,97
truth,13.576056151122808,unaltered,chemostatic,97
pw,13.144005332132782,base,dilution,98
beale,NA,base,dilution,98
rating,11.645251410141913,base,dilution,98
composite,11.548365893131749,base,dilution,98
truth,12.240436104519613,base,dilution,98
pw,24.47800225611809,storm,dilution,98
beale,NA,storm,dilution,98
rating,13.773571283961,storm,dilution,98
composite,11.690264282657267,storm,dilution,98
truth,17.129813205438936,storm,dilution,98
pw,14.297076441054871,unaltered,dilution,98
beale,NA,unaltered,dilution,98
rating,11.90876482209264,unaltered,dilution,98
composite,11.810227098124294,unaltered,dilution,98
truth,13.291279232657148,unaltered,dilution,98
pw,4.891156696109421,base,enrich,98
beale,NA,base,enrich,98
rating,11.814091472765242,base,enrich,98
composite,11.783425457757353,base,enrich,98
truth,13.95845605956675,base,enrich,98
pw,0.7604842160814596,storm,enrich,98
beale,NA,storm,enrich,98
rating,23.531905401781497,storm,enrich,98
composite,23.831897637341964,storm,enrich,98
truth,75.30462220537227,storm,enrich,98
pw,2.996700046370553,unaltered,enrich,98
beale,NA,unaltered,enrich,98
rating,9.799540353205341,unaltered,enrich,98
composite,9.859313091127106,unaltered,enrich,98
truth,13.669659989878992,unaltered,enrich,98
pw,11.70831790845567,base,none,98
beale,NA,base,none,98
rating,10.921409505280348,base,none,98
composite,11.26057230855565,base,none,98
truth,15.64627004611423,base,none,98
pw,5.01206493703325,storm,none,98
beale,NA,storm,none,98
rating,6.404478317328006,storm,none,98
composite,6.270580248889556,storm,none,98
truth,13.749174036081666,storm,none,98
pw,9.557842194776176,unaltered,none,98
beale,NA,unaltered,none,98
rating,8.96649713672124,unaltered,none,98
composite,9.156714559196647,unaltered,none,98
truth,13.537050924274178,unaltered,none,98
pw,12.385139882091392,base,chemostatic,98
beale,NA,base,chemostatic,98
rating,14.996204133187025,base,chemostatic,98
composite,14.88631729463077,base,chemostatic,98
truth,15.637497502005122,base,chemostatic,98
pw,5.301797049638713,storm,chemostatic,98
beale,NA,storm,chemostatic,98
rating,13.176237323435714,storm,chemostatic,98
composite,12.954377129506442,storm,chemostatic,98
truth,13.741682631034516,storm,chemostatic,98
pw,10.11035175836561,unaltered,chemostatic,98
beale,NA,unaltered,chemostatic,98
rating,13.001439389500907,unaltered,chemostatic,98
composite,12.86899127096109,unaltered,chemostatic,98
truth,13.529386541503811,unaltered,chemostatic,98
pw,14.46315653455511,base,dilution,99
beale,NA,base,dilution,99
rating,12.637696820393588,base,dilution,99
composite,12.637413179193215,base,dilution,99
truth,12.567704560952864,base,dilution,99
pw,26.890198455619622,storm,dilution,99
beale,NA,storm,dilution,99
rating,14.789858811741329,storm,dilution,99
composite,12.650167297661294,storm,dilution,99
truth,18.901567421817468,storm,dilution,99
pw,15.552248884712128,unaltered,dilution,99
beale,NA,unaltered,dilution,99
rating,12.805494918388266,unaltered,dilution,99
composite,12.778019734720113,unaltered,dilution,99
truth,13.821723990387852,unaltered,dilution,99
pw,5.3752962294652535,base,enrich,99
beale,NA,base,enrich,99
rating,12.090652447724285,base,enrich,99
composite,12.380271812494213,base,enrich,99
truth,14.003504172862183,base,enrich,99
pw,0.8709473630104498,storm,enrich,99
beale,NA,storm,enrich,99
rating,30.320419747047193,storm,enrich,99
composite,30.830885324241045,storm,enrich,99
truth,76.7870438353199,storm,enrich,99
pw,3.307768642329022,unaltered,enrich,99
beale,NA,unaltered,enrich,99
rating,12.83834580737051,unaltered,enrich,99
composite,13.054888554350198,unaltered,enrich,99
truth,13.950908791571601,unaltered,enrich,99
pw,13.47891702929709,base,none,99
beale,NA,base,none,99
rating,13.650282830626892,base,none,99
composite,13.825016808829291,base,none,99
truth,15.90045881457153,base,none,99
pw,5.638786316285327,storm,none,99
beale,NA,storm,none,99
rating,8.761202361591126,storm,none,99
composite,9.103956074674713,storm,none,99
truth,13.815531321374412,storm,none,99
pw,10.611339808389065,unaltered,none,99
beale,NA,unaltered,none,99
rating,11.102510100767109,unaltered,none,99
composite,11.275970062961434,unaltered,none,99
truth,13.55423497517826,unaltered,none,99
pw,13.00518475705415,base,chemostatic,99
beale,NA,base,chemostatic,99
rating,15.755331609432304,base,chemostatic,99
composite,15.79476706931981,base,chemostatic,99
truth,15.894369926072597,base,chemostatic,99
pw,5.440604589333517,storm,chemostatic,99
beale,NA,storm,chemostatic,99
rating,13.42485901732082,storm,chemostatic,99
composite,13.470564753608974,storm,chemostatic,99
truth,13.804298260261941,storm,chemostatic,99
pw,10.238391884750703,unaltered,chemostatic,99
beale,NA,unaltered,chemostatic,99
rating,13.401999174885841,unaltered,chemostatic,99
composite,13.438976912470904,unaltered,chemostatic,99
truth,13.54772165640048,unaltered,chemostatic,99
pw,13.127239089559946,base,dilution,100
beale,NA,base,dilution,100
rating,11.472590500382582,base,dilution,100
composite,11.922403938627236,base,dilution,100
truth,12.464671411646348,base,dilution,100
pw,24.49637038044378,storm,dilution,100
beale,NA,storm,dilution,100
rating,13.660285623796295,storm,dilution,100
composite,12.143603627232759,storm,dilution,100
truth,17.472618054904334,storm,dilution,100
pw,14.310537480404095,unaltered,dilution,100
beale,NA,unaltered,dilution,100
rating,11.857770926920264,unaltered,dilution,100
composite,12.110013128528275,unaltered,dilution,100
truth,13.597877636606812,unaltered,dilution,100
pw,5.237193526219285,base,enrich,100
beale,NA,base,enrich,100
rating,17.582719106131588,base,enrich,100
composite,17.644689506835213,base,enrich,100
truth,14.862183197448688,base,enrich,100
pw,0.8635700212344478,storm,enrich,100
beale,NA,storm,enrich,100
rating,38.076269270517066,storm,enrich,100
composite,38.53860590305084,storm,enrich,100
truth,77.85966961040712,storm,enrich,100
pw,3.320599956582159,unaltered,enrich,100
beale,NA,unaltered,enrich,100
rating,15.16471007324096,unaltered,enrich,100
composite,15.297771807126775,unaltered,enrich,100
truth,13.984217388804215,unaltered,enrich,100
pw,13.356640772050094,base,none,100
beale,NA,base,none,100
rating,14.933656857427996,base,none,100
composite,15.187810147872096,base,none,100
truth,15.867693306892647,base,none,100
pw,5.582364565952524,storm,none,100
beale,NA,storm,none,100
rating,12.2077489776956,storm,none,100
composite,12.01326656265565,storm,none,100
truth,13.749139073569971,storm,none,100
pw,10.585797865129768,unaltered,none,100
beale,NA,unaltered,none,100
rating,12.601989075313558,unaltered,none,100
composite,12.746466298387613,unaltered,none,100
truth,13.511530749459125,unaltered,none,100
pw,12.6178609414357,base,chemostatic,100
beale,NA,base,chemostatic,100
rating,15.10211563109219,base,chemostatic,100
composite,15.105330511863338,base,chemostatic,100
truth,15.91417819688316,base,chemostatic,100
pw,5.273593938753181,storm,chemostatic,100
beale,NA,storm,chemostatic,100
rating,12.834989545843152,storm,chemostatic,100
composite,12.769179101553858,storm,chemostatic,100
truth,13.7922126654871,storm,chemostatic,100
pw,10.000278340633459,unaltered,chemostatic,100
beale,NA,unaltered,chemostatic,100
rating,12.817254714624141,unaltered,chemostatic,100
composite,12.810728353081137,unaltered,chemostatic,100
truth,13.55353772419189,unaltered,chemostatic,100
