method,estimate,flow,cq,runid
pw,14.05318549720227,base,dilution,1
beale,NA,base,dilution,1
rating,11.6779757748944,base,dilution,1
composite,11.680582535641014,base,dilution,1
truth,12.352634812176863,base,dilution,1
pw,35.86118429511814,storm,dilution,1
beale,NA,storm,dilution,1
rating,12.640890578219325,storm,dilution,1
composite,12.398562522959477,storm,dilution,1
truth,18.658495875125535,storm,dilution,1
pw,16.48477306195839,unaltered,dilution,1
beale,NA,unaltered,dilution,1
rating,11.98584611009424,unaltered,dilution,1
composite,12.267841753132057,unaltered,dilution,1
truth,13.579475736930542,unaltered,dilution,1
pw,5.655564525750173,base,enrich,1
beale,NA,base,enrich,1
rating,14.874567192396285,base,enrich,1
composite,14.898442383577912,base,enrich,1
truth,14.163382741960305,base,enrich,1
pw,1.556034570001876,storm,enrich,1
beale,NA,storm,enrich,1
rating,56.58012602362496,storm,enrich,1
composite,56.896628773687894,storm,enrich,1
truth,75.92068830182929,storm,enrich,1
pw,3.948961866339797,unaltered,enrich,1
beale,NA,unaltered,enrich,1
rating,13.296885154640133,unaltered,enrich,1
composite,13.337754450185072,unaltered,enrich,1
truth,13.797876653763206,unaltered,enrich,1
pw,13.919216658301748,base,none,1
beale,NA,base,none,1
rating,15.592959056507226,base,none,1
composite,15.799569332391238,base,none,1
truth,15.774905495466037,base,none,1
pw,7.2347854592115235,storm,none,1
beale,NA,storm,none,1
rating,13.580265364178029,storm,none,1
composite,13.851770222069282,storm,none,1
truth,13.7541617106583,storm,none,1
pw,11.393118234894953,unaltered,none,1
beale,NA,unaltered,none,1
rating,13.381976298622327,unaltered,none,1
composite,13.55806128943847,unaltered,none,1
truth,13.540550864807122,unaltered,none,1
pw,13.741308634146305,base,chemostatic,1
beale,NA,base,chemostatic,1
rating,15.50267767882291,base,chemostatic,1
composite,15.520887242467948,base,chemostatic,1
truth,15.75361874363825,base,chemostatic,1
pw,7.142314279414981,storm,chemostatic,1
beale,NA,storm,chemostatic,1
rating,13.171134895329535,storm,chemostatic,1
composite,13.176323495979878,storm,chemostatic,1
truth,13.722072054332692,storm,chemostatic,1
pw,11.247497457239293,unaltered,chemostatic,1
beale,NA,unaltered,chemostatic,1
rating,13.2608992733248,unaltered,chemostatic,1
composite,13.275575446702467,unaltered,chemostatic,1
truth,13.522092538290613,unaltered,chemostatic,1
pw,14.791184611975686,base,dilution,2
beale,NA,base,dilution,2
rating,11.608818083145362,base,dilution,2
composite,11.52182006720485,base,dilution,2
truth,12.312278704033075,base,dilution,2
pw,33.22270764845295,storm,dilution,2
beale,NA,storm,dilution,2
rating,12.519297745167618,storm,dilution,2
composite,12.162701238552957,storm,dilution,2
truth,18.9316347337048,storm,dilution,2
pw,15.875756890933257,unaltered,dilution,2
beale,NA,unaltered,dilution,2
rating,11.950031221377218,unaltered,dilution,2
composite,12.102739311954833,unaltered,dilution,2
truth,13.796343853689859,unaltered,dilution,2
pw,6.328196450228035,base,enrich,2
beale,NA,base,enrich,2
rating,13.772841531775795,base,enrich,2
composite,13.801982712122976,base,enrich,2
truth,14.01142559227763,base,enrich,2
pw,1.4554837913383345,storm,enrich,2
beale,NA,storm,enrich,2
rating,60.72767014160397,storm,enrich,2
composite,60.82794988499314,storm,enrich,2
truth,74.63302732402056,storm,enrich,2
pw,3.8017054431555484,unaltered,enrich,2
beale,NA,unaltered,enrich,2
rating,13.16050347211136,unaltered,enrich,2
composite,13.135233123290254,unaltered,enrich,2
truth,13.686016854805606,unaltered,enrich,2
pw,13.8950121529741,base,none,2
beale,NA,base,none,2
rating,16.35712654648733,base,none,2
composite,16.84947450413129,base,none,2
truth,15.702374046152164,base,none,2
pw,7.219764672622485,storm,none,2
beale,NA,storm,none,2
rating,15.585933360500785,storm,none,2
composite,15.759836459172226,storm,none,2
truth,13.657415632027135,storm,none,2
pw,11.388958857644694,unaltered,none,2
beale,NA,unaltered,none,2
rating,14.268025135973815,unaltered,none,2
composite,14.687583292913223,unaltered,none,2
truth,13.513641051751696,unaltered,none,2
pw,13.725277891632327,base,chemostatic,2
beale,NA,base,chemostatic,2
rating,15.920748079116146,base,chemostatic,2
composite,15.974104416122577,base,chemostatic,2
truth,15.717025931101539,base,chemostatic,2
pw,7.131571772157356,storm,chemostatic,2
beale,NA,storm,chemostatic,2
rating,14.199117574191755,storm,chemostatic,2
composite,14.2770496216378,storm,chemostatic,2
truth,13.728721006682212,storm,chemostatic,2
pw,11.249837243509194,unaltered,chemostatic,2
beale,NA,unaltered,chemostatic,2
rating,13.759020291875018,unaltered,chemostatic,2
composite,13.803340713414665,unaltered,chemostatic,2
truth,13.531843693615633,unaltered,chemostatic,2
pw,14.768271494200238,base,dilution,3
beale,NA,base,dilution,3
rating,11.882444545732088,base,dilution,3
composite,11.84138363220038,base,dilution,3
truth,12.416317371413985,base,dilution,3
pw,34.155013739695164,storm,dilution,3
beale,NA,storm,dilution,3
rating,12.71062249117076,storm,dilution,3
composite,12.441394416285156,storm,dilution,3
truth,17.618743564984605,storm,dilution,3
pw,16.203176487521805,unaltered,dilution,3
beale,NA,unaltered,dilution,3
rating,12.143337104218842,unaltered,dilution,3
composite,12.23827604130877,unaltered,dilution,3
truth,13.424794519153911,unaltered,dilution,3
pw,6.178756153469589,base,enrich,3
beale,NA,base,enrich,3
rating,13.592319607884004,base,enrich,3
composite,13.635861554465798,base,enrich,3
truth,13.330294052828345,base,enrich,3
pw,1.525128805599151,storm,enrich,3
beale,NA,storm,enrich,3
rating,63.17723745834423,storm,enrich,3
composite,63.188359111078526,storm,enrich,3
truth,73.40741356702627,storm,enrich,3
pw,3.934178618434348,unaltered,enrich,3
beale,NA,unaltered,enrich,3
rating,13.803663365334335,unaltered,enrich,3
composite,13.739811700817354,unaltered,enrich,3
truth,13.67193402031976,unaltered,enrich,3
pw,13.90229038370848,base,none,3
beale,NA,base,none,3
rating,14.404493712173336,base,none,3
composite,14.790348651580333,base,none,3
truth,15.655417365134928,base,none,3
pw,7.21412945346879,storm,none,3
beale,NA,storm,none,3
rating,11.61219341043756,storm,none,3
composite,11.95045925989154,storm,none,3
truth,13.72376616473494,storm,none,3
pw,11.300024936429587,unaltered,none,3
beale,NA,unaltered,none,3
rating,12.268662161260458,unaltered,none,3
composite,12.589868885413422,unaltered,none,3
truth,13.520528365690502,unaltered,none,3
pw,13.892059883307583,base,chemostatic,3
beale,NA,base,chemostatic,3
rating,15.537256526338806,base,chemostatic,3
composite,15.579018108498417,base,chemostatic,3
truth,15.661561312082906,base,chemostatic,3
pw,7.208820676840707,storm,chemostatic,3
beale,NA,storm,chemostatic,3
rating,13.46720784226683,storm,chemostatic,3
composite,13.649538485491883,storm,chemostatic,3
truth,13.71822842372449,storm,chemostatic,3
pw,11.291709406653444,unaltered,chemostatic,3
beale,NA,unaltered,chemostatic,3
rating,13.38696873141804,unaltered,chemostatic,3
composite,13.439174335790016,unaltered,chemostatic,3
truth,13.524686876076093,unaltered,chemostatic,3
pw,15.068540303911266,base,dilution,4
beale,NA,base,dilution,4
rating,11.906527922942512,base,dilution,4
composite,11.989532932289505,base,dilution,4
truth,12.218721853480913,base,dilution,4
pw,33.565714691642434,storm,dilution,4
beale,NA,storm,dilution,4
rating,12.380658825388009,storm,dilution,4
composite,12.21374500423734,storm,dilution,4
truth,16.680653190176347,storm,dilution,4
pw,15.903709462023555,unaltered,dilution,4
beale,NA,unaltered,dilution,4
rating,11.831835194770438,unaltered,dilution,4
composite,11.977659441282354,unaltered,dilution,4
truth,13.264931145316439,unaltered,dilution,4
pw,5.586262576676853,base,enrich,4
beale,NA,base,enrich,4
rating,12.82881935854899,base,enrich,4
composite,12.905168324283487,base,enrich,4
truth,13.718129158281569,base,enrich,4
pw,1.4546600949868431,storm,enrich,4
beale,NA,storm,enrich,4
rating,59.660166675212906,storm,enrich,4
composite,59.77073763393859,storm,enrich,4
truth,74.80203178751673,storm,enrich,4
pw,3.795604764890383,unaltered,enrich,4
beale,NA,unaltered,enrich,4
rating,12.910579336039593,unaltered,enrich,4
composite,12.896598223115829,unaltered,enrich,4
truth,13.61511963459416,unaltered,enrich,4
pw,13.986220120841816,base,none,4
beale,NA,base,none,4
rating,15.200802015874407,base,none,4
composite,15.801702130999494,base,none,4
truth,15.631569318072525,base,none,4
pw,7.262781832647095,storm,none,4
beale,NA,storm,none,4
rating,13.270741826512747,storm,none,4
composite,13.867561260339519,storm,none,4
truth,13.703777225739499,storm,none,4
pw,11.455890946935904,unaltered,none,4
beale,NA,unaltered,none,4
rating,13.148233852218336,unaltered,none,4
composite,13.667350213833945,unaltered,none,4
truth,13.529014748151114,unaltered,none,4
pw,13.666459221377583,base,chemostatic,4
beale,NA,base,chemostatic,4
rating,15.428110208052262,base,chemostatic,4
composite,15.451654353976126,base,chemostatic,4
truth,15.613971631137717,base,chemostatic,4
pw,7.096735993860456,storm,chemostatic,4
beale,NA,storm,chemostatic,4
rating,13.409865962015536,storm,chemostatic,4
composite,13.467381195515392,storm,chemostatic,4
truth,13.676338534186195,storm,chemostatic,4
pw,11.193979868624066,unaltered,chemostatic,4
beale,NA,unaltered,chemostatic,4
rating,13.337995518454854,unaltered,chemostatic,4
composite,13.36218246618444,unaltered,chemostatic,4
truth,13.511966617788604,unaltered,chemostatic,4
pw,14.308460652907574,base,dilution,5
beale,NA,base,dilution,5
rating,11.502246264416419,base,dilution,5
composite,11.861355891332417,base,dilution,5
truth,12.260356718965355,base,dilution,5
pw,33.2045411712268,storm,dilution,5
beale,NA,storm,dilution,5
rating,12.366202893993693,storm,dilution,5
composite,12.932451599289685,storm,dilution,5
truth,17.00233017796402,storm,dilution,5
pw,15.832709857349,unaltered,dilution,5
beale,NA,unaltered,dilution,5
rating,11.792060026492658,unaltered,dilution,5
composite,12.027727265424804,unaltered,dilution,5
truth,13.347481336044366,unaltered,dilution,5
pw,5.993678856298897,base,enrich,5
beale,NA,base,enrich,5
rating,12.2511642828986,base,enrich,5
composite,12.343390361170925,base,enrich,5
truth,13.239815732448884,base,enrich,5
pw,1.455083762875974,storm,enrich,5
beale,NA,storm,enrich,5
rating,61.7327806165081,storm,enrich,5
composite,61.85462358790359,storm,enrich,5
truth,74.55378300734615,storm,enrich,5
pw,3.806538478935996,unaltered,enrich,5
beale,NA,unaltered,enrich,5
rating,13.36929284704562,unaltered,enrich,5
composite,13.350096413013933,unaltered,enrich,5
truth,13.614569505534062,unaltered,enrich,5
pw,13.009425770974172,base,none,5
beale,NA,base,none,5
rating,14.326032968972827,base,none,5
composite,14.669007597713286,base,none,5
truth,15.57181148658283,base,none,5
pw,6.809582506701201,storm,none,5
beale,NA,storm,none,5
rating,12.703187443444952,storm,none,5
composite,12.74673955650989,storm,none,5
truth,13.74338747464499,storm,none,5
pw,10.735788441665289,unaltered,none,5
beale,NA,unaltered,none,5
rating,12.516888644951997,unaltered,none,5
composite,12.762227695298868,unaltered,none,5
truth,13.536744284006978,unaltered,none,5
pw,13.717907843050261,base,chemostatic,5
beale,NA,base,chemostatic,5
rating,15.598439419481116,base,chemostatic,5
composite,15.684353593439173,base,chemostatic,5
truth,15.549824926188185,base,chemostatic,5
pw,7.180426478545431,storm,chemostatic,5
beale,NA,storm,chemostatic,5
rating,13.634768554179024,storm,chemostatic,5
composite,13.839402143801179,storm,chemostatic,5
truth,13.690638590512162,storm,chemostatic,5
pw,11.32045019187811,unaltered,chemostatic,5
beale,NA,unaltered,chemostatic,5
rating,13.534809358316284,unaltered,chemostatic,5
composite,13.629333811247614,unaltered,chemostatic,5
truth,13.512403277577087,unaltered,chemostatic,5
pw,15.326021009677033,base,dilution,6
beale,NA,base,dilution,6
rating,12.378927191510543,base,dilution,6
composite,12.555184969442129,base,dilution,6
truth,12.455259108144675,base,dilution,6
pw,35.03844462946074,storm,dilution,6
beale,NA,storm,dilution,6
rating,12.982105563615118,storm,dilution,6
composite,11.114536725855505,storm,dilution,6
truth,17.373638345104055,storm,dilution,6
pw,16.505387658712394,unaltered,dilution,6
beale,NA,unaltered,dilution,6
rating,12.371542749162934,unaltered,dilution,6
composite,12.304882101322232,unaltered,dilution,6
truth,13.579886496136927,unaltered,dilution,6
pw,6.351899205227973,base,enrich,6
beale,NA,base,enrich,6
rating,13.74089532575122,base,enrich,6
composite,13.734051019283358,base,enrich,6
truth,14.520496506480054,base,enrich,6
pw,1.5046843349777603,storm,enrich,6
beale,NA,storm,enrich,6
rating,60.24460935253807,storm,enrich,6
composite,60.42563999442393,storm,enrich,6
truth,77.31000540225459,storm,enrich,6
pw,3.895980309353003,unaltered,enrich,6
beale,NA,unaltered,enrich,6
rating,13.017658772092465,unaltered,enrich,6
composite,13.038620148679017,unaltered,enrich,6
truth,13.989579211172353,unaltered,enrich,6
pw,14.379616824005184,base,none,6
beale,NA,base,none,6
rating,15.722099935385634,base,none,6
composite,16.013929520506625,base,none,6
truth,15.89445465019531,base,none,6
pw,7.378105794566424,storm,none,6
beale,NA,storm,none,6
rating,13.748318563299655,storm,none,6
composite,13.944567068774855,storm,none,6
truth,13.857593683374773,storm,none,6
pw,11.64184766874384,unaltered,none,6
beale,NA,unaltered,none,6
rating,13.43327090855106,unaltered,none,6
composite,13.670751941106118,unaltered,none,6
truth,13.592984400262287,unaltered,none,6
pw,13.864743848893779,base,chemostatic,6
beale,NA,base,chemostatic,6
rating,15.716494528223565,base,chemostatic,6
composite,15.844110650402227,base,chemostatic,6
truth,15.838576553849212,base,chemostatic,6
pw,7.113927177873838,storm,chemostatic,6
beale,NA,storm,chemostatic,6
rating,13.585800484566048,storm,chemostatic,6
composite,13.785844088826819,storm,chemostatic,6
truth,13.727916871797987,storm,chemostatic,6
pw,11.225002573470265,unaltered,chemostatic,6
beale,NA,unaltered,chemostatic,6
rating,13.42863739482103,unaltered,chemostatic,6
composite,13.553631854551753,unaltered,chemostatic,6
truth,13.53881070567978,unaltered,chemostatic,6
pw,14.787085590637396,base,dilution,7
beale,NA,base,dilution,7
rating,11.897910521332978,base,dilution,7
composite,12.031864986669673,base,dilution,7
truth,12.234439492579037,base,dilution,7
pw,33.70781532136271,storm,dilution,7
beale,NA,storm,dilution,7
rating,12.50316115529842,storm,dilution,7
composite,12.038525153337647,storm,dilution,7
truth,17.03000680630852,storm,dilution,7
pw,15.960447493075085,unaltered,dilution,7
beale,NA,unaltered,dilution,7
rating,11.877450685402875,unaltered,dilution,7
composite,11.953477514663886,unaltered,dilution,7
truth,13.456137636110993,unaltered,dilution,7
pw,5.603832574771202,base,enrich,7
beale,NA,base,enrich,7
rating,12.805621856976158,base,enrich,7
composite,12.768324546424035,base,enrich,7
truth,13.60420718411128,base,enrich,7
pw,1.4463971379988938,storm,enrich,7
beale,NA,storm,enrich,7
rating,58.99193157836913,storm,enrich,7
composite,59.057050261372545,storm,enrich,7
truth,76.19006261945978,storm,enrich,7
pw,3.842252650138817,unaltered,enrich,7
beale,NA,unaltered,enrich,7
rating,12.9266019160372,unaltered,enrich,7
composite,12.913498332065052,unaltered,enrich,7
truth,13.709425734466734,unaltered,enrich,7
pw,13.032719925374755,base,none,7
beale,NA,base,none,7
rating,14.490273472328774,base,none,7
composite,14.618189912363722,base,none,7
truth,15.543452993991089,base,none,7
pw,6.8059137653539015,storm,none,7
beale,NA,storm,none,7
rating,13.15042373310402,storm,none,7
composite,13.395233648282183,storm,none,7
truth,13.693785367875481,storm,none,7
pw,10.707547690172689,unaltered,none,7
beale,NA,unaltered,none,7
rating,12.61375110642972,unaltered,none,7
composite,12.735355010633851,unaltered,none,7
truth,13.498434494580227,unaltered,none,7
pw,13.506806463245564,base,chemostatic,7
beale,NA,base,chemostatic,7
rating,15.473090337067548,base,chemostatic,7
composite,15.463000211139944,base,chemostatic,7
truth,15.55378479809912,base,chemostatic,7
pw,7.053490028216862,storm,chemostatic,7
beale,NA,storm,chemostatic,7
rating,13.977248167943044,storm,chemostatic,7
composite,13.947501119759405,storm,chemostatic,7
truth,13.717829779522853,storm,chemostatic,7
pw,11.097052278822442,unaltered,chemostatic,7
beale,NA,unaltered,chemostatic,7
rating,13.48834579135015,unaltered,chemostatic,7
composite,13.47482413002665,unaltered,chemostatic,7
truth,13.513010854848984,unaltered,chemostatic,7
pw,15.51046913053294,base,dilution,8
beale,NA,base,dilution,8
rating,12.25806576649189,base,dilution,8
composite,12.34360226146571,base,dilution,8
truth,12.712206758543442,base,dilution,8
pw,34.782216315462755,storm,dilution,8
beale,NA,storm,dilution,8
rating,12.850997285028537,storm,dilution,8
composite,12.739651271034269,storm,dilution,8
truth,18.703457072175826,storm,dilution,8
pw,16.45483081425322,unaltered,dilution,8
beale,NA,unaltered,dilution,8
rating,12.261285096284906,unaltered,dilution,8
composite,12.4915789053129,unaltered,dilution,8
truth,14.139282110982084,unaltered,dilution,8
pw,6.943498821963635,base,enrich,8
beale,NA,base,enrich,8
rating,16.65396851984756,base,enrich,8
composite,16.68275128940013,base,enrich,8
truth,14.86437501585476,base,enrich,8
pw,1.6974899045810175,storm,enrich,8
beale,NA,storm,enrich,8
rating,71.164728949282,storm,enrich,8
composite,71.54426711459732,storm,enrich,8
truth,78.1010501428146,storm,enrich,8
pw,4.201920459260737,unaltered,enrich,8
beale,NA,unaltered,enrich,8
rating,15.132742563115713,unaltered,enrich,8
composite,15.24117825167455,unaltered,enrich,8
truth,14.202167098620784,unaltered,enrich,8
pw,15.641618818456568,base,none,8
beale,NA,base,none,8
rating,17.062517306975913,base,none,8
composite,17.344407108687044,base,none,8
truth,16.172168671701364,base,none,8
pw,7.9383442131803,storm,none,8
beale,NA,storm,none,8
rating,14.002490675240283,storm,none,8
composite,13.896936075948117,storm,none,8
truth,13.73684066348891,storm,none,8
pw,12.438349043436714,unaltered,none,8
beale,NA,unaltered,none,8
rating,14.212857169408466,unaltered,none,8
composite,14.405222473261368,unaltered,none,8
truth,13.564555169383446,unaltered,none,8
pw,14.288102239146063,base,chemostatic,8
beale,NA,base,chemostatic,8
rating,16.115594210077138,base,chemostatic,8
composite,16.15973116781895,base,chemostatic,8
truth,16.169846992289262,base,chemostatic,8
pw,7.251415281493589,storm,chemostatic,8
beale,NA,storm,chemostatic,8
rating,13.67445630462316,storm,chemostatic,8
composite,13.791015873518514,storm,chemostatic,8
truth,13.831821139988998,storm,chemostatic,8
pw,11.362021084998219,unaltered,chemostatic,8
beale,NA,unaltered,chemostatic,8
rating,13.50580502683858,unaltered,chemostatic,8
composite,13.556328390408861,unaltered,chemostatic,8
truth,13.573917115340116,unaltered,chemostatic,8
pw,13.765594485338625,base,dilution,9
beale,NA,base,dilution,9
rating,11.583514817929,base,dilution,9
composite,11.949555690829097,base,dilution,9
truth,12.405384631970376,base,dilution,9
pw,34.845606315367235,storm,dilution,9
beale,NA,storm,dilution,9
rating,12.418051744222474,storm,dilution,9
composite,12.675326665747535,storm,dilution,9
truth,17.3623100617163,storm,dilution,9
pw,16.439643279783,unaltered,dilution,9
beale,NA,unaltered,dilution,9
rating,11.962913867375008,unaltered,dilution,9
composite,12.163860259558234,unaltered,dilution,9
truth,13.643861387223634,unaltered,dilution,9
pw,4.759801553788445,base,enrich,9
beale,NA,base,enrich,9
rating,14.645117815712734,base,enrich,9
composite,14.907006946265136,base,enrich,9
truth,14.71787856392682,base,enrich,9
pw,1.5317557249008185,storm,enrich,9
beale,NA,storm,enrich,9
rating,54.65619965496652,storm,enrich,9
composite,54.80201934592032,storm,enrich,9
truth,75.26358318628397,storm,enrich,9
pw,3.9170534300962783,unaltered,enrich,9
beale,NA,unaltered,enrich,9
rating,12.00765969080074,unaltered,enrich,9
composite,12.071494900784264,unaltered,enrich,9
truth,13.863764474921517,unaltered,enrich,9
pw,13.997511414606764,base,none,9
beale,NA,base,none,9
rating,14.925098412939507,base,none,9
composite,15.647929119788758,base,none,9
truth,15.94633730109545,base,none,9
pw,7.200645786965842,storm,none,9
beale,NA,storm,none,9
rating,11.996596515454161,storm,none,9
composite,12.769255494070938,storm,none,9
truth,13.776800703747153,storm,none,9
pw,11.401447469391961,unaltered,none,9
beale,NA,unaltered,none,9
rating,12.55017562231162,unaltered,none,9
composite,13.189294118288448,unaltered,none,9
truth,13.564133399549469,unaltered,none,9
pw,13.858114107881836,base,chemostatic,9
beale,NA,base,chemostatic,9
rating,15.773266469120756,base,chemostatic,9
composite,15.768963111658469,base,chemostatic,9
truth,15.934722668583841,base,chemostatic,9
pw,7.128936566687171,storm,chemostatic,9
beale,NA,storm,chemostatic,9
rating,13.434890065574033,storm,chemostatic,9
composite,13.365605380704826,storm,chemostatic,9
truth,13.747061029891674,storm,chemostatic,9
pw,11.287903638426373,unaltered,chemostatic,9
beale,NA,unaltered,chemostatic,9
rating,13.393711070210232,unaltered,chemostatic,9
composite,13.378772914136237,unaltered,chemostatic,9
truth,13.551842280097746,unaltered,chemostatic,9
pw,15.046893318295927,base,dilution,10
beale,NA,base,dilution,10
rating,11.887004824394483,base,dilution,10
composite,11.963802023225595,base,dilution,10
truth,12.360172835452078,base,dilution,10
pw,34.39308172448766,storm,dilution,10
beale,NA,storm,dilution,10
rating,12.486984159854577,storm,dilution,10
composite,11.61651464484991,storm,dilution,10
truth,17.333158466898634,storm,dilution,10
pw,16.09362340327761,unaltered,dilution,10
beale,NA,unaltered,dilution,10
rating,11.929933684977115,unaltered,dilution,10
composite,11.935286868276775,unaltered,dilution,10
truth,13.40517852772811,unaltered,dilution,10
pw,6.069922144433418,base,enrich,10
beale,NA,base,enrich,10
rating,14.259858204839297,base,enrich,10
composite,14.314365275590184,base,enrich,10
truth,14.326405240326189,base,enrich,10
pw,1.4957192399513564,storm,enrich,10
beale,NA,storm,enrich,10
rating,63.21826176625612,storm,enrich,10
composite,63.46448193811217,storm,enrich,10
truth,75.65159828566314,storm,enrich,10
pw,3.8135605020321197,unaltered,enrich,10
beale,NA,unaltered,enrich,10
rating,13.490670171072447,unaltered,enrich,10
composite,13.537814936176332,unaltered,enrich,10
truth,13.76944011577425,unaltered,enrich,10
pw,14.41366989473649,base,none,10
beale,NA,base,none,10
rating,15.617502515056286,base,none,10
composite,16.030862151186902,base,none,10
truth,15.77606544933825,base,none,10
pw,7.444274048569124,storm,none,10
beale,NA,storm,none,10
rating,13.262896753497438,storm,none,10
composite,13.650674810935683,storm,none,10
truth,13.717134788946634,storm,none,10
pw,11.71222123538002,unaltered,none,10
beale,NA,unaltered,none,10
rating,13.300749810541149,unaltered,none,10
composite,13.658790034550806,unaltered,none,10
truth,13.522758506989927,unaltered,none,10
pw,13.861832533951564,base,chemostatic,10
beale,NA,base,chemostatic,10
rating,15.714016000967828,base,chemostatic,10
composite,15.726714621924412,base,chemostatic,10
truth,15.788728549116044,base,chemostatic,10
pw,7.159264847309265,storm,chemostatic,10
beale,NA,storm,chemostatic,10
rating,13.669870758445924,storm,chemostatic,10
composite,13.692530598688883,storm,chemostatic,10
truth,13.746855014245982,storm,chemostatic,10
pw,11.26381071240686,unaltered,chemostatic,10
beale,NA,unaltered,chemostatic,10
rating,13.469976195583783,unaltered,chemostatic,10
composite,13.483015711733412,unaltered,chemostatic,10
truth,13.53494199329244,unaltered,chemostatic,10
pw,14.779099152723457,base,dilution,11
beale,NA,base,dilution,11
rating,11.979564316618086,base,dilution,11
composite,11.997707819937535,base,dilution,11
truth,12.39382262882835,base,dilution,11
pw,34.29111496242921,storm,dilution,11
beale,NA,storm,dilution,11
rating,12.686500138889091,storm,dilution,11
composite,12.422452283651186,storm,dilution,11
truth,17.16714399866671,storm,dilution,11
pw,16.18256615370887,unaltered,dilution,11
beale,NA,unaltered,dilution,11
rating,12.124728039298306,unaltered,dilution,11
composite,12.224743243037379,unaltered,dilution,11
truth,13.66202761203476,unaltered,dilution,11
pw,5.547883981915388,base,enrich,11
beale,NA,base,enrich,11
rating,14.625525178916702,base,enrich,11
composite,14.655369726553635,base,enrich,11
truth,14.07294611572842,base,enrich,11
pw,1.5436880183484312,storm,enrich,11
beale,NA,storm,enrich,11
rating,58.50953812769664,storm,enrich,11
composite,58.592841138432256,storm,enrich,11
truth,75.213463125682,storm,enrich,11
pw,3.9792019720103076,unaltered,enrich,11
beale,NA,unaltered,enrich,11
rating,12.686542002740849,unaltered,enrich,11
composite,12.656247443004702,unaltered,enrich,11
truth,13.806462167890297,unaltered,enrich,11
pw,14.348380174557231,base,none,11
beale,NA,base,none,11
rating,15.67946413915534,base,none,11
composite,16.167145978878587,base,none,11
truth,15.839088156927392,base,none,11
pw,7.463424027901866,storm,none,11
beale,NA,storm,none,11
rating,13.434518427480944,storm,none,11
composite,13.768209185547914,storm,none,11
truth,13.781671634681866,storm,none,11
pw,11.78104368828699,unaltered,none,11
beale,NA,unaltered,none,11
rating,13.453691552965841,unaltered,none,11
composite,13.854225100918734,unaltered,none,11
truth,13.588551785431793,unaltered,none,11
pw,13.794195958813539,base,chemostatic,11
beale,NA,base,chemostatic,11
rating,15.840318114512478,base,chemostatic,11
composite,15.872869178316376,base,chemostatic,11
truth,15.769398487592204,base,chemostatic,11
pw,7.17516070191336,storm,chemostatic,11
beale,NA,storm,chemostatic,11
rating,13.74120404375402,storm,chemostatic,11
composite,13.76108263384807,storm,chemostatic,11
truth,13.691525586628105,storm,chemostatic,11
pw,11.326018913531401,unaltered,chemostatic,11
beale,NA,unaltered,chemostatic,11
rating,13.579045803575376,unaltered,chemostatic,11
composite,13.611053877064935,unaltered,chemostatic,11
truth,13.525817885996823,unaltered,chemostatic,11
pw,13.804703947156678,base,dilution,12
beale,NA,base,dilution,12
rating,11.789868338811091,base,dilution,12
composite,11.926956469066837,base,dilution,12
truth,12.318984054556399,base,dilution,12
pw,28.89325172440902,storm,dilution,12
beale,NA,storm,dilution,12
rating,12.447076770405445,storm,dilution,12
composite,14.343405389763147,storm,dilution,12
truth,18.628904366381057,storm,dilution,12
pw,15.38684672381355,unaltered,dilution,12
beale,NA,unaltered,dilution,12
rating,11.867366027912547,unaltered,dilution,12
composite,12.315041324549641,unaltered,dilution,12
truth,13.545910927216042,unaltered,dilution,12
pw,5.031263535496517,base,enrich,12
beale,NA,base,enrich,12
rating,15.019017352832464,base,enrich,12
composite,15.204281957663511,base,enrich,12
truth,13.648778519133451,base,enrich,12
pw,1.1037902893526736,storm,enrich,12
beale,NA,storm,enrich,12
rating,72.59709076478754,storm,enrich,12
composite,72.89971253152056,storm,enrich,12
truth,74.06380007907424,storm,enrich,12
pw,3.5052752812041477,unaltered,enrich,12
beale,NA,unaltered,enrich,12
rating,15.251142276107121,unaltered,enrich,12
composite,15.332264368401363,unaltered,enrich,12
truth,13.60588978464713,unaltered,enrich,12
pw,14.063262968131864,base,none,12
beale,NA,base,none,12
rating,15.991545246347606,base,none,12
composite,16.204021994170592,base,none,12
truth,15.649756346314083,base,none,12
pw,7.318256980230723,storm,none,12
beale,NA,storm,none,12
rating,14.544398454508938,storm,none,12
composite,14.692639932631494,storm,none,12
truth,13.79529539231378,storm,none,12
pw,11.535851031942144,unaltered,none,12
beale,NA,unaltered,none,12
rating,13.907650264907803,unaltered,none,12
composite,14.078999774157317,unaltered,none,12
truth,13.540676219736504,unaltered,none,12
pw,13.636917873802227,base,chemostatic,12
beale,NA,base,chemostatic,12
rating,15.454890595060075,base,chemostatic,12
composite,15.421058714002536,base,chemostatic,12
truth,15.62591548240703,base,chemostatic,12
pw,7.096395029015323,storm,chemostatic,12
beale,NA,storm,chemostatic,12
rating,13.58323239206057,storm,chemostatic,12
composite,13.55890424701958,storm,chemostatic,12
truth,13.707486560708693,storm,chemostatic,12
pw,11.18612753551524,unaltered,chemostatic,12
beale,NA,unaltered,chemostatic,12
rating,13.368910041248274,unaltered,chemostatic,12
composite,13.334837456695546,unaltered,chemostatic,12
truth,13.511982799833236,unaltered,chemostatic,12
pw,15.649747401007703,base,dilution,13
beale,NA,base,dilution,13
rating,12.617964680211728,base,dilution,13
composite,12.708700646223633,base,dilution,13
truth,12.574937992771382,base,dilution,13
pw,36.258904948804826,storm,dilution,13
beale,NA,storm,dilution,13
rating,13.282147400758285,storm,dilution,13
composite,12.311682335020471,storm,dilution,13
truth,17.529610041968503,storm,dilution,13
pw,16.82954926499522,unaltered,dilution,13
beale,NA,unaltered,dilution,13
rating,12.547290064974392,unaltered,dilution,13
composite,12.684603255871222,unaltered,dilution,13
truth,13.88544770775471,unaltered,dilution,13
pw,6.509727063276643,base,enrich,13
beale,NA,base,enrich,13
rating,14.512281556600481,base,enrich,13
composite,14.60867300712782,base,enrich,13
truth,15.102430486051658,base,enrich,13
pw,1.5456371330646137,storm,enrich,13
beale,NA,storm,enrich,13
rating,61.901826399820955,storm,enrich,13
composite,62.145549718826146,storm,enrich,13
truth,78.17758221282874,storm,enrich,13
pw,4.004772316270485,unaltered,enrich,13
beale,NA,unaltered,enrich,13
rating,13.800885100455773,unaltered,enrich,13
composite,13.797080628771132,unaltered,enrich,13
truth,14.10977306123649,unaltered,enrich,13
pw,14.185676892045613,base,none,13
beale,NA,base,none,13
rating,16.0810911755105,base,none,13
composite,16.97597739653462,base,none,13
truth,16.017797121890503,base,none,13
pw,7.226309384819163,storm,none,13
beale,NA,storm,none,13
rating,14.939189932783059,storm,none,13
composite,15.567623471135914,storm,none,13
truth,13.823193292676029,storm,none,13
pw,11.366490653057614,unaltered,none,13
beale,NA,unaltered,none,13
rating,13.782538207098224,unaltered,none,13
composite,14.509609243795886,unaltered,none,13
truth,13.577509205187805,unaltered,none,13
pw,14.142210449969914,base,chemostatic,13
beale,NA,base,chemostatic,13
rating,16.14386676391221,base,chemostatic,13
composite,16.078710874254696,base,chemostatic,13
truth,16.001784522838506,base,chemostatic,13
pw,7.204167194447376,storm,chemostatic,13
beale,NA,storm,chemostatic,13
rating,14.10777079075412,storm,chemostatic,13
composite,13.958887404961986,storm,chemostatic,13
truth,13.81710363443294,storm,chemostatic,13
pw,11.331662501300391,unaltered,chemostatic,13
beale,NA,unaltered,chemostatic,13
rating,13.702444166801603,unaltered,chemostatic,13
composite,13.633317147372383,unaltered,chemostatic,13
truth,13.561118134764135,unaltered,chemostatic,13
pw,15.505255782433798,base,dilution,14
beale,NA,base,dilution,14
rating,12.197898899528187,base,dilution,14
composite,12.357995347220198,base,dilution,14
truth,12.673066371239472,base,dilution,14
pw,36.76477064070755,storm,dilution,14
beale,NA,storm,dilution,14
rating,13.159689702991331,storm,dilution,14
composite,12.7933396452123,storm,dilution,14
truth,17.819158387834918,storm,dilution,14
pw,17.139681323403853,unaltered,dilution,14
beale,NA,unaltered,dilution,14
rating,12.537109684791696,unaltered,dilution,14
composite,12.739060165386277,unaltered,dilution,14
truth,13.934052565675437,unaltered,dilution,14
pw,6.936148046240193,base,enrich,14
beale,NA,base,enrich,14
rating,15.038383749850649,base,enrich,14
composite,15.091879196362472,base,enrich,14
truth,15.309564959598264,base,enrich,14
pw,1.6613498956545256,storm,enrich,14
beale,NA,storm,enrich,14
rating,67.48781440944218,storm,enrich,14
composite,67.6803847721325,storm,enrich,14
truth,78.46241328506305,storm,enrich,14
pw,4.157328570796439,unaltered,enrich,14
beale,NA,unaltered,enrich,14
rating,14.357905164766704,unaltered,enrich,14
composite,14.33824421621657,unaltered,enrich,14
truth,14.245285276360141,unaltered,enrich,14
pw,13.976819480759403,base,none,14
beale,NA,base,none,14
rating,15.59112541273342,base,none,14
composite,15.956571242996015,base,none,14
truth,16.132824625369498,base,none,14
pw,7.061444801323556,storm,none,14
beale,NA,storm,none,14
rating,13.528956621002811,storm,none,14
composite,13.750825052946443,storm,none,14
truth,13.800161769730915,storm,none,14
pw,11.112682374440858,unaltered,none,14
beale,NA,unaltered,none,14
rating,13.166555556794071,unaltered,none,14
composite,13.448835751842081,unaltered,none,14
truth,13.586391764819405,unaltered,none,14
pw,14.196968586154457,base,chemostatic,14
beale,NA,base,chemostatic,14
rating,16.260967538527186,base,chemostatic,14
composite,16.30390484858679,base,chemostatic,14
truth,16.112281352182396,base,chemostatic,14
pw,7.1726697304247695,storm,chemostatic,14
beale,NA,storm,chemostatic,14
rating,14.153364105850278,storm,chemostatic,14
composite,14.171941682760943,storm,chemostatic,14
truth,13.76008643814411,storm,chemostatic,14
pw,11.28771841083242,unaltered,chemostatic,14
beale,NA,unaltered,chemostatic,14
rating,13.735205048755935,unaltered,chemostatic,14
composite,13.771612786441857,unaltered,chemostatic,14
truth,13.564347132069468,unaltered,chemostatic,14
pw,14.736864286141584,base,dilution,15
beale,NA,base,dilution,15
rating,12.04925596059168,base,dilution,15
composite,12.1282961256786,base,dilution,15
truth,12.393124269332489,base,dilution,15
pw,30.428807507366056,storm,dilution,15
beale,NA,storm,dilution,15
rating,12.413371090707049,storm,dilution,15
composite,11.560639264537805,storm,dilution,15
truth,17.26973395748915,storm,dilution,15
pw,15.576199347615807,unaltered,dilution,15
beale,NA,unaltered,dilution,15
rating,11.823048022532907,unaltered,dilution,15
composite,12.132570248812787,unaltered,dilution,15
truth,13.490793834683165,unaltered,dilution,15
pw,5.352478933118887,base,enrich,15
beale,NA,base,enrich,15
rating,13.303633134006168,base,enrich,15
composite,13.614977173472443,base,enrich,15
truth,14.750632079251927,base,enrich,15
pw,1.1899002367963896,storm,enrich,15
beale,NA,storm,enrich,15
rating,52.03379000793656,storm,enrich,15
composite,52.652554360596376,storm,enrich,15
truth,76.98211853411267,storm,enrich,15
pw,3.6231274657212875,unaltered,enrich,15
beale,NA,unaltered,enrich,15
rating,11.946426671585346,unaltered,enrich,15
composite,12.227965653689862,unaltered,enrich,15
truth,13.908639511147129,unaltered,enrich,15
pw,13.552899085791404,base,none,15
beale,NA,base,none,15
rating,15.035062470822751,base,none,15
composite,15.624489175485836,base,none,15
truth,15.840014325757902,base,none,15
pw,7.016221757227256,storm,none,15
beale,NA,storm,none,15
rating,12.9643072480625,storm,none,15
composite,13.48937274172738,storm,none,15
truth,13.670105923038264,storm,none,15
pw,11.042468482994702,unaltered,none,15
beale,NA,unaltered,none,15
rating,12.799811197456897,unaltered,none,15
composite,13.322679000700035,unaltered,none,15
truth,13.486811077784706,unaltered,none,15
pw,13.728831926391944,base,chemostatic,15
beale,NA,base,chemostatic,15
rating,15.660379809642281,base,chemostatic,15
composite,15.55630055172383,base,chemostatic,15
truth,15.910732851038265,base,chemostatic,15
pw,7.107300707658343,storm,chemostatic,15
beale,NA,storm,chemostatic,15
rating,13.496585417178878,storm,chemostatic,15
composite,13.260217856149962,storm,chemostatic,15
truth,13.795172438692786,storm,chemostatic,15
pw,11.185812931673723,unaltered,chemostatic,15
beale,NA,unaltered,chemostatic,15
rating,13.326957491065004,unaltered,chemostatic,15
composite,13.210822848714812,unaltered,chemostatic,15
truth,13.555473433531445,unaltered,chemostatic,15
pw,15.380460696797584,base,dilution,16
beale,NA,base,dilution,16
rating,12.35364645617548,base,dilution,16
composite,12.289312220818175,base,dilution,16
truth,12.556247076628697,base,dilution,16
pw,34.66970187171517,storm,dilution,16
beale,NA,storm,dilution,16
rating,12.944386409574717,storm,dilution,16
composite,12.169776065383928,storm,dilution,16
truth,17.677180033914603,storm,dilution,16
pw,16.480638025906003,unaltered,dilution,16
beale,NA,unaltered,dilution,16
rating,12.334668652748327,unaltered,dilution,16
composite,12.376003865425993,unaltered,dilution,16
truth,13.640547012499848,unaltered,dilution,16
pw,6.4276316402705715,base,enrich,16
beale,NA,base,enrich,16
rating,14.989204262347975,base,enrich,16
composite,14.894762201563495,base,enrich,16
truth,14.565692584328971,base,enrich,16
pw,1.5908876113585237,storm,enrich,16
beale,NA,storm,enrich,16
rating,66.89276732267102,storm,enrich,16
composite,67.06216412461396,storm,enrich,16
truth,77.59842506438031,storm,enrich,16
pw,4.0667780404604645,unaltered,enrich,16
beale,NA,unaltered,enrich,16
rating,14.213014692551624,unaltered,enrich,16
composite,14.1859864546296,unaltered,enrich,16
truth,14.026028118558802,unaltered,enrich,16
pw,13.260993323128814,base,none,16
beale,NA,base,none,16
rating,14.54563683328863,base,none,16
composite,15.456590041876835,base,none,16
truth,15.941548574509675,base,none,16
pw,6.815587599931702,storm,none,16
beale,NA,storm,none,16
rating,12.566097369808169,storm,none,16
composite,13.874611047895767,storm,none,16
truth,13.809407577397746,storm,none,16
pw,10.69287266477859,unaltered,none,16
beale,NA,unaltered,none,16
rating,12.343878306480802,unaltered,none,16
composite,13.191688863056953,unaltered,none,16
truth,13.5336260714076,unaltered,none,16
pw,14.176473617529572,base,chemostatic,16
beale,NA,base,chemostatic,16
rating,16.067843132810353,base,chemostatic,16
composite,16.08552642217106,base,chemostatic,16
truth,15.968498873923654,base,chemostatic,16
pw,7.286105606423503,storm,chemostatic,16
beale,NA,storm,chemostatic,16
rating,13.863551684113048,storm,chemostatic,16
composite,13.903195515768617,storm,chemostatic,16
truth,13.828667445990115,storm,chemostatic,16
pw,11.431061273777276,unaltered,chemostatic,16
beale,NA,unaltered,chemostatic,16
rating,13.635764651401713,unaltered,chemostatic,16
composite,13.651861504889958,unaltered,chemostatic,16
truth,13.556179866649638,unaltered,chemostatic,16
pw,14.886816094298279,base,dilution,17
beale,NA,base,dilution,17
rating,11.888743905983167,base,dilution,17
composite,11.967068191562989,base,dilution,17
truth,12.484881113227182,base,dilution,17
pw,33.739402304018135,storm,dilution,17
beale,NA,storm,dilution,17
rating,12.529006687763102,storm,dilution,17
composite,11.706917335411047,storm,dilution,17
truth,17.7051482030617,storm,dilution,17
pw,15.996098186512935,unaltered,dilution,17
beale,NA,unaltered,dilution,17
rating,11.943022590187342,unaltered,dilution,17
composite,12.000058102651856,unaltered,dilution,17
truth,13.815192748887961,unaltered,dilution,17
pw,6.097382272152229,base,enrich,17
beale,NA,base,enrich,17
rating,15.389815588286472,base,enrich,17
composite,15.297008775819531,base,enrich,17
truth,14.789051397068258,base,enrich,17
pw,1.5096868242426016,storm,enrich,17
beale,NA,storm,enrich,17
rating,72.95407082378641,storm,enrich,17
composite,72.87753518529044,storm,enrich,17
truth,77.44726237288293,storm,enrich,17
pw,3.8843389754539515,unaltered,enrich,17
beale,NA,unaltered,enrich,17
rating,15.119376697722654,unaltered,enrich,17
composite,14.967890174574213,unaltered,enrich,17
truth,14.018406453032158,unaltered,enrich,17
pw,13.139061261479712,base,none,17
beale,NA,base,none,17
rating,14.180764462701132,base,none,17
composite,14.90903575119487,base,none,17
truth,15.954406213413414,base,none,17
pw,6.712895599721001,storm,none,17
beale,NA,storm,none,17
rating,12.260262274349257,storm,none,17
composite,12.577745164817138,storm,none,17
truth,13.734401974818915,storm,none,17
pw,10.568449781132427,unaltered,none,17
beale,NA,unaltered,none,17
rating,12.087695170987669,unaltered,none,17
composite,12.671189617567961,unaltered,none,17
truth,13.524879980845908,unaltered,none,17
pw,14.123701940902253,base,chemostatic,17
beale,NA,base,chemostatic,17
rating,16.06653513253973,base,chemostatic,17
composite,16.117531292786143,base,chemostatic,17
truth,15.985841120474625,base,chemostatic,17
pw,7.21595970397174,storm,chemostatic,17
beale,NA,storm,chemostatic,17
rating,13.860888424474767,storm,chemostatic,17
composite,14.019987596950878,storm,chemostatic,17
truth,13.7776286318748,storm,chemostatic,17
pw,11.360448948032216,unaltered,chemostatic,17
beale,NA,unaltered,chemostatic,17
rating,13.62645200196903,unaltered,chemostatic,17
composite,13.683248466446564,unaltered,chemostatic,17
truth,13.553816833136302,unaltered,chemostatic,17
pw,15.058496064582481,base,dilution,18
beale,NA,base,dilution,18
rating,12.029267937655952,base,dilution,18
composite,11.935477062236098,base,dilution,18
truth,12.321451005706416,base,dilution,18
pw,33.98799743859597,storm,dilution,18
beale,NA,storm,dilution,18
rating,12.307010035780005,storm,dilution,18
composite,11.971058605285434,storm,dilution,18
truth,17.238561716739422,storm,dilution,18
pw,16.02068642648876,unaltered,dilution,18
beale,NA,unaltered,dilution,18
rating,11.757389225407815,unaltered,dilution,18
composite,11.936130094210673,unaltered,dilution,18
truth,13.700130075344163,unaltered,dilution,18
pw,6.176298399775871,base,enrich,18
beale,NA,base,enrich,18
rating,14.260453939806213,base,enrich,18
composite,14.274535995474896,base,enrich,18
truth,13.87141344365843,base,enrich,18
pw,1.5579548945322848,storm,enrich,18
beale,NA,storm,enrich,18
rating,62.9484503117035,storm,enrich,18
composite,63.19347290273235,storm,enrich,18
truth,74.4538454936514,storm,enrich,18
pw,4.0524157655026265,unaltered,enrich,18
beale,NA,unaltered,enrich,18
rating,13.816224894979634,unaltered,enrich,18
composite,13.867061574586259,unaltered,enrich,18
truth,13.691438656849002,unaltered,enrich,18
pw,13.643636018216641,base,none,18
beale,NA,base,none,18
rating,14.928612972653434,base,none,18
composite,15.259192535267385,base,none,18
truth,15.706648792637885,base,none,18
pw,7.05633172540341,storm,none,18
beale,NA,storm,none,18
rating,13.11556725697397,storm,none,18
composite,13.611101612318384,storm,none,18
truth,13.768666067415424,storm,none,18
pw,11.127415487798386,unaltered,none,18
beale,NA,unaltered,none,18
rating,12.858812387222775,unaltered,none,18
composite,13.169167697679457,unaltered,none,18
truth,13.552156559927798,unaltered,none,18
pw,13.835632923339372,base,chemostatic,18
beale,NA,base,chemostatic,18
rating,15.7036161061241,base,chemostatic,18
composite,15.709365216973522,base,chemostatic,18
truth,15.688631914427548,base,chemostatic,18
pw,7.1556303178745,storm,chemostatic,18
beale,NA,storm,chemostatic,18
rating,13.798236789640887,storm,chemostatic,18
composite,13.846322009764773,storm,chemostatic,18
truth,13.723362805055446,storm,chemostatic,18
pw,11.284003462794166,unaltered,chemostatic,18
beale,NA,unaltered,chemostatic,18
rating,13.554000062496648,unaltered,chemostatic,18
composite,13.567134999581066,unaltered,chemostatic,18
truth,13.531179771204672,unaltered,chemostatic,18
pw,14.805391843243852,base,dilution,19
beale,NA,base,dilution,19
rating,11.932698290171073,base,dilution,19
composite,11.832614505891332,base,dilution,19
truth,12.268269666400503,base,dilution,19
pw,34.06307653849687,storm,dilution,19
beale,NA,storm,dilution,19
rating,12.676148037930952,storm,dilution,19
composite,11.771051271796884,storm,dilution,19
truth,17.09774607136385,storm,dilution,19
pw,16.14494042776936,unaltered,dilution,19
beale,NA,unaltered,dilution,19
rating,12.097343208621437,unaltered,dilution,19
composite,12.1193158390663,unaltered,dilution,19
truth,13.353006798875262,unaltered,dilution,19
pw,5.613428994792129,base,enrich,19
beale,NA,base,enrich,19
rating,12.724098081384025,base,enrich,19
composite,12.789202539019358,base,enrich,19
truth,13.998235364295024,base,enrich,19
pw,1.4320433912419241,storm,enrich,19
beale,NA,storm,enrich,19
rating,56.264564896540094,storm,enrich,19
composite,56.44170410985371,storm,enrich,19
truth,75.36653455573635,storm,enrich,19
pw,3.770898391575289,unaltered,enrich,19
beale,NA,unaltered,enrich,19
rating,12.394642177957444,unaltered,enrich,19
composite,12.43450536050097,unaltered,enrich,19
truth,13.71355088363295,unaltered,enrich,19
pw,14.604187379438367,base,none,19
beale,NA,base,none,19
rating,15.304904070050886,base,none,19
composite,15.73989786610382,base,none,19
truth,15.690066467610206,base,none,19
pw,7.544223552869198,storm,none,19
beale,NA,storm,none,19
rating,12.552564762260827,storm,none,19
composite,12.8960630153177,storm,none,19
truth,13.718770164607815,storm,none,19
pw,11.890415742295994,unaltered,none,19
beale,NA,unaltered,none,19
rating,13.057400284600197,unaltered,none,19
composite,13.4187912911827,unaltered,none,19
truth,13.526460848216546,unaltered,none,19
pw,13.934677204398128,base,chemostatic,19
beale,NA,base,chemostatic,19
rating,15.847537173061669,base,chemostatic,19
composite,15.903071435673956,base,chemostatic,19
truth,15.700000744422677,base,chemostatic,19
pw,7.198368333390466,storm,chemostatic,19
beale,NA,storm,chemostatic,19
rating,13.959814811320491,storm,chemostatic,19
composite,14.046037482617004,storm,chemostatic,19
truth,13.749632336140559,storm,chemostatic,19
pw,11.345314935377154,unaltered,chemostatic,19
beale,NA,unaltered,chemostatic,19
rating,13.67772578352878,unaltered,chemostatic,19
composite,13.733550423615931,unaltered,chemostatic,19
truth,13.537552257738502,unaltered,chemostatic,19
pw,15.590863493934533,base,dilution,20
beale,NA,base,dilution,20
rating,12.456268178943896,base,dilution,20
composite,12.699630638402962,base,dilution,20
truth,12.569674933322975,base,dilution,20
pw,34.78445939961102,storm,dilution,20
beale,NA,storm,dilution,20
rating,13.145449216144309,storm,dilution,20
composite,13.109615825998782,storm,dilution,20
truth,17.265296532262088,storm,dilution,20
pw,16.626997545558847,unaltered,dilution,20
beale,NA,unaltered,dilution,20
rating,12.467675227533839,unaltered,dilution,20
composite,12.657721986243594,unaltered,dilution,20
truth,13.49148975042526,unaltered,dilution,20
pw,6.2825962583662065,base,enrich,20
beale,NA,base,enrich,20
rating,13.788307857395983,base,enrich,20
composite,13.717360721878679,base,enrich,20
truth,14.713689472822631,base,enrich,20
pw,1.393967550671478,storm,enrich,20
beale,NA,storm,enrich,20
rating,58.322594253014444,storm,enrich,20
composite,58.45995945239929,storm,enrich,20
truth,76.44514358839129,storm,enrich,20
pw,3.816999314854019,unaltered,enrich,20
beale,NA,unaltered,enrich,20
rating,12.998762916461445,unaltered,enrich,20
composite,12.991470944600282,unaltered,enrich,20
truth,13.982225760790012,unaltered,enrich,20
pw,14.338500795317852,base,none,20
beale,NA,base,none,20
rating,14.653248528884548,base,none,20
composite,15.43364419073894,base,none,20
truth,16.01387064653539,base,none,20
pw,7.302401582419168,storm,none,20
beale,NA,storm,none,20
rating,11.180529982743547,storm,none,20
composite,12.092310878271578,storm,none,20
truth,13.828275806050707,storm,none,20
pw,11.496171322356485,unaltered,none,20
beale,NA,unaltered,none,20
rating,12.197745782074524,unaltered,none,20
composite,12.902836438319994,unaltered,none,20
truth,13.582838229236673,unaltered,none,20
pw,14.12930932908058,base,chemostatic,20
beale,NA,base,chemostatic,20
rating,16.035936136613238,base,chemostatic,20
composite,15.994463279805402,base,chemostatic,20
truth,15.999353520271919,base,chemostatic,20
pw,7.195863240936599,storm,chemostatic,20
beale,NA,storm,chemostatic,20
rating,13.873764406154228,storm,chemostatic,20
composite,13.696072546762753,storm,chemostatic,20
truth,13.800740044503252,storm,chemostatic,20
pw,11.328448003902999,unaltered,chemostatic,20
beale,NA,unaltered,chemostatic,20
rating,13.608589534087885,unaltered,chemostatic,20
composite,13.553160387782556,unaltered,chemostatic,20
truth,13.571619554159454,unaltered,chemostatic,20
pw,14.835975791516367,base,dilution,21
beale,NA,base,dilution,21
rating,12.09333483621878,base,dilution,21
composite,12.25058327984043,base,dilution,21
truth,12.578023789842254,base,dilution,21
pw,34.54832867368149,storm,dilution,21
beale,NA,storm,dilution,21
rating,12.829361963543239,storm,dilution,21
composite,12.837029565911955,storm,dilution,21
truth,17.54277944244657,storm,dilution,21
pw,16.24440116896244,unaltered,dilution,21
beale,NA,unaltered,dilution,21
rating,12.164108053952003,unaltered,dilution,21
composite,12.385737047543364,unaltered,dilution,21
truth,13.744891665712004,unaltered,dilution,21
pw,5.678274846249369,base,enrich,21
beale,NA,base,enrich,21
rating,13.576836315193319,base,enrich,21
composite,13.73734175403801,base,enrich,21
truth,14.790366919105036,base,enrich,21
pw,1.4658104624087926,storm,enrich,21
beale,NA,storm,enrich,21
rating,57.57690549177128,storm,enrich,21
composite,57.99603129212039,storm,enrich,21
truth,77.16734885658006,storm,enrich,21
pw,3.8522508789228986,unaltered,enrich,21
beale,NA,unaltered,enrich,21
rating,13.117266476599136,unaltered,enrich,21
composite,13.246679379495196,unaltered,enrich,21
truth,14.011795939684825,unaltered,enrich,21
pw,13.723981173744928,base,none,21
beale,NA,base,none,21
rating,14.663359857899657,base,none,21
composite,15.20042878838577,base,none,21
truth,16.045755795357667,base,none,21
pw,7.002785362377665,storm,none,21
beale,NA,storm,none,21
rating,11.947121318893288,storm,none,21
composite,12.555197476546487,storm,none,21
truth,13.764667157304727,storm,none,21
pw,11.023143813747767,unaltered,none,21
beale,NA,unaltered,none,21
rating,12.37634293688117,unaltered,none,21
composite,12.812744053935448,unaltered,none,21
truth,13.560119259394947,unaltered,none,21
pw,14.05816048618139,base,chemostatic,21
beale,NA,base,chemostatic,21
rating,15.756243160699782,base,chemostatic,21
composite,15.867567154604158,base,chemostatic,21
truth,16.048501940979968,base,chemostatic,21
pw,7.173303375184066,storm,chemostatic,21
beale,NA,storm,chemostatic,21
rating,13.303984034576004,storm,chemostatic,21
composite,13.604358229893046,storm,chemostatic,21
truth,13.786210911495935,storm,chemostatic,21
pw,11.291557663485019,unaltered,chemostatic,21
beale,NA,unaltered,chemostatic,21
rating,13.275888903313351,unaltered,chemostatic,21
composite,13.394242342684525,unaltered,chemostatic,21
truth,13.563741921471994,unaltered,chemostatic,21
pw,15.269649923357548,base,dilution,22
beale,NA,base,dilution,22
rating,11.982582229843972,base,dilution,22
composite,12.158527245557709,base,dilution,22
truth,12.56589658039778,base,dilution,22
pw,39.02892333985589,storm,dilution,22
beale,NA,storm,dilution,22
rating,13.19181796273118,storm,dilution,22
composite,12.165340917495538,storm,dilution,22
truth,17.75531592867482,storm,dilution,22
pw,18.035337096637804,unaltered,dilution,22
beale,NA,unaltered,dilution,22
rating,12.600410407490376,unaltered,dilution,22
composite,12.788554172432882,unaltered,dilution,22
truth,13.821489203274592,unaltered,dilution,22
pw,6.353833812852595,base,enrich,22
beale,NA,base,enrich,22
rating,14.513336050743632,base,enrich,22
composite,14.397450424344276,base,enrich,22
truth,14.720841930798224,base,enrich,22
pw,1.5675233397252686,storm,enrich,22
beale,NA,storm,enrich,22
rating,69.58636118129346,storm,enrich,22
composite,69.63971742757255,storm,enrich,22
truth,76.65855539893123,storm,enrich,22
pw,4.0355069939626915,unaltered,enrich,22
beale,NA,unaltered,enrich,22
rating,14.911853490765928,unaltered,enrich,22
composite,14.822529840859643,unaltered,enrich,22
truth,14.019178117381056,unaltered,enrich,22
pw,14.59070985460671,base,none,22
beale,NA,base,none,22
rating,15.386318194169768,base,none,22
composite,16.265405045732923,base,none,22
truth,16.02246696550496,base,none,22
pw,7.4291360996350075,storm,none,22
beale,NA,storm,none,22
rating,12.65162317741364,storm,none,22
composite,14.095581679932652,storm,none,22
truth,13.88428419099839,storm,none,22
pw,11.701570105306146,unaltered,none,22
beale,NA,unaltered,none,22
rating,12.941358553901189,unaltered,none,22
composite,13.792796809273096,unaltered,none,22
truth,13.609231734495543,unaltered,none,22
pw,14.177897433703615,base,chemostatic,22
beale,NA,base,chemostatic,22
rating,16.11801260353266,base,chemostatic,22
composite,16.03978294780568,base,chemostatic,22
truth,15.959330463379688,base,chemostatic,22
pw,7.218944841699697,storm,chemostatic,22
beale,NA,storm,chemostatic,22
rating,14.0366363900703,storm,chemostatic,22
composite,13.771076108338892,storm,chemostatic,22
truth,13.743733603623934,storm,chemostatic,22
pw,11.370499613762268,unaltered,chemostatic,22
beale,NA,unaltered,chemostatic,22
rating,13.697997708541244,unaltered,chemostatic,22
composite,13.604493981349513,unaltered,chemostatic,22
truth,13.544703472876778,unaltered,chemostatic,22
pw,14.631845415340358,base,dilution,23
beale,NA,base,dilution,23
rating,12.079990530641995,base,dilution,23
composite,12.276258734602001,base,dilution,23
truth,12.438729341900109,base,dilution,23
pw,35.16226429358378,storm,dilution,23
beale,NA,storm,dilution,23
rating,12.932380585661194,storm,dilution,23
composite,12.961041991709038,storm,dilution,23
truth,17.202252739461297,storm,dilution,23
pw,16.654970290389926,unaltered,dilution,23
beale,NA,unaltered,dilution,23
rating,12.355297277131655,unaltered,dilution,23
composite,12.585604829136692,unaltered,dilution,23
truth,13.474033955306174,unaltered,dilution,23
pw,5.7236071466109095,base,enrich,23
beale,NA,base,enrich,23
rating,16.60963830436789,base,enrich,23
composite,16.441035082396876,base,enrich,23
truth,15.001487537413869,base,enrich,23
pw,1.5252358804581914,storm,enrich,23
beale,NA,storm,enrich,23
rating,73.40968742714355,storm,enrich,23
composite,73.22642900547359,storm,enrich,23
truth,77.70474343613894,storm,enrich,23
pw,3.9707206586706496,unaltered,enrich,23
beale,NA,unaltered,enrich,23
rating,15.094249831078534,unaltered,enrich,23
composite,14.930066791054644,unaltered,enrich,23
truth,14.028729933144641,unaltered,enrich,23
pw,14.044811827876186,base,none,23
beale,NA,base,none,23
rating,17.47443756860172,base,none,23
composite,18.09849721101726,base,none,23
truth,15.860508715137646,base,none,23
pw,7.229210519481619,storm,none,23
beale,NA,storm,none,23
rating,17.366052333477956,storm,none,23
composite,18.0949176817818,storm,none,23
truth,13.703730879622396,storm,none,23
pw,11.394587329037115,unaltered,none,23
beale,NA,unaltered,none,23
rating,15.20532049832426,unaltered,none,23
composite,15.742018923157564,unaltered,none,23
truth,13.506059752586788,unaltered,none,23
pw,14.003356363779037,base,chemostatic,23
beale,NA,base,chemostatic,23
rating,15.988596753163534,base,chemostatic,23
composite,15.941092421730646,base,chemostatic,23
truth,15.903733865426172,base,chemostatic,23
pw,7.207872371216345,storm,chemostatic,23
beale,NA,storm,chemostatic,23
rating,13.835419694983775,storm,chemostatic,23
composite,13.68157468678266,storm,chemostatic,23
truth,13.749153516060632,storm,chemostatic,23
pw,11.36095441805833,unaltered,chemostatic,23
beale,NA,unaltered,chemostatic,23
rating,13.628235350292934,unaltered,chemostatic,23
composite,13.572344615556512,unaltered,chemostatic,23
truth,13.543850381055334,unaltered,chemostatic,23
pw,14.790670543385199,base,dilution,24
beale,NA,base,dilution,24
rating,12.07122975659554,base,dilution,24
composite,12.271907789239181,base,dilution,24
truth,12.412603057465637,base,dilution,24
pw,33.56786340022074,storm,dilution,24
beale,NA,storm,dilution,24
rating,12.77222124076628,storm,dilution,24
composite,12.838226985852467,storm,dilution,24
truth,17.07286545532499,storm,dilution,24
pw,16.02433723355248,unaltered,dilution,24
beale,NA,unaltered,dilution,24
rating,12.182612652300842,unaltered,dilution,24
composite,12.367032957830343,unaltered,dilution,24
truth,13.339824496049088,unaltered,dilution,24
pw,5.846304144639484,base,enrich,24
beale,NA,base,enrich,24
rating,14.57680912062509,base,enrich,24
composite,14.495791042882441,base,enrich,24
truth,14.862867347119792,base,enrich,24
pw,1.4475456040548236,storm,enrich,24
beale,NA,storm,enrich,24
rating,62.24319973185799,storm,enrich,24
composite,62.26610680062748,storm,enrich,24
truth,76.95285427952619,storm,enrich,24
pw,3.818091285855759,unaltered,enrich,24
beale,NA,unaltered,enrich,24
rating,13.34461826895796,unaltered,enrich,24
composite,13.290378086151476,unaltered,enrich,24
truth,13.940173383236024,unaltered,enrich,24
pw,14.19381977452857,base,none,24
beale,NA,base,none,24
rating,15.297701032231428,base,none,24
composite,15.709747343630488,base,none,24
truth,15.836454452776369,base,none,24
pw,7.349483461300658,storm,none,24
beale,NA,storm,none,24
rating,12.7369624755083,storm,none,24
composite,13.040556422050264,storm,none,24
truth,13.638725609242375,storm,none,24
pw,11.58705413243034,unaltered,none,24
beale,NA,unaltered,none,24
rating,12.96920717609506,unaltered,none,24
composite,13.307367057818261,unaltered,none,24
truth,13.490740462812454,unaltered,none,24
pw,13.645796286772711,base,chemostatic,24
beale,NA,base,chemostatic,24
rating,15.591862709615876,base,chemostatic,24
composite,15.620002697983743,base,chemostatic,24
truth,15.880924226145533,base,chemostatic,24
pw,7.065719849838304,storm,chemostatic,24
beale,NA,storm,chemostatic,24
rating,13.357347716308926,storm,chemostatic,24
composite,13.478039358285741,storm,chemostatic,24
truth,13.732756088717034,storm,chemostatic,24
pw,11.139677885631313,unaltered,chemostatic,24
beale,NA,unaltered,chemostatic,24
rating,13.265379283377468,unaltered,chemostatic,24
composite,13.301454963126481,unaltered,chemostatic,24
truth,13.535044418711495,unaltered,chemostatic,24
pw,15.428312252893804,base,dilution,25
beale,NA,base,dilution,25
rating,12.25003072719799,base,dilution,25
composite,12.527247590056204,base,dilution,25
truth,12.53220329219183,base,dilution,25
pw,35.33025525493133,storm,dilution,25
beale,NA,storm,dilution,25
rating,12.886546783898295,storm,dilution,25
composite,11.896893492213321,storm,dilution,25
truth,17.381348056668116,storm,dilution,25
pw,16.596430128583485,unaltered,dilution,25
beale,NA,unaltered,dilution,25
rating,12.275555630932516,unaltered,dilution,25
composite,12.38823740409208,unaltered,dilution,25
truth,13.463645296457884,unaltered,dilution,25
pw,5.932758112366904,base,enrich,25
beale,NA,base,enrich,25
rating,13.430242950831186,base,enrich,25
composite,13.214196714320046,base,enrich,25
truth,14.477997963346414,base,enrich,25
pw,1.5243985231818666,storm,enrich,25
beale,NA,storm,enrich,25
rating,60.929291353501505,storm,enrich,25
composite,60.82962804132401,storm,enrich,25
truth,75.26783056100479,storm,enrich,25
pw,4.003389061169435,unaltered,enrich,25
beale,NA,unaltered,enrich,25
rating,13.42575406916635,unaltered,enrich,25
composite,13.307986431318803,unaltered,enrich,25
truth,13.926841095189769,unaltered,enrich,25
pw,13.627575463012489,base,none,25
beale,NA,base,none,25
rating,14.198565699152677,base,none,25
composite,14.89621567300681,base,none,25
truth,15.951363964442647,base,none,25
pw,6.996497326190715,storm,none,25
beale,NA,storm,none,25
rating,11.155238898128298,storm,none,25
composite,11.650048337691569,storm,none,25
truth,13.689010905273967,storm,none,25
pw,11.013582122872112,unaltered,none,25
beale,NA,unaltered,none,25
rating,11.878645343559601,unaltered,none,25
composite,12.478931594828804,unaltered,none,25
truth,13.513981088204588,unaltered,none,25
pw,13.970397297704805,base,chemostatic,25
beale,NA,base,chemostatic,25
rating,16.030361396578332,base,chemostatic,25
composite,16.06656244446797,base,chemostatic,25
truth,15.980251797238525,base,chemostatic,25
pw,7.172504573869854,storm,chemostatic,25
beale,NA,storm,chemostatic,25
rating,13.822416147903635,storm,chemostatic,25
composite,13.815715980686477,storm,chemostatic,25
truth,13.754271930872502,storm,chemostatic,25
pw,11.290645085403149,unaltered,chemostatic,25
beale,NA,unaltered,chemostatic,25
rating,13.585136302085541,unaltered,chemostatic,25
composite,13.613188354775495,unaltered,chemostatic,25
truth,13.546512062337753,unaltered,chemostatic,25
pw,14.376074112199797,base,dilution,26
beale,NA,base,dilution,26
rating,12.132209219903908,base,dilution,26
composite,11.980457320537067,base,dilution,26
truth,12.488587541300593,base,dilution,26
pw,30.16011214038289,storm,dilution,26
beale,NA,storm,dilution,26
rating,12.889747410411914,storm,dilution,26
composite,11.586775031841027,storm,dilution,26
truth,17.308961002030284,storm,dilution,26
pw,15.974276739302885,unaltered,dilution,26
beale,NA,unaltered,dilution,26
rating,12.25359209049559,unaltered,dilution,26
composite,12.22891082257241,unaltered,dilution,26
truth,13.519630748401157,unaltered,dilution,26
pw,6.263723462057879,base,enrich,26
beale,NA,base,enrich,26
rating,14.822870491008977,base,enrich,26
composite,15.033776864179236,base,enrich,26
truth,14.81096997683959,base,enrich,26
pw,1.0768832312309362,storm,enrich,26
beale,NA,storm,enrich,26
rating,61.36081809951895,storm,enrich,26
composite,61.61952689441858,storm,enrich,26
truth,77.73787362925262,storm,enrich,26
pw,3.568321989568634,unaltered,enrich,26
beale,NA,unaltered,enrich,26
rating,13.826049514124692,unaltered,enrich,26
composite,13.902275385291219,unaltered,enrich,26
truth,14.081448523901232,unaltered,enrich,26
pw,13.66650898166422,base,none,26
beale,NA,base,none,26
rating,15.34682984349388,base,none,26
composite,15.654576728347779,base,none,26
truth,15.91103839266204,base,none,26
pw,7.0150809634508375,storm,none,26
beale,NA,storm,none,26
rating,13.54388273522123,storm,none,26
composite,13.59684804657007,storm,none,26
truth,13.593822306307608,storm,none,26
pw,11.070615138462081,unaltered,none,26
beale,NA,unaltered,none,26
rating,13.100083569477844,unaltered,none,26
composite,13.328768515443178,unaltered,none,26
truth,13.490693806968808,unaltered,none,26
pw,13.860906428942176,base,chemostatic,26
beale,NA,base,chemostatic,26
rating,15.728959194045006,base,chemostatic,26
composite,15.719755498934605,base,chemostatic,26
truth,15.962248128959075,base,chemostatic,26
pw,7.114866053671952,storm,chemostatic,26
beale,NA,storm,chemostatic,26
rating,13.416949487798888,storm,chemostatic,26
composite,13.330251492874757,storm,chemostatic,26
truth,13.737807594204055,storm,chemostatic,26
pw,11.228087637518067,unaltered,chemostatic,26
beale,NA,unaltered,chemostatic,26
rating,13.324784601105664,unaltered,chemostatic,26
composite,13.310327802781014,unaltered,chemostatic,26
truth,13.54812928092243,unaltered,chemostatic,26
pw,14.579192055272667,base,dilution,27
beale,NA,base,dilution,27
rating,11.926831990986186,base,dilution,27
composite,11.940550009730268,base,dilution,27
truth,12.505756941750153,base,dilution,27
pw,36.96465047865722,storm,dilution,27
beale,NA,storm,dilution,27
rating,13.207996935979974,storm,dilution,27
composite,12.555246475699919,storm,dilution,27
truth,17.26520489167398,storm,dilution,27
pw,17.275848094584074,unaltered,dilution,27
beale,NA,unaltered,dilution,27
rating,12.554030063553068,unaltered,dilution,27
composite,12.753428709728599,unaltered,dilution,27
truth,13.52210636657869,unaltered,dilution,27
pw,6.0521573194240474,base,enrich,27
beale,NA,base,enrich,27
rating,15.111391067443456,base,enrich,27
composite,15.268715660158348,base,enrich,27
truth,14.489957548853992,base,enrich,27
pw,1.4995102574911485,storm,enrich,27
beale,NA,storm,enrich,27
rating,62.18684169821782,storm,enrich,27
composite,62.37734013865596,storm,enrich,27
truth,76.62719988963576,storm,enrich,27
pw,3.912049218204487,unaltered,enrich,27
beale,NA,unaltered,enrich,27
rating,13.944508012468319,unaltered,enrich,27
composite,13.920254004580686,unaltered,enrich,27
truth,13.967326322409088,unaltered,enrich,27
pw,14.013435253503557,base,none,27
beale,NA,base,none,27
rating,15.713919327374532,base,none,27
composite,16.123604767391296,base,none,27
truth,15.948594454902626,base,none,27
pw,7.183347943695833,storm,none,27
beale,NA,storm,none,27
rating,13.839576193909183,storm,none,27
composite,13.920648926428816,storm,none,27
truth,13.770300770069154,storm,none,27
pw,11.327926995087157,unaltered,none,27
beale,NA,unaltered,none,27
rating,13.345083978938009,unaltered,none,27
composite,13.673477544743717,unaltered,none,27
truth,13.562469973752805,unaltered,none,27
pw,14.040215051012629,base,chemostatic,27
beale,NA,base,chemostatic,27
rating,16.056512648815502,base,chemostatic,27
composite,16.086778518551775,base,chemostatic,27
truth,15.930388616810678,base,chemostatic,27
pw,7.197075384533103,storm,chemostatic,27
beale,NA,storm,chemostatic,27
rating,13.954840938287196,storm,chemostatic,27
composite,14.053849778477888,storm,chemostatic,27
truth,13.738628691300253,storm,chemostatic,27
pw,11.349574762792804,unaltered,chemostatic,27
beale,NA,unaltered,chemostatic,27
rating,13.66979629092656,unaltered,chemostatic,27
composite,13.704526142705296,unaltered,chemostatic,27
truth,13.543281112382362,unaltered,chemostatic,27
pw,14.416839161883482,base,dilution,28
beale,NA,base,dilution,28
rating,11.887983563442788,base,dilution,28
composite,11.973408452834686,base,dilution,28
truth,12.373623512200448,base,dilution,28
pw,109.84291267757108,storm,dilution,28
beale,NA,storm,dilution,28
rating,13.521791840389142,storm,dilution,28
composite,56.55862857991598,storm,dilution,28
truth,17.30709167379612,storm,dilution,28
pw,45.058168994313064,unaltered,dilution,28
beale,NA,unaltered,dilution,28
rating,12.974412281880175,unaltered,dilution,28
composite,32.57555655969144,unaltered,dilution,28
truth,13.439884569498965,unaltered,dilution,28
pw,5.206905447523638,base,enrich,28
beale,NA,base,enrich,28
rating,13.385210020695775,base,enrich,28
composite,13.439634087864027,base,enrich,28
truth,14.650522772573607,base,enrich,28
pw,1.5058681894037074,storm,enrich,28
beale,NA,storm,enrich,28
rating,83.72802938700391,storm,enrich,28
composite,83.4631553829288,storm,enrich,28
truth,77.00628583188785,storm,enrich,28
pw,3.8342939910765907,unaltered,enrich,28
beale,NA,unaltered,enrich,28
rating,16.336633407935285,unaltered,enrich,28
composite,16.166991445906497,unaltered,enrich,28
truth,13.900327130851649,unaltered,enrich,28
pw,13.992792685991057,base,none,28
beale,NA,base,none,28
rating,14.99195366306826,base,none,28
composite,15.331579109766777,base,none,28
truth,15.894600527475925,base,none,28
pw,7.243980259385891,storm,none,28
beale,NA,storm,none,28
rating,12.338296508862944,storm,none,28
composite,12.678000061293968,storm,none,28
truth,13.897805615178946,storm,none,28
pw,11.42111042259112,unaltered,none,28
beale,NA,unaltered,none,28
rating,12.74608927517801,unaltered,none,28
composite,13.02384177437652,unaltered,none,28
truth,13.58960063649552,unaltered,none,28
pw,13.751438790123423,base,chemostatic,28
beale,NA,base,chemostatic,28
rating,15.732063523596565,base,chemostatic,28
composite,15.775443924091759,base,chemostatic,28
truth,15.855377695265064,base,chemostatic,28
pw,7.119032874226574,storm,chemostatic,28
beale,NA,storm,chemostatic,28
rating,13.668108407072934,storm,chemostatic,28
composite,13.632369123109912,storm,chemostatic,28
truth,13.786227341277542,storm,chemostatic,28
pw,11.22411404327747,unaltered,chemostatic,28
beale,NA,unaltered,chemostatic,28
rating,13.447585633425772,unaltered,chemostatic,28
composite,13.47928443878304,unaltered,chemostatic,28
truth,13.549865959877199,unaltered,chemostatic,28
pw,14.452357070230283,base,dilution,29
beale,NA,base,dilution,29
rating,11.909799636874888,base,dilution,29
composite,11.737463228237754,base,dilution,29
truth,12.417213239655132,base,dilution,29
pw,35.014999775916614,storm,dilution,29
beale,NA,storm,dilution,29
rating,12.352613316089435,storm,dilution,29
composite,11.414777594045747,storm,dilution,29
truth,17.78815717715966,storm,dilution,29
pw,16.759439108895215,unaltered,dilution,29
beale,NA,unaltered,dilution,29
rating,12.161833738379926,unaltered,dilution,29
composite,12.075138400765704,unaltered,dilution,29
truth,13.87491104724007,unaltered,dilution,29
pw,6.0359913441423725,base,enrich,29
beale,NA,base,enrich,29
rating,13.72681545905755,base,enrich,29
composite,13.81467090498149,base,enrich,29
truth,13.896588586679869,base,enrich,29
pw,1.573187345525878,storm,enrich,29
beale,NA,storm,enrich,29
rating,77.19244664591771,storm,enrich,29
composite,77.03512349226439,storm,enrich,29
truth,75.29524719454042,storm,enrich,29
pw,4.0086038156763,unaltered,enrich,29
beale,NA,unaltered,enrich,29
rating,14.228783986550116,unaltered,enrich,29
composite,14.230723608206777,unaltered,enrich,29
truth,13.795116419287488,unaltered,enrich,29
pw,14.6143933040217,base,none,29
beale,NA,base,none,29
rating,16.601783314118784,base,none,29
composite,16.823353029795133,base,none,29
truth,15.82325505460581,base,none,29
pw,7.5321689758426205,storm,none,29
beale,NA,storm,none,29
rating,14.969950466526742,storm,none,29
composite,15.281414076264637,storm,none,29
truth,13.808628712069078,storm,none,29
pw,11.837336379234223,unaltered,none,29
beale,NA,unaltered,none,29
rating,14.321508995305729,unaltered,none,29
composite,14.512610569566666,unaltered,none,29
truth,13.567595828416074,unaltered,none,29
pw,14.117432115963426,base,chemostatic,29
beale,NA,base,chemostatic,29
rating,15.981100559554388,base,chemostatic,29
composite,15.988204486996594,base,chemostatic,29
truth,15.791989844880213,base,chemostatic,29
pw,7.276038217280077,storm,chemostatic,29
beale,NA,storm,chemostatic,29
rating,13.895530891111711,storm,chemostatic,29
composite,13.903984936755684,storm,chemostatic,29
truth,13.761039848235125,storm,chemostatic,29
pw,11.434808773189104,unaltered,chemostatic,29
beale,NA,unaltered,chemostatic,29
rating,13.700720225807986,unaltered,chemostatic,29
composite,13.70593525720399,unaltered,chemostatic,29
truth,13.540411763838545,unaltered,chemostatic,29
pw,14.58101805037217,base,dilution,30
beale,NA,base,dilution,30
rating,12.354031260338786,base,dilution,30
composite,12.701442272224746,base,dilution,30
truth,12.36167859965498,base,dilution,30
pw,34.415148095529915,storm,dilution,30
beale,NA,storm,dilution,30
rating,12.900069905523592,storm,dilution,30
composite,12.903906435439877,storm,dilution,30
truth,17.32483430114966,storm,dilution,30
pw,16.3763494051442,unaltered,dilution,30
beale,NA,unaltered,dilution,30
rating,12.30684973520527,unaltered,dilution,30
composite,12.464911859271673,unaltered,dilution,30
truth,13.734969090866967,unaltered,dilution,30
pw,4.963513123522967,base,enrich,30
beale,NA,base,enrich,30
rating,13.914843683294361,base,enrich,30
composite,13.895613126868213,base,enrich,30
truth,14.036458826525601,base,enrich,30
pw,1.5060137400764426,storm,enrich,30
beale,NA,storm,enrich,30
rating,64.62582386533839,storm,enrich,30
composite,64.68441256171313,storm,enrich,30
truth,74.89306929412994,storm,enrich,30
pw,3.896512948376753,unaltered,enrich,30
beale,NA,unaltered,enrich,30
rating,13.833334366895299,unaltered,enrich,30
composite,13.770493674388172,unaltered,enrich,30
truth,13.718891364749796,unaltered,enrich,30
pw,12.346836339710208,base,none,30
beale,NA,base,none,30
rating,14.378215908844235,base,none,30
composite,15.140929374661146,base,none,30
truth,15.72437728121173,base,none,30
pw,6.371497212104852,storm,none,30
beale,NA,storm,none,30
rating,14.038170699960778,storm,none,30
composite,14.456247747854626,storm,none,30
truth,13.763597129836963,storm,none,30
pw,10.057067784435207,unaltered,none,30
beale,NA,unaltered,none,30
rating,12.60002342830854,unaltered,none,30
composite,13.240174368295358,unaltered,none,30
truth,13.539458619504382,unaltered,none,30
pw,13.954265960790323,base,chemostatic,30
beale,NA,base,chemostatic,30
rating,15.769762008819084,base,chemostatic,30
composite,15.748935983374198,base,chemostatic,30
truth,15.727334744669212,base,chemostatic,30
pw,7.20099985290904,storm,chemostatic,30
beale,NA,storm,chemostatic,30
rating,13.705566637499532,storm,chemostatic,30
composite,13.656262703426375,storm,chemostatic,30
truth,13.749785115622148,storm,chemostatic,30
pw,11.36639336494186,unaltered,chemostatic,30
beale,NA,unaltered,chemostatic,30
rating,13.57453519638448,unaltered,chemostatic,30
composite,13.547288730371879,unaltered,chemostatic,30
truth,13.538401943422656,unaltered,chemostatic,30
pw,14.830626840293847,base,dilution,31
beale,NA,base,dilution,31
rating,12.451176733800972,base,dilution,31
composite,12.649064304224348,base,dilution,31
truth,12.582805564033466,base,dilution,31
pw,35.20730365081561,storm,dilution,31
beale,NA,storm,dilution,31
rating,13.079845171121413,storm,dilution,31
composite,13.15666131994711,storm,dilution,31
truth,17.488992372862253,storm,dilution,31
pw,16.756154438087176,unaltered,dilution,31
beale,NA,unaltered,dilution,31
rating,12.491326326385968,unaltered,dilution,31
composite,12.681084379264513,unaltered,dilution,31
truth,13.694851394550643,unaltered,dilution,31
pw,5.470738816746219,base,enrich,31
beale,NA,base,enrich,31
rating,15.001898815598205,base,enrich,31
composite,14.933976786982848,base,enrich,31
truth,14.629028558916586,base,enrich,31
pw,1.5929087220965619,storm,enrich,31
beale,NA,storm,enrich,31
rating,71.45022547343977,storm,enrich,31
composite,71.62481807939204,storm,enrich,31
truth,76.27987122784701,storm,enrich,31
pw,4.058741020356355,unaltered,enrich,31
beale,NA,unaltered,enrich,31
rating,15.057514295178338,unaltered,enrich,31
composite,15.046219270115149,unaltered,enrich,31
truth,13.99107432760094,unaltered,enrich,31
pw,13.818117630294152,base,none,31
beale,NA,base,none,31
rating,14.560465415464387,base,none,31
composite,15.404492559474916,base,none,31
truth,15.98365854283495,base,none,31
pw,7.0526399851417665,storm,none,31
beale,NA,storm,none,31
rating,12.12880028056327,storm,none,31
composite,13.199387772233608,storm,none,31
truth,13.760142764412471,storm,none,31
pw,11.122981677831152,unaltered,none,31
beale,NA,unaltered,none,31
rating,12.272698811720563,unaltered,none,31
composite,13.010579256465027,unaltered,none,31
truth,13.552333609915655,unaltered,none,31
pw,13.887243738906866,base,chemostatic,31
beale,NA,base,chemostatic,31
rating,15.943028849674057,base,chemostatic,31
composite,15.944677325894293,base,chemostatic,31
truth,15.988733445505414,base,chemostatic,31
pw,7.08792131438378,storm,chemostatic,31
beale,NA,storm,chemostatic,31
rating,13.910668645242398,storm,chemostatic,31
composite,13.892067895504317,storm,chemostatic,31
truth,13.755697734696977,storm,chemostatic,31
pw,11.178625178641518,unaltered,chemostatic,31
beale,NA,unaltered,chemostatic,31
rating,13.551322065394247,unaltered,chemostatic,31
composite,13.54963297762304,unaltered,chemostatic,31
truth,13.554877874111286,unaltered,chemostatic,31
pw,15.119526640212749,base,dilution,32
beale,NA,base,dilution,32
rating,12.082707212657029,base,dilution,32
composite,12.046925379223838,base,dilution,32
truth,12.464941387800375,base,dilution,32
pw,35.58005482731286,storm,dilution,32
beale,NA,storm,dilution,32
rating,13.108858503184988,storm,dilution,32
composite,12.806950778535557,storm,dilution,32
truth,17.38638538959382,storm,dilution,32
pw,16.905116248738445,unaltered,dilution,32
beale,NA,unaltered,dilution,32
rating,12.599700006920099,unaltered,dilution,32
composite,12.877430145239948,unaltered,dilution,32
truth,13.48101589050332,unaltered,dilution,32
pw,6.043083598038567,base,enrich,32
beale,NA,base,enrich,32
rating,14.849336462250685,base,enrich,32
composite,14.926672120075354,base,enrich,32
truth,14.256864002152106,base,enrich,32
pw,1.5101874382716487,storm,enrich,32
beale,NA,storm,enrich,32
rating,61.91621630296238,storm,enrich,32
composite,62.19889041437547,storm,enrich,32
truth,75.55613976799056,storm,enrich,32
pw,3.810902913292726,unaltered,enrich,32
beale,NA,unaltered,enrich,32
rating,13.361974134473112,unaltered,enrich,32
composite,13.430507734923644,unaltered,enrich,32
truth,13.834610509553105,unaltered,enrich,32
pw,13.646531058191723,base,none,32
beale,NA,base,none,32
rating,15.779280639111105,base,none,32
composite,16.072738598988806,base,none,32
truth,15.877498899917601,base,none,32
pw,7.005271233339939,storm,none,32
beale,NA,storm,none,32
rating,14.340867393661124,storm,none,32
composite,14.72560946264679,storm,none,32
truth,13.752581737318552,storm,none,32
pw,11.03428339859439,unaltered,none,32
beale,NA,unaltered,none,32
rating,13.565938960063194,unaltered,none,32
composite,13.82639691753372,unaltered,none,32
truth,13.546516430664417,unaltered,none,32
pw,13.895895364563772,base,chemostatic,32
beale,NA,base,chemostatic,32
rating,15.881487874346679,base,chemostatic,32
composite,15.880786240131648,base,chemostatic,32
truth,15.869854097855768,base,chemostatic,32
pw,7.133279193355627,storm,chemostatic,32
beale,NA,storm,chemostatic,32
rating,13.92718964591773,storm,chemostatic,32
composite,13.983862611339323,storm,chemostatic,32
truth,13.73977242748929,storm,chemostatic,32
pw,11.235913865287344,unaltered,chemostatic,32
beale,NA,unaltered,chemostatic,32
rating,13.579643970949933,unaltered,chemostatic,32
composite,13.584237937345714,unaltered,chemostatic,32
truth,13.540314506682709,unaltered,chemostatic,32
pw,14.727453102998831,base,dilution,33
beale,NA,base,dilution,33
rating,11.90454851894941,base,dilution,33
composite,12.07641082625714,base,dilution,33
truth,12.27311412443939,base,dilution,33
pw,33.111158496159376,storm,dilution,33
beale,NA,storm,dilution,33
rating,12.435915052292449,storm,dilution,33
composite,12.817679554693603,storm,dilution,33
truth,17.223419735159816,storm,dilution,33
pw,15.801587043220321,unaltered,dilution,33
beale,NA,unaltered,dilution,33
rating,11.850424267113354,unaltered,dilution,33
composite,12.117728154033035,unaltered,dilution,33
truth,13.445180578936988,unaltered,dilution,33
pw,5.686200390244401,base,enrich,33
beale,NA,base,enrich,33
rating,12.243942874021329,base,enrich,33
composite,12.364511104304805,base,enrich,33
truth,13.581725711486133,base,enrich,33
pw,1.4346688419091573,storm,enrich,33
beale,NA,storm,enrich,33
rating,51.42325884955002,storm,enrich,33
composite,51.72499287816661,storm,enrich,33
truth,74.29059262046371,storm,enrich,33
pw,3.8125026859713302,unaltered,enrich,33
beale,NA,unaltered,enrich,33
rating,11.86438373180613,unaltered,enrich,33
composite,11.972383533470966,unaltered,enrich,33
truth,13.619959797419613,unaltered,enrich,33
pw,13.742631624292201,base,none,33
beale,NA,base,none,33
rating,15.63439995274278,base,none,33
composite,16.1472295075534,base,none,33
truth,15.558313122721643,base,none,33
pw,7.139027694777465,storm,none,33
beale,NA,storm,none,33
rating,14.350466737867245,storm,none,33
composite,15.119474865526628,storm,none,33
truth,13.538324370157463,storm,none,33
pw,11.246956652705085,unaltered,none,33
beale,NA,unaltered,none,33
rating,13.598632487562817,unaltered,none,33
composite,14.103970276816638,unaltered,none,33
truth,13.451029043159888,unaltered,none,33
pw,13.677243816777386,base,chemostatic,33
beale,NA,base,chemostatic,33
rating,15.539722620501216,base,chemostatic,33
composite,15.60039799577526,base,chemostatic,33
truth,15.621165469538909,base,chemostatic,33
pw,7.105060010747872,storm,chemostatic,33
beale,NA,storm,chemostatic,33
rating,13.70132932318084,storm,chemostatic,33
composite,13.739897322183847,storm,chemostatic,33
truth,13.701526566406098,storm,chemostatic,33
pw,11.193443333215782,unaltered,chemostatic,33
beale,NA,unaltered,chemostatic,33
rating,13.452201352862433,unaltered,chemostatic,33
composite,13.507512415535299,unaltered,chemostatic,33
truth,13.517705696979183,unaltered,chemostatic,33
pw,15.538159181444456,base,dilution,34
beale,NA,base,dilution,34
rating,12.190482589591427,base,dilution,34
composite,12.214496392774238,base,dilution,34
truth,12.434585548534844,base,dilution,34
pw,35.35528599029343,storm,dilution,34
beale,NA,storm,dilution,34
rating,12.812980288916096,storm,dilution,34
composite,11.79429434426979,storm,dilution,34
truth,20.449169753314372,storm,dilution,34
pw,16.513426766094533,unaltered,dilution,34
beale,NA,unaltered,dilution,34
rating,12.195299904645863,unaltered,dilution,34
composite,12.207784309905934,unaltered,dilution,34
truth,14.030071891136926,unaltered,dilution,34
pw,6.490372719220478,base,enrich,34
beale,NA,base,enrich,34
rating,13.481173239290916,base,enrich,34
composite,13.530367299156408,base,enrich,34
truth,14.04782023152862,base,enrich,34
pw,1.5495463920550265,storm,enrich,34
beale,NA,storm,enrich,34
rating,61.951364432114744,storm,enrich,34
composite,62.13345179678517,storm,enrich,34
truth,74.84157785916224,storm,enrich,34
pw,3.9293226304274085,unaltered,enrich,34
beale,NA,unaltered,enrich,34
rating,13.593578118222812,unaltered,enrich,34
composite,13.60913142887012,unaltered,enrich,34
truth,13.826248901101474,unaltered,enrich,34
pw,12.928800449340734,base,none,34
beale,NA,base,none,34
rating,13.313448033977178,base,none,34
composite,13.639565608368294,base,none,34
truth,15.772072540182226,base,none,34
pw,6.6439577285777425,storm,none,34
beale,NA,storm,none,34
rating,10.71041510170664,storm,none,34
composite,10.720648847652441,storm,none,34
truth,13.691509419767323,storm,none,34
pw,10.42523019705968,unaltered,none,34
beale,NA,unaltered,none,34
rating,11.247071276037618,unaltered,none,34
composite,11.481903886553141,unaltered,none,34
truth,13.50063825641457,unaltered,none,34
pw,13.877627208249093,base,chemostatic,34
beale,NA,base,chemostatic,34
rating,15.508259510262974,base,chemostatic,34
composite,15.519856932698715,base,chemostatic,34
truth,15.80345265650587,base,chemostatic,34
pw,7.131548584560984,storm,chemostatic,34
beale,NA,storm,chemostatic,34
rating,13.313738449000262,storm,chemostatic,34
composite,13.248074817690283,storm,chemostatic,34
truth,13.718788714963766,storm,chemostatic,34
pw,11.190323402535993,unaltered,chemostatic,34
beale,NA,unaltered,chemostatic,34
rating,13.249467386090164,unaltered,chemostatic,34
composite,13.250505615265538,unaltered,chemostatic,34
truth,13.526256547525646,unaltered,chemostatic,34
pw,14.387388084388277,base,dilution,35
beale,NA,base,dilution,35
rating,11.762809803680632,base,dilution,35
composite,11.872617082269649,base,dilution,35
truth,12.28612339120076,base,dilution,35
pw,32.8973999164773,storm,dilution,35
beale,NA,storm,dilution,35
rating,12.40761411814368,storm,dilution,35
composite,12.143452290558251,storm,dilution,35
truth,17.05186467381517,storm,dilution,35
pw,15.677584696969403,unaltered,dilution,35
beale,NA,unaltered,dilution,35
rating,11.825220274835331,unaltered,dilution,35
composite,12.02201744974419,unaltered,dilution,35
truth,13.374353425694283,unaltered,dilution,35
pw,5.751705625610824,base,enrich,35
beale,NA,base,enrich,35
rating,13.029543589826792,base,enrich,35
composite,12.957206424609412,base,enrich,35
truth,13.743471528139485,base,enrich,35
pw,1.4528835917424283,storm,enrich,35
beale,NA,storm,enrich,35
rating,61.400558773221036,storm,enrich,35
composite,61.31580553884886,storm,enrich,35
truth,74.51646149240526,storm,enrich,35
pw,3.8362864347511385,unaltered,enrich,35
beale,NA,unaltered,enrich,35
rating,13.29394894800943,unaltered,enrich,35
composite,13.165147875477267,unaltered,enrich,35
truth,13.666900279264269,unaltered,enrich,35
pw,13.865696108466567,base,none,35
beale,NA,base,none,35
rating,15.184541245856806,base,none,35
composite,15.619494142860752,base,none,35
truth,15.623623367855817,base,none,35
pw,7.212680056880935,storm,none,35
beale,NA,storm,none,35
rating,13.412291567665948,storm,none,35
composite,13.501184984072543,storm,none,35
truth,13.611820403980003,storm,none,35
pw,11.363097493517827,unaltered,none,35
beale,NA,unaltered,none,35
rating,13.115873853323132,unaltered,none,35
composite,13.4759227048379,unaltered,none,35
truth,13.486449463892187,unaltered,none,35
pw,13.843004289881284,base,chemostatic,35
beale,NA,base,chemostatic,35
rating,15.749715047264795,base,chemostatic,35
composite,15.72146501214278,base,chemostatic,35
truth,15.653016231421955,base,chemostatic,35
pw,7.200876190267669,storm,chemostatic,35
beale,NA,storm,chemostatic,35
rating,13.75956205976284,storm,chemostatic,35
composite,13.695220839642714,storm,chemostatic,35
truth,13.699458608399247,storm,chemostatic,35
pw,11.34450128710506,unaltered,chemostatic,35
beale,NA,unaltered,chemostatic,35
rating,13.600045469526705,unaltered,chemostatic,35
composite,13.568471220435553,unaltered,chemostatic,35
truth,13.51744631551671,unaltered,chemostatic,35
pw,15.162936090358729,base,dilution,36
beale,NA,base,dilution,36
rating,12.203767856836823,base,dilution,36
composite,12.162358689986593,base,dilution,36
truth,12.352308451248295,base,dilution,36
pw,36.790112351546625,storm,dilution,36
beale,NA,storm,dilution,36
rating,13.008800487252039,storm,dilution,36
composite,12.12038989495755,storm,dilution,36
truth,17.145237898975704,storm,dilution,36
pw,17.077109791270633,unaltered,dilution,36
beale,NA,unaltered,dilution,36
rating,12.367776465755144,unaltered,dilution,36
composite,12.523725405380414,unaltered,dilution,36
truth,13.52989410463825,unaltered,dilution,36
pw,5.784300075336343,base,enrich,36
beale,NA,base,enrich,36
rating,13.128748343095776,base,enrich,36
composite,13.224442050574321,base,enrich,36
truth,13.815895223465262,base,enrich,36
pw,1.529172873168728,storm,enrich,36
beale,NA,storm,enrich,36
rating,65.30800982143288,storm,enrich,36
composite,65.44305291483334,storm,enrich,36
truth,75.82419759766348,storm,enrich,36
pw,3.874015637235397,unaltered,enrich,36
beale,NA,unaltered,enrich,36
rating,13.936842625247884,unaltered,enrich,36
composite,13.914621331327531,unaltered,enrich,36
truth,13.766338251884678,unaltered,enrich,36
pw,14.574535294097254,base,none,36
beale,NA,base,none,36
rating,15.887297138217823,base,none,36
composite,16.808648177694007,base,none,36
truth,15.764627705164122,base,none,36
pw,7.597020816693394,storm,none,36
beale,NA,storm,none,36
rating,14.164092961309521,storm,none,36
composite,15.234571980601656,storm,none,36
truth,13.92171397907608,storm,none,36
pw,11.921128759432547,unaltered,none,36
beale,NA,unaltered,none,36
rating,13.758906323606046,unaltered,none,36
composite,14.586813719564203,unaltered,none,36
truth,13.602890924283713,unaltered,none,36
pw,13.747728870549272,base,chemostatic,36
beale,NA,base,chemostatic,36
rating,15.836500855574949,base,chemostatic,36
composite,15.862540909232798,base,chemostatic,36
truth,15.694735788040397,base,chemostatic,36
pw,7.166045455604949,storm,chemostatic,36
beale,NA,storm,chemostatic,36
rating,14.155714176230534,storm,chemostatic,36
composite,14.227540373414458,storm,chemostatic,36
truth,13.749665534415808,storm,chemostatic,36
pw,11.244848820803329,unaltered,chemostatic,36
beale,NA,unaltered,chemostatic,36
rating,13.698246630545675,unaltered,chemostatic,36
composite,13.723990265596658,unaltered,chemostatic,36
truth,13.53183835144802,unaltered,chemostatic,36
pw,14.71358320674388,base,dilution,37
beale,NA,base,dilution,37
rating,12.216695572952982,base,dilution,37
composite,12.316677916885665,base,dilution,37
truth,12.442488710454347,base,dilution,37
pw,33.940999144387256,storm,dilution,37
beale,NA,storm,dilution,37
rating,12.715585567714244,storm,dilution,37
composite,12.038921442981623,storm,dilution,37
truth,17.364884847801104,storm,dilution,37
pw,16.043378775835446,unaltered,dilution,37
beale,NA,unaltered,dilution,37
rating,12.028892734425337,unaltered,dilution,37
composite,12.098081715195214,unaltered,dilution,37
truth,13.559349985055219,unaltered,dilution,37
pw,5.8129386534434975,base,enrich,37
beale,NA,base,enrich,37
rating,15.437296622183247,base,enrich,37
composite,15.517172117657568,base,enrich,37
truth,14.309363594473135,base,enrich,37
pw,1.4548520777211396,storm,enrich,37
beale,NA,storm,enrich,37
rating,66.04369583104555,storm,enrich,37
composite,66.06566753086969,storm,enrich,37
truth,76.42346080849018,storm,enrich,37
pw,3.857128781983932,unaltered,enrich,37
beale,NA,unaltered,enrich,37
rating,14.728182962563475,unaltered,enrich,37
composite,14.594156251650539,unaltered,enrich,37
truth,13.903460115288262,unaltered,enrich,37
pw,14.18668812529585,base,none,37
beale,NA,base,none,37
rating,15.265710574056913,base,none,37
composite,15.90666691724461,base,none,37
truth,15.861609067600083,base,none,37
pw,7.305948151317369,storm,none,37
beale,NA,storm,none,37
rating,12.783602188576012,storm,none,37
composite,13.513666051751315,storm,none,37
truth,13.787308156503395,storm,none,37
pw,11.483224698537562,unaltered,none,37
beale,NA,unaltered,none,37
rating,12.9655847174149,unaltered,none,37
composite,13.52231683926111,unaltered,none,37
truth,13.542483819173649,unaltered,none,37
pw,13.909636035316232,base,chemostatic,37
beale,NA,base,chemostatic,37
rating,15.681340854821139,base,chemostatic,37
composite,15.707082906321586,base,chemostatic,37
truth,15.858368683972783,base,chemostatic,37
pw,7.163270157219787,storm,chemostatic,37
beale,NA,storm,chemostatic,37
rating,13.411276709629492,storm,chemostatic,37
composite,13.475207323185677,storm,chemostatic,37
truth,13.759910922943934,storm,chemostatic,37
pw,11.258968594904559,unaltered,chemostatic,37
beale,NA,unaltered,chemostatic,37
rating,13.353003183590863,unaltered,chemostatic,37
composite,13.379050234851075,unaltered,chemostatic,37
truth,13.537566242007836,unaltered,chemostatic,37
pw,13.939969173357166,base,dilution,38
beale,NA,base,dilution,38
rating,12.264389614043608,base,dilution,38
composite,12.320200528198301,base,dilution,38
truth,12.533891868094342,base,dilution,38
pw,35.12706075017245,storm,dilution,38
beale,NA,storm,dilution,38
rating,13.103539080282383,storm,dilution,38
composite,12.340008096678279,storm,dilution,38
truth,17.386310671655917,storm,dilution,38
pw,17.12312075539441,unaltered,dilution,38
beale,NA,unaltered,dilution,38
rating,12.609840597944435,unaltered,dilution,38
composite,13.304227644528835,unaltered,dilution,38
truth,13.496547216751445,unaltered,dilution,38
pw,5.105244752500517,base,enrich,38
beale,NA,base,enrich,38
rating,12.226497427415586,base,enrich,38
composite,12.37521984002835,base,enrich,38
truth,14.761846400606348,base,enrich,38
pw,1.3546874858985523,storm,enrich,38
beale,NA,storm,enrich,38
rating,51.081519093916384,storm,enrich,38
composite,51.59779346835125,storm,enrich,38
truth,77.97494301061217,storm,enrich,38
pw,3.7090863147946322,unaltered,enrich,38
beale,NA,unaltered,enrich,38
rating,11.494854877865938,unaltered,enrich,38
composite,11.95335612493078,unaltered,enrich,38
truth,14.072371583914876,unaltered,enrich,38
pw,13.792288822202522,base,none,38
beale,NA,base,none,38
rating,14.270173585074687,base,none,38
composite,14.846321727767409,base,none,38
truth,15.99597089007419,base,none,38
pw,7.014840975659851,storm,none,38
beale,NA,storm,none,38
rating,11.41522341915624,storm,none,38
composite,12.192003071428918,storm,none,38
truth,13.718887489391818,storm,none,38
pw,11.033415300628272,unaltered,none,38
beale,NA,unaltered,none,38
rating,11.936800914106938,unaltered,none,38
composite,12.448324579171102,unaltered,none,38
truth,13.536345028807197,unaltered,none,38
pw,14.194800315240984,base,chemostatic,38
beale,NA,base,chemostatic,38
rating,15.963134110607026,base,chemostatic,38
composite,15.958166769436284,base,chemostatic,38
truth,16.013840836281897,base,chemostatic,38
pw,7.219560739793194,storm,chemostatic,38
beale,NA,storm,chemostatic,38
rating,13.560914908224975,storm,chemostatic,38
composite,13.48802147889385,storm,chemostatic,38
truth,13.758940331455044,storm,chemostatic,38
pw,11.355412361683156,unaltered,chemostatic,38
beale,NA,unaltered,chemostatic,38
rating,13.484174880661767,unaltered,chemostatic,38
composite,13.473664855244284,unaltered,chemostatic,38
truth,13.554745997472626,unaltered,chemostatic,38
pw,14.911969953796698,base,dilution,39
beale,NA,base,dilution,39
rating,12.309108133278338,base,dilution,39
composite,12.467015574908745,base,dilution,39
truth,12.507342695332596,base,dilution,39
pw,34.49144691701544,storm,dilution,39
beale,NA,storm,dilution,39
rating,12.97195341287879,storm,dilution,39
composite,12.723008265775363,storm,dilution,39
truth,17.7395287752511,storm,dilution,39
pw,16.441935681935256,unaltered,dilution,39
beale,NA,unaltered,dilution,39
rating,12.380350846410686,unaltered,dilution,39
composite,12.519710655678608,unaltered,dilution,39
truth,13.795867248695618,unaltered,dilution,39
pw,5.6251441188474995,base,enrich,39
beale,NA,base,enrich,39
rating,14.199141896709177,base,enrich,39
composite,14.427359341332375,base,enrich,39
truth,14.164100000259717,base,enrich,39
pw,1.5869154218623827,storm,enrich,39
beale,NA,storm,enrich,39
rating,63.21071402798375,storm,enrich,39
composite,63.55749482193878,storm,enrich,39
truth,75.03848701845214,storm,enrich,39
pw,4.0072445493617135,unaltered,enrich,39
beale,NA,unaltered,enrich,39
rating,13.784768197258241,unaltered,enrich,39
composite,13.905628687263938,unaltered,enrich,39
truth,13.892684301366339,unaltered,enrich,39
pw,14.60205626597989,base,none,39
beale,NA,base,none,39
rating,16.34650958167194,base,none,39
composite,16.66676411576103,base,none,39
truth,15.909183343152014,base,none,39
pw,7.531968085270825,storm,none,39
beale,NA,storm,none,39
rating,14.524170809957756,storm,none,39
composite,14.692145707083734,storm,none,39
truth,13.72858917671372,storm,none,39
pw,11.774148194395496,unaltered,none,39
beale,NA,unaltered,none,39
rating,13.98006740762671,unaltered,none,39
composite,14.234007140549192,unaltered,none,39
truth,13.534104677817258,unaltered,none,39
pw,14.113923103253287,base,chemostatic,39
beale,NA,base,chemostatic,39
rating,16.02093639344155,base,chemostatic,39
composite,16.092618723865474,base,chemostatic,39
truth,15.934630167861368,base,chemostatic,39
pw,7.280181396050561,storm,chemostatic,39
beale,NA,storm,chemostatic,39
rating,13.894544744240402,storm,chemostatic,39
composite,14.069090348087581,storm,chemostatic,39
truth,13.804840039686852,storm,chemostatic,39
pw,11.380549368870332,unaltered,chemostatic,39
beale,NA,unaltered,chemostatic,39
rating,13.636428516171861,unaltered,chemostatic,39
composite,13.713618740649135,unaltered,chemostatic,39
truth,13.56187680787507,unaltered,chemostatic,39
pw,14.971429652784682,base,dilution,40
beale,NA,base,dilution,40
rating,12.115131131282661,base,dilution,40
composite,12.146692996040331,base,dilution,40
truth,12.551627721480811,base,dilution,40
pw,35.67739112480737,storm,dilution,40
beale,NA,storm,dilution,40
rating,12.863499000653194,storm,dilution,40
composite,11.803695709573129,storm,dilution,40
truth,17.71819455032182,storm,dilution,40
pw,16.86293342064825,unaltered,dilution,40
beale,NA,unaltered,dilution,40
rating,12.32433150806463,unaltered,dilution,40
composite,12.44032862024931,unaltered,dilution,40
truth,13.491660270180972,unaltered,dilution,40
pw,5.831570000578642,base,enrich,40
beale,NA,base,enrich,40
rating,14.908420921948267,base,enrich,40
composite,15.007266166134633,base,enrich,40
truth,14.897037296349351,base,enrich,40
pw,1.5143315826690305,storm,enrich,40
beale,NA,storm,enrich,40
rating,61.966235708687364,storm,enrich,40
composite,62.1110976630243,storm,enrich,40
truth,77.43428147866362,storm,enrich,40
pw,3.9081943950550793,unaltered,enrich,40
beale,NA,unaltered,enrich,40
rating,13.400201494257391,unaltered,enrich,40
composite,13.384406577479691,unaltered,enrich,40
truth,14.018158700594748,unaltered,enrich,40
pw,13.964093649952833,base,none,40
beale,NA,base,none,40
rating,14.828440881869925,base,none,40
composite,15.336925655352097,base,none,40
truth,16.02980819072465,base,none,40
pw,7.133218705668175,storm,none,40
beale,NA,storm,none,40
rating,11.866415345843274,storm,none,40
composite,12.643506871782623,storm,none,40
truth,13.805144850008588,storm,none,40
pw,11.21061777056397,unaltered,none,40
beale,NA,unaltered,none,40
rating,12.415770033908217,unaltered,none,40
composite,12.878615582863661,unaltered,none,40
truth,13.567042813596434,unaltered,none,40
pw,14.01746284136047,base,chemostatic,40
beale,NA,base,chemostatic,40
rating,15.834160600599686,base,chemostatic,40
composite,15.860500924725702,base,chemostatic,40
truth,16.016313508593946,base,chemostatic,40
pw,7.1604810632546,storm,chemostatic,40
beale,NA,storm,chemostatic,40
rating,13.454157442540446,storm,chemostatic,40
composite,13.575577237163383,storm,chemostatic,40
truth,13.785283655195796,storm,chemostatic,40
pw,11.25346348762897,unaltered,chemostatic,40
beale,NA,unaltered,chemostatic,40
rating,13.374384626291024,unaltered,chemostatic,40
composite,13.404970356856056,unaltered,chemostatic,40
truth,13.550847427366426,unaltered,chemostatic,40
pw,15.092220742735588,base,dilution,41
beale,NA,base,dilution,41
rating,12.191454527295726,base,dilution,41
composite,12.350984264485373,base,dilution,41
truth,12.438123988278203,base,dilution,41
pw,34.687405995950016,storm,dilution,41
beale,NA,storm,dilution,41
rating,12.900561230912967,storm,dilution,41
composite,11.661951725997426,storm,dilution,41
truth,17.66803755711239,storm,dilution,41
pw,16.522843351077903,unaltered,dilution,41
beale,NA,unaltered,dilution,41
rating,12.328434841062657,unaltered,dilution,41
composite,12.347756629230542,unaltered,dilution,41
truth,13.655975782490119,unaltered,dilution,41
pw,6.373725648597915,base,enrich,41
beale,NA,base,enrich,41
rating,14.395931062882337,base,enrich,41
composite,14.259446713213249,base,enrich,41
truth,14.118613844009642,base,enrich,41
pw,1.5908912089572986,storm,enrich,41
beale,NA,storm,enrich,41
rating,70.36742993163347,storm,enrich,41
composite,70.35775918062518,storm,enrich,41
truth,75.21940871469556,storm,enrich,41
pw,4.098258241899416,unaltered,enrich,41
beale,NA,unaltered,enrich,41
rating,14.692262570549353,unaltered,enrich,41
composite,14.609624012279697,unaltered,enrich,41
truth,13.812629699427685,unaltered,enrich,41
pw,14.014155870163343,base,none,41
beale,NA,base,none,41
rating,15.968905209675906,base,none,41
composite,17.175349291601325,base,none,41
truth,15.842503107919272,base,none,41
pw,7.2495755271194,storm,none,41
beale,NA,storm,none,41
rating,14.692486458942883,storm,none,41
composite,16.31066845040195,storm,none,41
truth,13.831914665360364,storm,none,41
pw,11.433173438710963,unaltered,none,41
beale,NA,unaltered,none,41
rating,13.796512112216615,unaltered,none,41
composite,14.924302429138061,unaltered,none,41
truth,13.580087407446559,unaltered,none,41
pw,13.790148803042625,base,chemostatic,41
beale,NA,base,chemostatic,41
rating,15.539926706008325,base,chemostatic,41
composite,15.531433265854995,base,chemostatic,41
truth,15.808543085950404,base,chemostatic,41
pw,7.133695828995188,storm,chemostatic,41
beale,NA,storm,chemostatic,41
rating,13.40285316927902,storm,chemostatic,41
composite,13.34261440346747,storm,chemostatic,41
truth,13.783280267922237,storm,chemostatic,41
pw,11.250421678732264,unaltered,chemostatic,41
beale,NA,unaltered,chemostatic,41
rating,13.303468665787682,unaltered,chemostatic,41
composite,13.282879464351437,unaltered,chemostatic,41
truth,13.54778182486557,unaltered,chemostatic,41
pw,14.587225154074021,base,dilution,42
beale,NA,base,dilution,42
rating,11.608256060927216,base,dilution,42
composite,11.660238864820766,base,dilution,42
truth,12.439440501316541,base,dilution,42
pw,33.53689247312127,storm,dilution,42
beale,NA,storm,dilution,42
rating,12.192118219043305,storm,dilution,42
composite,10.943859712537439,storm,dilution,42
truth,17.56067760304864,storm,dilution,42
pw,15.843000439436343,unaltered,dilution,42
beale,NA,unaltered,dilution,42
rating,11.601658910695294,unaltered,dilution,42
composite,11.666717555168608,unaltered,dilution,42
truth,13.517827738126108,unaltered,dilution,42
pw,5.741683323676883,base,enrich,42
beale,NA,base,enrich,42
rating,13.664044615611736,base,enrich,42
composite,13.766604476126538,base,enrich,42
truth,14.114434781355651,base,enrich,42
pw,1.4858534084344024,storm,enrich,42
beale,NA,storm,enrich,42
rating,61.65873720885751,storm,enrich,42
composite,61.821215727411264,storm,enrich,42
truth,75.92483149140004,storm,enrich,42
pw,3.8877146744017503,unaltered,enrich,42
beale,NA,unaltered,enrich,42
rating,13.442530355043946,unaltered,enrich,42
composite,13.460335336041329,unaltered,enrich,42
truth,13.805713932139366,unaltered,enrich,42
pw,13.516393278520667,base,none,42
beale,NA,base,none,42
rating,16.71050454885255,base,none,42
composite,17.268765268250007,base,none,42
truth,15.797727927591382,base,none,42
pw,7.012786106369819,storm,none,42
beale,NA,storm,none,42
rating,16.919800313581128,storm,none,42
composite,17.797411396304962,storm,none,42
truth,13.76886480723213,storm,none,42
pw,11.03918238832478,unaltered,none,42
beale,NA,unaltered,none,42
rating,14.706369393406534,unaltered,none,42
composite,15.21234823294742,unaltered,none,42
truth,13.55996547051953,unaltered,none,42
pw,13.784991775095735,base,chemostatic,42
beale,NA,base,chemostatic,42
rating,15.773615680251025,base,chemostatic,42
composite,15.792534472683858,base,chemostatic,42
truth,15.769589710259856,base,chemostatic,42
pw,7.152144570285394,storm,chemostatic,42
beale,NA,storm,chemostatic,42
rating,13.76278598259326,storm,chemostatic,42
composite,13.814296832597114,storm,chemostatic,42
truth,13.763355720340213,storm,chemostatic,42
pw,11.258553616419626,unaltered,chemostatic,42
beale,NA,unaltered,chemostatic,42
rating,13.537819812331513,unaltered,chemostatic,42
composite,13.56330643691366,unaltered,chemostatic,42
truth,13.536101913050812,unaltered,chemostatic,42
pw,15.481951773352693,base,dilution,43
beale,NA,base,dilution,43
rating,12.287792959538335,base,dilution,43
composite,12.387182727154377,base,dilution,43
truth,12.609320468671172,base,dilution,43
pw,35.58258425874056,storm,dilution,43
beale,NA,storm,dilution,43
rating,12.813627022129557,storm,dilution,43
composite,13.390677916142623,storm,dilution,43
truth,17.522577527126497,storm,dilution,43
pw,16.53326866086632,unaltered,dilution,43
beale,NA,unaltered,dilution,43
rating,12.190093297917684,unaltered,dilution,43
composite,12.40727741733404,unaltered,dilution,43
truth,13.679933242673124,unaltered,dilution,43
pw,6.602878385310395,base,enrich,43
beale,NA,base,enrich,43
rating,15.005751741965735,base,enrich,43
composite,15.017683599962764,base,enrich,43
truth,14.251797861913357,base,enrich,43
pw,1.60011475150379,storm,enrich,43
beale,NA,storm,enrich,43
rating,71.62606574459673,storm,enrich,43
composite,71.70675672201571,storm,enrich,43
truth,77.08953908221613,storm,enrich,43
pw,4.07717766157754,unaltered,enrich,43
beale,NA,unaltered,enrich,43
rating,15.229855772138439,unaltered,enrich,43
composite,15.173619714926335,unaltered,enrich,43
truth,14.047815259948315,unaltered,enrich,43
pw,13.669906738846734,base,none,43
beale,NA,base,none,43
rating,15.3824356337265,base,none,43
composite,15.812472286233506,base,none,43
truth,15.974185212844748,base,none,43
pw,6.958661908954636,storm,none,43
beale,NA,storm,none,43
rating,13.99346677959943,storm,none,43
composite,14.269500988422033,storm,none,43
truth,13.801807525857882,storm,none,43
pw,10.916819133649147,unaltered,none,43
beale,NA,unaltered,none,43
rating,13.146840657739563,unaltered,none,43
composite,13.50028314374922,unaltered,none,43
truth,13.55774752093981,unaltered,none,43
pw,14.189613286033838,base,chemostatic,43
beale,NA,base,chemostatic,43
rating,16.017116938119756,base,chemostatic,43
composite,15.988864166195135,base,chemostatic,43
truth,15.976093166950005,base,chemostatic,43
pw,7.223218370299621,storm,chemostatic,43
beale,NA,storm,chemostatic,43
rating,13.968028998880223,storm,chemostatic,43
composite,13.823225474609803,storm,chemostatic,43
truth,13.768075407390834,storm,chemostatic,43
pw,11.331857984067346,unaltered,chemostatic,43
beale,NA,unaltered,chemostatic,43
rating,13.602306199925241,unaltered,chemostatic,43
composite,13.564457635450344,unaltered,chemostatic,43
truth,13.555566396884606,unaltered,chemostatic,43
pw,14.602957929734043,base,dilution,44
beale,NA,base,dilution,44
rating,12.271576602995697,base,dilution,44
composite,12.469816568981507,base,dilution,44
truth,12.583477946632833,base,dilution,44
pw,34.5819516518433,storm,dilution,44
beale,NA,storm,dilution,44
rating,12.646812236943678,storm,dilution,44
composite,12.63826817636879,storm,dilution,44
truth,17.494952391056053,storm,dilution,44
pw,16.15051780530522,unaltered,dilution,44
beale,NA,unaltered,dilution,44
rating,11.934595624849402,unaltered,dilution,44
composite,12.199393962496385,unaltered,dilution,44
truth,13.901691938306584,unaltered,dilution,44
pw,5.483530904573169,base,enrich,44
beale,NA,base,enrich,44
rating,14.736607759736916,base,enrich,44
composite,14.714728803436316,base,enrich,44
truth,14.705558263357998,base,enrich,44
pw,1.5883473107969859,storm,enrich,44
beale,NA,storm,enrich,44
rating,68.67737269769684,storm,enrich,44
composite,68.64012243504698,storm,enrich,44
truth,78.26365776234228,storm,enrich,44
pw,4.102690309511611,unaltered,enrich,44
beale,NA,unaltered,enrich,44
rating,14.820895651325593,unaltered,enrich,44
composite,14.687626572896013,unaltered,enrich,44
truth,14.193822477522644,unaltered,enrich,44
pw,14.054014752400391,base,none,44
beale,NA,base,none,44
rating,14.309553725751115,base,none,44
composite,14.633241408284047,base,none,44
truth,15.98305707147188,base,none,44
pw,7.150840939856241,storm,none,44
beale,NA,storm,none,44
rating,11.096754371400916,storm,none,44
composite,11.229715980140734,storm,none,44
truth,13.79619296890565,storm,none,44
pw,11.19212735449803,unaltered,none,44
beale,NA,unaltered,none,44
rating,11.90441798139282,unaltered,none,44
composite,12.154002389733625,unaltered,none,44
truth,13.551918874044127,unaltered,none,44
pw,14.288042581596438,base,chemostatic,44
beale,NA,base,chemostatic,44
rating,16.221607541845252,base,chemostatic,44
composite,16.26597208705353,base,chemostatic,44
truth,15.995640637172711,base,chemostatic,44
pw,7.269916934265238,storm,chemostatic,44
beale,NA,storm,chemostatic,44
rating,14.136610097252014,storm,chemostatic,44
composite,14.185887810553266,storm,chemostatic,44
truth,13.791811827230404,storm,chemostatic,44
pw,11.378498958271358,unaltered,chemostatic,44
beale,NA,unaltered,chemostatic,44
rating,13.784461860580508,unaltered,chemostatic,44
composite,13.8234044571686,unaltered,chemostatic,44
truth,13.561032372673266,unaltered,chemostatic,44
pw,15.777921792409103,base,dilution,45
beale,NA,base,dilution,45
rating,12.518439862268371,base,dilution,45
composite,12.734355861041285,base,dilution,45
truth,12.63095244203894,base,dilution,45
pw,35.38080833337662,storm,dilution,45
beale,NA,storm,dilution,45
rating,12.893138002692128,storm,dilution,45
composite,12.724706048985714,storm,dilution,45
truth,17.835396991986293,storm,dilution,45
pw,16.6223415638058,unaltered,dilution,45
beale,NA,unaltered,dilution,45
rating,12.314487801437114,unaltered,dilution,45
composite,12.46207795154806,unaltered,dilution,45
truth,13.80442141154148,unaltered,dilution,45
pw,5.838883134082547,base,enrich,45
beale,NA,base,enrich,45
rating,14.458575524205099,base,enrich,45
composite,14.717590423686708,base,enrich,45
truth,14.741051701085476,base,enrich,45
pw,1.6530844350241727,storm,enrich,45
beale,NA,storm,enrich,45
rating,66.41378625931021,storm,enrich,45
composite,66.83169723441885,storm,enrich,45
truth,76.22347542403527,storm,enrich,45
pw,4.126422481765923,unaltered,enrich,45
beale,NA,unaltered,enrich,45
rating,14.40802855832075,unaltered,enrich,45
composite,14.520096673539268,unaltered,enrich,45
truth,14.087010056725402,unaltered,enrich,45
pw,14.034173342059665,base,none,45
beale,NA,base,none,45
rating,15.617916239543852,base,none,45
composite,15.953547367426301,base,none,45
truth,16.11217357724486,base,none,45
pw,7.141688754026898,storm,none,45
beale,NA,storm,none,45
rating,13.595905685117495,storm,none,45
composite,13.728894694670519,storm,none,45
truth,13.742514711782635,storm,none,45
pw,11.220927171338074,unaltered,none,45
beale,NA,unaltered,none,45
rating,13.177095962360813,unaltered,none,45
composite,13.435319461963715,unaltered,none,45
truth,13.559842730973571,unaltered,none,45
pw,14.059917125431411,base,chemostatic,45
beale,NA,base,chemostatic,45
rating,16.139485943138357,base,chemostatic,45
composite,16.18465681280869,base,chemostatic,45
truth,16.112183074951574,base,chemostatic,45
pw,7.1547892112972296,storm,chemostatic,45
beale,NA,storm,chemostatic,45
rating,13.949285134731129,storm,chemostatic,45
composite,14.052940697242937,storm,chemostatic,45
truth,13.803097278128565,storm,chemostatic,45
pw,11.241510437005982,unaltered,chemostatic,45
beale,NA,unaltered,chemostatic,45
rating,13.605895340678652,unaltered,chemostatic,45
composite,13.655080881632138,unaltered,chemostatic,45
truth,13.569166305375669,unaltered,chemostatic,45
pw,14.883471705953896,base,dilution,46
beale,NA,base,dilution,46
rating,11.878604476616959,base,dilution,46
composite,11.95423004674766,base,dilution,46
truth,12.10634435556488,base,dilution,46
pw,34.439054102114504,storm,dilution,46
beale,NA,storm,dilution,46
rating,12.412659400863848,storm,dilution,46
composite,12.365274156235484,storm,dilution,46
truth,17.165407018684206,storm,dilution,46
pw,16.240035874070237,unaltered,dilution,46
beale,NA,unaltered,dilution,46
rating,11.889993403319341,unaltered,dilution,46
composite,12.089939713696973,unaltered,dilution,46
truth,13.40206837683827,unaltered,dilution,46
pw,5.460924423020992,base,enrich,46
beale,NA,base,enrich,46
rating,12.403732158838332,base,enrich,46
composite,12.62122895562349,base,enrich,46
truth,13.454676348857154,base,enrich,46
pw,1.420778190933421,storm,enrich,46
beale,NA,storm,enrich,46
rating,56.2736981553801,storm,enrich,46
composite,56.53490543391794,storm,enrich,46
truth,73.98766878713849,storm,enrich,46
pw,3.7351415196303512,unaltered,enrich,46
beale,NA,unaltered,enrich,46
rating,12.28197306385937,unaltered,enrich,46
composite,12.3169337982826,unaltered,enrich,46
truth,13.511165908063656,unaltered,enrich,46
pw,12.501255515846674,base,none,46
beale,NA,base,none,46
rating,13.26073912336583,base,none,46
composite,13.800068298654034,base,none,46
truth,15.482932489671944,base,none,46
pw,6.573812433850028,storm,none,46
beale,NA,storm,none,46
rating,11.479026469462154,storm,none,46
composite,11.737591062357952,storm,none,46
truth,13.714619682038407,storm,none,46
pw,10.37458331804625,unaltered,none,46
beale,NA,unaltered,none,46
rating,11.536727387427838,unaltered,none,46
composite,11.971040248837173,unaltered,none,46
truth,13.530014639816079,unaltered,none,46
pw,13.508334613377542,base,chemostatic,46
beale,NA,base,chemostatic,46
rating,15.472640966370895,base,chemostatic,46
composite,15.45432146528638,base,chemostatic,46
truth,15.444130171270835,base,chemostatic,46
pw,7.103387170149665,storm,chemostatic,46
beale,NA,storm,chemostatic,46
rating,13.861512145294881,storm,chemostatic,46
composite,13.786576947601185,storm,chemostatic,46
truth,13.651145943548611,storm,chemostatic,46
pw,11.210341453855314,unaltered,chemostatic,46
beale,NA,unaltered,chemostatic,46
rating,13.544641752537737,unaltered,chemostatic,46
composite,13.51908827509189,unaltered,chemostatic,46
truth,13.49144351777129,unaltered,chemostatic,46
pw,15.530060001642003,base,dilution,47
beale,NA,base,dilution,47
rating,12.318869383053782,base,dilution,47
composite,12.425445536661591,base,dilution,47
truth,12.348223261679726,base,dilution,47
pw,35.64046217518138,storm,dilution,47
beale,NA,storm,dilution,47
rating,12.974055715076709,storm,dilution,47
composite,12.421458096026491,storm,dilution,47
truth,17.40130681039995,storm,dilution,47
pw,16.85240421944185,unaltered,dilution,47
beale,NA,unaltered,dilution,47
rating,12.431435248072933,unaltered,dilution,47
composite,12.548281788184541,unaltered,dilution,47
truth,13.54306179053084,unaltered,dilution,47
pw,6.316511311424006,base,enrich,47
beale,NA,base,enrich,47
rating,13.917948944516032,base,enrich,47
composite,13.913335732589804,base,enrich,47
truth,14.02352579644936,base,enrich,47
pw,1.6812432156764407,storm,enrich,47
beale,NA,storm,enrich,47
rating,66.55600699647518,storm,enrich,47
composite,66.59496089770245,storm,enrich,47
truth,74.22083446500382,storm,enrich,47
pw,4.139190352693409,unaltered,enrich,47
beale,NA,unaltered,enrich,47
rating,14.11840307587351,unaltered,enrich,47
composite,14.05770870784732,unaltered,enrich,47
truth,13.673140452788026,unaltered,enrich,47
pw,13.964297866231028,base,none,47
beale,NA,base,none,47
rating,13.895245784149619,base,none,47
composite,14.823492593161085,base,none,47
truth,15.79474307712618,base,none,47
pw,7.220408985039759,storm,none,47
beale,NA,storm,none,47
rating,10.839268390736443,storm,none,47
composite,11.726244540622664,storm,none,47
truth,13.808276852517034,storm,none,47
pw,11.413922830698345,unaltered,none,47
beale,NA,unaltered,none,47
rating,11.71639664239757,unaltered,none,47
composite,12.505035350010964,unaltered,none,47
truth,13.557640377135476,unaltered,none,47
pw,13.894131010218814,base,chemostatic,47
beale,NA,base,chemostatic,47
rating,16.03681638588535,base,chemostatic,47
composite,16.056280119409106,base,chemostatic,47
truth,15.774322110178513,base,chemostatic,47
pw,7.184128364097997,storm,chemostatic,47
beale,NA,storm,chemostatic,47
rating,14.140730948951964,storm,chemostatic,47
composite,14.213903470674035,storm,chemostatic,47
truth,13.738627008042272,storm,chemostatic,47
pw,11.356570926043489,unaltered,chemostatic,47
beale,NA,unaltered,chemostatic,47
rating,13.78935615396471,unaltered,chemostatic,47
composite,13.811054889989926,unaltered,chemostatic,47
truth,13.533897388203737,unaltered,chemostatic,47
pw,14.712653262196765,base,dilution,48
beale,NA,base,dilution,48
rating,11.784876434304932,base,dilution,48
composite,11.670659388541296,base,dilution,48
truth,12.340582278301287,base,dilution,48
pw,35.97392391698311,storm,dilution,48
beale,NA,storm,dilution,48
rating,12.477015422431904,storm,dilution,48
composite,11.644700538084932,storm,dilution,48
truth,17.49933348380845,storm,dilution,48
pw,16.68536911742214,unaltered,dilution,48
beale,NA,unaltered,dilution,48
rating,11.899470067063929,unaltered,dilution,48
composite,12.055859081761342,unaltered,dilution,48
truth,13.405948254596412,unaltered,dilution,48
pw,5.218843177739543,base,enrich,48
beale,NA,base,enrich,48
rating,14.027270710904345,base,enrich,48
composite,14.280662509344614,base,enrich,48
truth,14.125337835109447,base,enrich,48
pw,1.4755059575214478,storm,enrich,48
beale,NA,storm,enrich,48
rating,63.854627576910666,storm,enrich,48
composite,63.82180019979596,storm,enrich,48
truth,76.4666227453131,storm,enrich,48
pw,3.8415725839636985,unaltered,enrich,48
beale,NA,unaltered,enrich,48
rating,13.8801528892373,unaltered,enrich,48
composite,13.816462603834474,unaltered,enrich,48
truth,13.819218721442978,unaltered,enrich,48
pw,14.354795058601995,base,none,48
beale,NA,base,none,48
rating,15.269194903898384,base,none,48
composite,15.722115322954327,base,none,48
truth,15.771021879923902,base,none,48
pw,7.421887541511799,storm,none,48
beale,NA,storm,none,48
rating,12.920570588600585,storm,none,48
composite,13.361463340031579,storm,none,48
truth,13.789603204472392,storm,none,48
pw,11.687535439196994,unaltered,none,48
beale,NA,unaltered,none,48
rating,13.063013027215295,unaltered,none,48
composite,13.463170633638867,unaltered,none,48
truth,13.5681879812902,unaltered,none,48
pw,13.801369158082418,base,chemostatic,48
beale,NA,base,chemostatic,48
rating,15.676802776441601,base,chemostatic,48
composite,15.727430577456408,base,chemostatic,48
truth,15.73695450951193,base,chemostatic,48
pw,7.135748674363374,storm,chemostatic,48
beale,NA,storm,chemostatic,48
rating,13.6384258789897,storm,chemostatic,48
composite,13.727177893262377,storm,chemostatic,48
truth,13.71943086705974,storm,chemostatic,48
pw,11.236941418252332,unaltered,chemostatic,48
beale,NA,unaltered,chemostatic,48
rating,13.479272406796753,unaltered,chemostatic,48
composite,13.527552345993357,unaltered,chemostatic,48
truth,13.532569935764272,unaltered,chemostatic,48
pw,15.44247586313523,base,dilution,49
beale,NA,base,dilution,49
rating,12.33295095071485,base,dilution,49
composite,12.10730551323553,base,dilution,49
truth,12.61873301231375,base,dilution,49
pw,36.799029551111396,storm,dilution,49
beale,NA,storm,dilution,49
rating,13.142741972172459,storm,dilution,49
composite,14.076074658553047,storm,dilution,49
truth,18.095111102570286,storm,dilution,49
pw,19.167132558108964,unaltered,dilution,49
beale,NA,unaltered,dilution,49
rating,12.922330514933584,unaltered,dilution,49
composite,14.81490982861144,unaltered,dilution,49
truth,13.660648604701722,unaltered,dilution,49
pw,5.479938155779797,base,enrich,49
beale,NA,base,enrich,49
rating,14.034562842204874,base,enrich,49
composite,14.000811083216629,base,enrich,49
truth,14.638859250181328,base,enrich,49
pw,1.5718227023227282,storm,enrich,49
beale,NA,storm,enrich,49
rating,61.65865061242599,storm,enrich,49
composite,62.000385147117065,storm,enrich,49
truth,76.68592313996078,storm,enrich,49
pw,3.9620201662862065,unaltered,enrich,49
beale,NA,unaltered,enrich,49
rating,12.890769289395367,unaltered,enrich,49
composite,13.178089485162097,unaltered,enrich,49
truth,14.073869162570931,unaltered,enrich,49
pw,14.581859675175046,base,none,49
beale,NA,base,none,49
rating,17.317987721622934,base,none,49
composite,17.883265962579802,base,none,49
truth,16.013353205342067,base,none,49
pw,7.435821105570898,storm,none,49
beale,NA,storm,none,49
rating,15.824401422462167,storm,none,49
composite,16.157981815855862,storm,none,49
truth,13.740573410351043,storm,none,49
pw,11.694570559300113,unaltered,none,49
beale,NA,unaltered,none,49
rating,14.847269191599656,unaltered,none,49
composite,15.304521294013798,unaltered,none,49
truth,13.539109870056343,unaltered,none,49
pw,14.083118537135634,base,chemostatic,49
beale,NA,base,chemostatic,49
rating,15.894713007760496,base,chemostatic,49
composite,15.967562755585519,base,chemostatic,49
truth,16.030209479017735,base,chemostatic,49
pw,7.181494842456218,storm,chemostatic,49
beale,NA,storm,chemostatic,49
rating,13.44855145053854,storm,chemostatic,49
composite,13.603716511099817,storm,chemostatic,49
truth,13.752574643493578,storm,chemostatic,49
pw,11.294582933609464,unaltered,chemostatic,49
beale,NA,unaltered,chemostatic,49
rating,13.41585375822872,unaltered,chemostatic,49
composite,13.48832195652758,unaltered,chemostatic,49
truth,13.552120298816037,unaltered,chemostatic,49
pw,15.231177914103766,base,dilution,50
beale,NA,base,dilution,50
rating,12.127851827958265,base,dilution,50
composite,12.347448668978576,base,dilution,50
truth,12.715256475172948,base,dilution,50
pw,34.85689844735651,storm,dilution,50
beale,NA,storm,dilution,50
rating,13.008436321292525,storm,dilution,50
composite,12.807735638267726,storm,dilution,50
truth,17.621038268137124,storm,dilution,50
pw,16.65927372388344,unaltered,dilution,50
beale,NA,unaltered,dilution,50
rating,12.435776784361778,unaltered,dilution,50
composite,12.63843212272289,unaltered,dilution,50
truth,13.741885535759655,unaltered,dilution,50
pw,6.675630931713546,base,enrich,50
beale,NA,base,enrich,50
rating,14.320690990075262,base,enrich,50
composite,14.302634799652267,base,enrich,50
truth,15.101214568656205,base,enrich,50
pw,1.5451812597256493,storm,enrich,50
beale,NA,storm,enrich,50
rating,58.536828507825014,storm,enrich,50
composite,58.850184033406386,storm,enrich,50
truth,78.87344136521311,storm,enrich,50
pw,4.027384178792903,unaltered,enrich,50
beale,NA,unaltered,enrich,50
rating,12.970121564065353,unaltered,enrich,50
composite,13.041374637593291,unaltered,enrich,50
truth,14.254476613059657,unaltered,enrich,50
pw,14.223894230215807,base,none,50
beale,NA,base,none,50
rating,16.15642262677709,base,none,50
composite,16.632753430011736,base,none,50
truth,16.162138018097863,base,none,50
pw,7.23985278678494,storm,none,50
beale,NA,storm,none,50
rating,13.951853324531458,storm,none,50
composite,14.342605299032087,storm,none,50
truth,13.855899596361539,storm,none,50
pw,11.385335275049643,unaltered,none,50
beale,NA,unaltered,none,50
rating,13.568217771897864,unaltered,none,50
composite,13.980491691325632,unaltered,none,50
truth,13.586653187054988,unaltered,none,50
pw,14.180289515691962,base,chemostatic,50
beale,NA,base,chemostatic,50
rating,16.2957105452677,base,chemostatic,50
composite,16.29919070304291,base,chemostatic,50
truth,16.143199421325082,base,chemostatic,50
pw,7.217658322396151,storm,chemostatic,50
beale,NA,storm,chemostatic,50
rating,14.095106146512974,storm,chemostatic,50
composite,14.08236508556492,storm,chemostatic,50
truth,13.822466016357811,storm,chemostatic,50
pw,11.35043243575742,unaltered,chemostatic,50
beale,NA,unaltered,chemostatic,50
rating,13.715227080938691,unaltered,chemostatic,50
composite,13.715684075884276,unaltered,chemostatic,50
truth,13.568971364540378,unaltered,chemostatic,50
pw,14.160224190876066,base,dilution,51
beale,NA,base,dilution,51
rating,11.651205211732663,base,dilution,51
composite,11.590696308454643,base,dilution,51
truth,12.248357139157775,base,dilution,51
pw,33.3418445052544,storm,dilution,51
beale,NA,storm,dilution,51
rating,12.319885574548028,storm,dilution,51
composite,11.002850875657629,storm,dilution,51
truth,17.12621584364416,storm,dilution,51
pw,15.826888792817325,unaltered,dilution,51
beale,NA,unaltered,dilution,51
rating,11.771329636146902,unaltered,dilution,51
composite,11.770982088009896,unaltered,dilution,51
truth,13.21461542147474,unaltered,dilution,51
pw,5.298920244005245,base,enrich,51
beale,NA,base,enrich,51
rating,13.784618415633899,base,enrich,51
composite,14.020696748257999,base,enrich,51
truth,13.384465286638779,base,enrich,51
pw,1.503583107753522,storm,enrich,51
beale,NA,storm,enrich,51
rating,64.67730252614541,storm,enrich,51
composite,65.0237504378131,storm,enrich,51
truth,74.53668156991907,storm,enrich,51
pw,3.8275687701292287,unaltered,enrich,51
beale,NA,unaltered,enrich,51
rating,13.678507035403825,unaltered,enrich,51
composite,13.772259956702083,unaltered,enrich,51
truth,13.607855095203895,unaltered,enrich,51
pw,13.610887886255544,base,none,51
beale,NA,base,none,51
rating,15.158624267619597,base,none,51
composite,15.463629509498336,base,none,51
truth,15.584981042638017,base,none,51
pw,7.127526839294378,storm,none,51
beale,NA,storm,none,51
rating,14.137772379690624,storm,none,51
composite,13.763116302802102,storm,none,51
truth,13.727428050627786,storm,none,51
pw,11.243813122166841,unaltered,none,51
beale,NA,unaltered,none,51
rating,13.374364322121115,unaltered,none,51
composite,13.531899901585037,unaltered,none,51
truth,13.543164638669852,unaltered,none,51
pw,13.656824508859943,base,chemostatic,51
beale,NA,base,chemostatic,51
rating,15.500593335736054,base,chemostatic,51
composite,15.596084488553062,base,chemostatic,51
truth,15.55042135355726,base,chemostatic,51
pw,7.151582177436573,storm,chemostatic,51
beale,NA,storm,chemostatic,51
rating,13.462061245031311,storm,chemostatic,51
composite,13.637890866854777,storm,chemostatic,51
truth,13.68247053110033,storm,chemostatic,51
pw,11.281760889009368,unaltered,chemostatic,51
beale,NA,unaltered,chemostatic,51
rating,13.424516100979568,unaltered,chemostatic,51
composite,13.527955847297552,unaltered,chemostatic,51
truth,13.51130123926774,unaltered,chemostatic,51
pw,15.003171877498371,base,dilution,52
beale,NA,base,dilution,52
rating,11.95370141614842,base,dilution,52
composite,11.835777694428062,base,dilution,52
truth,12.296044001992586,base,dilution,52
pw,33.88870135865576,storm,dilution,52
beale,NA,storm,dilution,52
rating,12.585179177126767,storm,dilution,52
composite,11.728406447552615,storm,dilution,52
truth,17.532688806600998,storm,dilution,52
pw,16.049251910381194,unaltered,dilution,52
beale,NA,unaltered,dilution,52
rating,12.023122437146547,unaltered,dilution,52
composite,12.100852801154344,unaltered,dilution,52
truth,13.407988568483107,unaltered,dilution,52
pw,6.013914905497043,base,enrich,52
beale,NA,base,enrich,52
rating,14.670781617384906,base,enrich,52
composite,14.541955494142693,base,enrich,52
truth,13.786518633855222,base,enrich,52
pw,1.5465968666838572,storm,enrich,52
beale,NA,storm,enrich,52
rating,66.14101727770728,storm,enrich,52
composite,66.2559593548912,storm,enrich,52
truth,75.55777609779507,storm,enrich,52
pw,3.9644850713062323,unaltered,enrich,52
beale,NA,unaltered,enrich,52
rating,14.059823764703362,unaltered,enrich,52
composite,14.05749148840514,unaltered,enrich,52
truth,13.715519691175421,unaltered,enrich,52
pw,14.099627463717367,base,none,52
beale,NA,base,none,52
rating,14.536457246879763,base,none,52
composite,15.522228114017189,base,none,52
truth,15.63539086107125,base,none,52
pw,7.333472797746245,storm,none,52
beale,NA,storm,none,52
rating,11.589384484645011,storm,none,52
composite,13.060132615422473,storm,none,52
truth,13.7713688290357,storm,none,52
pw,11.548002978038497,unaltered,none,52
beale,NA,unaltered,none,52
rating,12.391232548309874,unaltered,none,52
composite,13.324486775550396,unaltered,none,52
truth,13.538172260505254,unaltered,none,52
pw,13.755618298950052,base,chemostatic,52
beale,NA,base,chemostatic,52
rating,15.624210565963192,base,chemostatic,52
composite,15.67618108035092,base,chemostatic,52
truth,15.620026567179087,base,chemostatic,52
pw,7.1545473716320895,storm,chemostatic,52
beale,NA,storm,chemostatic,52
rating,13.764996852941048,storm,chemostatic,52
composite,13.850438972582793,storm,chemostatic,52
truth,13.733556914295821,storm,chemostatic,52
pw,11.266249515443246,unaltered,chemostatic,52
beale,NA,unaltered,chemostatic,52
rating,13.53161886597564,unaltered,chemostatic,52
composite,13.579368511786365,unaltered,chemostatic,52
truth,13.522509519205244,unaltered,chemostatic,52
pw,14.959600573254166,base,dilution,53
beale,NA,base,dilution,53
rating,12.118405324265087,base,dilution,53
composite,12.469143596149477,base,dilution,53
truth,12.373064669759499,base,dilution,53
pw,35.544652689084145,storm,dilution,53
beale,NA,storm,dilution,53
rating,12.862125486269846,storm,dilution,53
composite,11.914024479575133,storm,dilution,53
truth,17.222282136839834,storm,dilution,53
pw,16.907735252389433,unaltered,dilution,53
beale,NA,unaltered,dilution,53
rating,12.340065530895554,unaltered,dilution,53
composite,12.545694608772392,unaltered,dilution,53
truth,13.29910121646571,unaltered,dilution,53
pw,6.052104236070795,base,enrich,53
beale,NA,base,enrich,53
rating,13.713755414600847,base,enrich,53
composite,13.753186361841184,base,enrich,53
truth,14.168643482785734,base,enrich,53
pw,1.5626349901409666,storm,enrich,53
beale,NA,storm,enrich,53
rating,64.91540760374512,storm,enrich,53
composite,64.97712744518424,storm,enrich,53
truth,75.65167636221634,storm,enrich,53
pw,4.0036432271387525,unaltered,enrich,53
beale,NA,unaltered,enrich,53
rating,13.872522802106001,unaltered,enrich,53
composite,13.825873153880814,unaltered,enrich,53
truth,13.814149516171828,unaltered,enrich,53
pw,14.337546149250661,base,none,53
beale,NA,base,none,53
rating,15.858917418105625,base,none,53
composite,16.086182934149694,base,none,53
truth,15.788415598123027,base,none,53
pw,7.360243376560674,storm,none,53
beale,NA,storm,none,53
rating,13.97057091814021,storm,none,53
composite,13.64739338710903,storm,none,53
truth,13.68641070635821,storm,none,53
pw,11.583491126787951,unaltered,none,53
beale,NA,unaltered,none,53
rating,13.615226329561482,unaltered,none,53
composite,13.760627702510257,unaltered,none,53
truth,13.52177170585986,unaltered,none,53
pw,14.041732420817864,base,chemostatic,53
beale,NA,base,chemostatic,53
rating,15.688444160347432,base,chemostatic,53
composite,15.778258326857255,base,chemostatic,53
truth,15.797517773468092,base,chemostatic,53
pw,7.208386077359791,storm,chemostatic,53
beale,NA,storm,chemostatic,53
rating,13.449410233818385,storm,chemostatic,53
composite,13.633098972021424,storm,chemostatic,53
truth,13.75403676172823,storm,chemostatic,53
pw,11.344499345152956,unaltered,chemostatic,53
beale,NA,unaltered,chemostatic,53
rating,13.414405158792688,unaltered,chemostatic,53
composite,13.50163146410807,unaltered,chemostatic,53
truth,13.535702945494414,unaltered,chemostatic,53
pw,15.358655245330013,base,dilution,54
beale,NA,base,dilution,54
rating,12.531418223910942,base,dilution,54
composite,12.432098331378386,base,dilution,54
truth,12.36962384594491,base,dilution,54
pw,30.88637961902252,storm,dilution,54
beale,NA,storm,dilution,54
rating,13.009953498811782,storm,dilution,54
composite,11.558232935023767,storm,dilution,54
truth,17.14801812450235,storm,dilution,54
pw,16.024722600757887,unaltered,dilution,54
beale,NA,unaltered,dilution,54
rating,12.48037412866499,unaltered,dilution,54
composite,12.422915319221602,unaltered,dilution,54
truth,13.426185856336364,unaltered,dilution,54
pw,5.6046305450643725,base,enrich,54
beale,NA,base,enrich,54
rating,13.856693123335912,base,enrich,54
composite,14.268351805573603,base,enrich,54
truth,13.685545763712325,base,enrich,54
pw,1.183927501086867,storm,enrich,54
beale,NA,storm,enrich,54
rating,62.360689348695026,storm,enrich,54
composite,63.069424660043744,storm,enrich,54
truth,74.1272099485982,storm,enrich,54
pw,3.5282735293989926,unaltered,enrich,54
beale,NA,unaltered,enrich,54
rating,13.433618786020354,unaltered,enrich,54
composite,13.771009929713719,unaltered,enrich,54
truth,13.686810979536528,unaltered,enrich,54
pw,13.875863783535035,base,none,54
beale,NA,base,none,54
rating,15.70984202970852,base,none,54
composite,16.01500265683578,base,none,54
truth,15.7071443014704,base,none,54
pw,7.222472515373229,storm,none,54
beale,NA,storm,none,54
rating,14.197146554900932,storm,none,54
composite,14.38595639463344,storm,none,54
truth,13.703730448691006,storm,none,54
pw,11.353697168290754,unaltered,none,54
beale,NA,unaltered,none,54
rating,13.568963896018206,unaltered,none,54
composite,13.820662809796017,unaltered,none,54
truth,13.517043670494935,unaltered,none,54
pw,13.752240204864664,base,chemostatic,54
beale,NA,base,chemostatic,54
rating,15.682984772520754,base,chemostatic,54
composite,15.711513264359741,base,chemostatic,54
truth,15.715008513931624,base,chemostatic,54
pw,7.158125681682175,storm,chemostatic,54
beale,NA,storm,chemostatic,54
rating,13.694750620978454,storm,chemostatic,54
composite,13.754161742484202,storm,chemostatic,54
truth,13.731884647828334,storm,chemostatic,54
pw,11.252544209672836,unaltered,chemostatic,54
beale,NA,unaltered,chemostatic,54
rating,13.499824892120488,unaltered,chemostatic,54
composite,13.530001519329899,unaltered,chemostatic,54
truth,13.525718892423335,unaltered,chemostatic,54
pw,15.129292935913526,base,dilution,55
beale,NA,base,dilution,55
rating,12.00958025099838,base,dilution,55
composite,12.04233269733221,base,dilution,55
truth,12.427765485737968,base,dilution,55
pw,34.291419880418204,storm,dilution,55
beale,NA,storm,dilution,55
rating,12.480819476573725,storm,dilution,55
composite,11.282263775239965,storm,dilution,55
truth,17.290768697703697,storm,dilution,55
pw,16.079167441605907,unaltered,dilution,55
beale,NA,unaltered,dilution,55
rating,11.87406701301099,unaltered,dilution,55
composite,11.903320601729614,unaltered,dilution,55
truth,13.476264427929083,unaltered,dilution,55
pw,6.320293239820938,base,enrich,55
beale,NA,base,enrich,55
rating,14.33398713391082,base,enrich,55
composite,14.410695379106025,base,enrich,55
truth,14.319168090916381,base,enrich,55
pw,1.5372750376476991,storm,enrich,55
beale,NA,storm,enrich,55
rating,66.78378206072024,storm,enrich,55
composite,66.92951957517802,storm,enrich,55
truth,75.6949740905299,storm,enrich,55
pw,3.9629588864784675,unaltered,enrich,55
beale,NA,unaltered,enrich,55
rating,14.493561921625588,unaltered,enrich,55
composite,14.45955295915434,unaltered,enrich,55
truth,13.826373292134964,unaltered,enrich,55
pw,14.716249115330037,base,none,55
beale,NA,base,none,55
rating,15.9865972946828,base,none,55
composite,16.583850857419485,base,none,55
truth,15.832707090858454,base,none,55
pw,7.5404113599088,storm,none,55
beale,NA,storm,none,55
rating,13.46656344039216,storm,none,55
composite,14.141472337809258,storm,none,55
truth,13.681556407786937,storm,none,55
pw,11.899761793215646,unaltered,none,55
beale,NA,unaltered,none,55
rating,13.57586412180759,unaltered,none,55
composite,14.118933093871972,unaltered,none,55
truth,13.52689723619227,unaltered,none,55
pw,13.887695604845545,base,chemostatic,55
beale,NA,base,chemostatic,55
rating,15.724131754119423,base,chemostatic,55
composite,15.686854219143418,base,chemostatic,55
truth,15.851998219920633,base,chemostatic,55
pw,7.115871502382105,storm,chemostatic,55
beale,NA,storm,chemostatic,55
rating,13.652136519216372,storm,chemostatic,55
composite,13.468796557109881,storm,chemostatic,55
truth,13.761743287233509,storm,chemostatic,55
pw,11.229782008935748,unaltered,chemostatic,55
beale,NA,unaltered,chemostatic,55
rating,13.44994523641074,unaltered,chemostatic,55
composite,13.400913830719553,unaltered,chemostatic,55
truth,13.552337712977156,unaltered,chemostatic,55
pw,14.73733075048758,base,dilution,56
beale,NA,base,dilution,56
rating,12.217920386360886,base,dilution,56
composite,12.580224776552217,base,dilution,56
truth,12.455191061758,base,dilution,56
pw,34.54719760677076,storm,dilution,56
beale,NA,storm,dilution,56
rating,12.704228481763487,storm,dilution,56
composite,13.348070861677353,storm,dilution,56
truth,17.32024589087821,storm,dilution,56
pw,16.237459028556877,unaltered,dilution,56
beale,NA,unaltered,dilution,56
rating,12.083517713072261,unaltered,dilution,56
composite,12.411220159126495,unaltered,dilution,56
truth,13.518481752223995,unaltered,dilution,56
pw,5.5865778816576475,base,enrich,56
beale,NA,base,enrich,56
rating,14.295746767244776,base,enrich,56
composite,14.370288404999808,base,enrich,56
truth,14.45696996856254,base,enrich,56
pw,1.5829199576241493,storm,enrich,56
beale,NA,storm,enrich,56
rating,63.388629070364196,storm,enrich,56
composite,63.3963143295883,storm,enrich,56
truth,75.4120302691611,storm,enrich,56
pw,4.0480462941694695,unaltered,enrich,56
beale,NA,unaltered,enrich,56
rating,13.685300593088325,unaltered,enrich,56
composite,13.660809670350005,unaltered,enrich,56
truth,13.833665676795158,unaltered,enrich,56
pw,13.77948038348908,base,none,56
beale,NA,base,none,56
rating,14.40413029159159,base,none,56
composite,14.70864958819065,base,none,56
truth,15.90830743030676,base,none,56
pw,7.102992758793984,storm,none,56
beale,NA,storm,none,56
rating,11.480472010726658,storm,none,56
composite,11.29782591971334,storm,none,56
truth,13.720093817850044,storm,none,56
pw,11.180122758716198,unaltered,none,56
beale,NA,unaltered,none,56
rating,12.117398447743573,unaltered,none,56
composite,12.303503864209393,unaltered,none,56
truth,13.54919398251736,unaltered,none,56
pw,13.997959218571264,base,chemostatic,56
beale,NA,base,chemostatic,56
rating,15.705922936377114,base,chemostatic,56
composite,15.803548077536611,base,chemostatic,56
truth,15.89340723052143,base,chemostatic,56
pw,7.215613375852808,storm,chemostatic,56
beale,NA,storm,chemostatic,56
rating,13.212937421016889,storm,chemostatic,56
composite,13.437937793046862,storm,chemostatic,56
truth,13.743324473608128,storm,chemostatic,56
pw,11.357387802710669,unaltered,chemostatic,56
beale,NA,unaltered,chemostatic,56
rating,13.33219499849216,unaltered,chemostatic,56
composite,13.431609391495755,unaltered,chemostatic,56
truth,13.539521393170519,unaltered,chemostatic,56
pw,15.317932404572568,base,dilution,57
beale,NA,base,dilution,57
rating,12.337616854626033,base,dilution,57
composite,12.659895396515267,base,dilution,57
truth,12.54329590596807,base,dilution,57
pw,35.352251551758194,storm,dilution,57
beale,NA,storm,dilution,57
rating,13.046259369542234,storm,dilution,57
composite,13.252236248875327,storm,dilution,57
truth,17.651582562617143,storm,dilution,57
pw,16.75133559180741,unaltered,dilution,57
beale,NA,unaltered,dilution,57
rating,12.446520184660613,unaltered,dilution,57
composite,12.713467047622496,unaltered,dilution,57
truth,13.824328534253697,unaltered,dilution,57
pw,6.578451504171591,base,enrich,57
beale,NA,base,enrich,57
rating,14.237073095756736,base,enrich,57
composite,14.271660954803226,base,enrich,57
truth,14.659412236062188,base,enrich,57
pw,1.5578363966781599,storm,enrich,57
beale,NA,storm,enrich,57
rating,66.18416143714403,storm,enrich,57
composite,66.32739652390548,storm,enrich,57
truth,76.01550736640765,storm,enrich,57
pw,3.987355351730308,unaltered,enrich,57
beale,NA,unaltered,enrich,57
rating,14.340502284910249,unaltered,enrich,57
composite,14.324168889347026,unaltered,enrich,57
truth,13.996025272205168,unaltered,enrich,57
pw,13.596425361705585,base,none,57
beale,NA,base,none,57
rating,15.404207189329203,base,none,57
composite,16.46353468264412,base,none,57
truth,15.992938242511688,base,none,57
pw,6.989028433643771,storm,none,57
beale,NA,storm,none,57
rating,14.220427506313298,storm,none,57
composite,15.703676821426072,storm,none,57
truth,13.790182307552163,storm,none,57
pw,10.946457363421738,unaltered,none,57
beale,NA,unaltered,none,57
rating,13.192932697968832,unaltered,none,57
composite,14.179580790022337,unaltered,none,57
truth,13.543406069382897,unaltered,none,57
pw,14.068890973684276,base,chemostatic,57
beale,NA,base,chemostatic,57
rating,16.079393585112687,base,chemostatic,57
composite,16.07418840815766,base,chemostatic,57
truth,16.022349681257314,base,chemostatic,57
pw,7.2318919443234435,storm,chemostatic,57
beale,NA,storm,chemostatic,57
rating,13.976910824940127,storm,chemostatic,57
composite,13.922577017597389,storm,chemostatic,57
truth,13.822303826983656,storm,chemostatic,57
pw,11.326838569483014,unaltered,chemostatic,57
beale,NA,unaltered,chemostatic,57
rating,13.630600830870419,unaltered,chemostatic,57
composite,13.617252317675064,unaltered,chemostatic,57
truth,13.567626993611352,unaltered,chemostatic,57
pw,15.612343792149737,base,dilution,58
beale,NA,base,dilution,58
rating,12.42127935219033,base,dilution,58
composite,12.325047449557832,base,dilution,58
truth,12.44505992255169,base,dilution,58
pw,35.88769838588174,storm,dilution,58
beale,NA,storm,dilution,58
rating,12.92808944534164,storm,dilution,58
composite,12.516782505565239,storm,dilution,58
truth,17.466577030251297,storm,dilution,58
pw,16.764048759767046,unaltered,dilution,58
beale,NA,unaltered,dilution,58
rating,12.325345626682283,unaltered,dilution,58
composite,12.39981379773881,unaltered,dilution,58
truth,13.508427399780286,unaltered,dilution,58
pw,5.89972751013506,base,enrich,58
beale,NA,base,enrich,58
rating,12.983470915182922,base,enrich,58
composite,13.027517355999912,base,enrich,58
truth,14.274816155777962,base,enrich,58
pw,1.5098347896013251,storm,enrich,58
beale,NA,storm,enrich,58
rating,58.63541991637638,storm,enrich,58
composite,58.61934955080415,storm,enrich,58
truth,76.31794596739938,storm,enrich,58
pw,3.9414798155280986,unaltered,enrich,58
beale,NA,unaltered,enrich,58
rating,12.92165884704524,unaltered,enrich,58
composite,12.851981085977089,unaltered,enrich,58
truth,13.908822717187155,unaltered,enrich,58
pw,14.408827395797724,base,none,58
beale,NA,base,none,58
rating,14.97644245365081,base,none,58
composite,15.351674263279786,base,none,58
truth,15.836290567726582,base,none,58
pw,7.41234363177975,storm,none,58
beale,NA,storm,none,58
rating,12.332320903003895,storm,none,58
composite,12.270041271472376,storm,none,58
truth,13.709693030266694,storm,none,58
pw,11.643911760263697,unaltered,none,58
beale,NA,unaltered,none,58
rating,12.681742640091505,unaltered,none,58
composite,12.946702067788562,unaltered,none,58
truth,13.525875597006191,unaltered,none,58
pw,14.015836025777823,base,chemostatic,58
beale,NA,base,chemostatic,58
rating,15.692657653144934,base,chemostatic,58
composite,15.637977461894927,base,chemostatic,58
truth,15.848575769315321,base,chemostatic,58
pw,7.210176793431686,storm,chemostatic,58
beale,NA,storm,chemostatic,58
rating,13.4813573785263,storm,chemostatic,58
composite,13.40393756713943,storm,chemostatic,58
truth,13.764332954608836,storm,chemostatic,58
pw,11.326331660970439,unaltered,chemostatic,58
beale,NA,unaltered,chemostatic,58
rating,13.381279614365537,unaltered,chemostatic,58
composite,13.327406137666062,unaltered,chemostatic,58
truth,13.541056406342825,unaltered,chemostatic,58
pw,15.047929263211564,base,dilution,59
beale,NA,base,dilution,59
rating,11.825546618010458,base,dilution,59
composite,12.113383198952887,base,dilution,59
truth,12.338158870527813,base,dilution,59
pw,110.61655496762853,storm,dilution,59
beale,NA,storm,dilution,59
rating,13.700523864683616,storm,dilution,59
composite,24.291826388999226,storm,dilution,59
truth,17.28681849966781,storm,dilution,59
pw,45.48326590813989,unaltered,dilution,59
beale,NA,unaltered,dilution,59
rating,13.145196430576037,unaltered,dilution,59
composite,26.124692283903766,unaltered,dilution,59
truth,13.281640834603163,unaltered,dilution,59
pw,6.2753055221932685,base,enrich,59
beale,NA,base,enrich,59
rating,14.988563788735108,base,enrich,59
composite,14.814494926775467,base,enrich,59
truth,14.169041688573078,base,enrich,59
pw,1.5103896607345777,storm,enrich,59
beale,NA,storm,enrich,59
rating,91.1820464731723,storm,enrich,59
composite,90.84558047794177,storm,enrich,59
truth,74.7359153755186,storm,enrich,59
pw,3.909522980229988,unaltered,enrich,59
beale,NA,unaltered,enrich,59
rating,17.995284174421403,unaltered,enrich,59
composite,17.73927477562217,unaltered,enrich,59
truth,13.706244303121377,unaltered,enrich,59
pw,14.103234359997938,base,none,59
beale,NA,base,none,59
rating,15.71180609417914,base,none,59
composite,16.726973059287342,base,none,59
truth,15.809552775149733,base,none,59
pw,7.295837397106863,storm,none,59
beale,NA,storm,none,59
rating,14.344740154608013,storm,none,59
composite,15.128021050741243,storm,none,59
truth,13.703128683062085,storm,none,59
pw,11.52177990952752,unaltered,none,59
beale,NA,unaltered,none,59
rating,13.608398977221777,unaltered,none,59
composite,14.464792955519734,unaltered,none,59
truth,13.552203632731478,unaltered,none,59
pw,13.894740429982201,base,chemostatic,59
beale,NA,base,chemostatic,59
rating,16.01450559772968,base,chemostatic,59
composite,16.050655944453748,base,chemostatic,59
truth,15.78436989205254,base,chemostatic,59
pw,7.187980023907912,storm,chemostatic,59
beale,NA,storm,chemostatic,59
rating,14.090399726014162,storm,chemostatic,59
composite,14.136632954828816,storm,chemostatic,59
truth,13.726031678088368,storm,chemostatic,59
pw,11.351448685299456,unaltered,chemostatic,59
beale,NA,unaltered,chemostatic,59
rating,13.754518231039121,unaltered,chemostatic,59
composite,13.79014665902571,unaltered,chemostatic,59
truth,13.534567188392122,unaltered,chemostatic,59
pw,15.308002387829356,base,dilution,60
beale,NA,base,dilution,60
rating,12.15076266811171,base,dilution,60
composite,12.445588095801472,base,dilution,60
truth,12.397925670194338,base,dilution,60
pw,34.72757679047543,storm,dilution,60
beale,NA,storm,dilution,60
rating,12.720682121675456,storm,dilution,60
composite,13.359218693192462,storm,dilution,60
truth,17.711177934442794,storm,dilution,60
pw,16.348845229409527,unaltered,dilution,60
beale,NA,unaltered,dilution,60
rating,12.121723246866596,unaltered,dilution,60
composite,12.412535664244938,unaltered,dilution,60
truth,13.565890113402736,unaltered,dilution,60
pw,6.241406633951289,base,enrich,60
beale,NA,base,enrich,60
rating,14.697667746811186,base,enrich,60
composite,14.740895168935108,base,enrich,60
truth,14.571604131822749,base,enrich,60
pw,1.527770034785453,storm,enrich,60
beale,NA,storm,enrich,60
rating,62.182179021857586,storm,enrich,60
composite,62.397374696159346,storm,enrich,60
truth,76.84524336389232,storm,enrich,60
pw,3.9691524674073526,unaltered,enrich,60
beale,NA,unaltered,enrich,60
rating,13.707164506402783,unaltered,enrich,60
composite,13.745433316561716,unaltered,enrich,60
truth,13.89331344778354,unaltered,enrich,60
pw,13.712648874129863,base,none,60
beale,NA,base,none,60
rating,15.445022571046087,base,none,60
composite,16.006426303348725,base,none,60
truth,15.833967187139917,base,none,60
pw,7.074092181042849,storm,none,60
beale,NA,storm,none,60
rating,13.719400929616896,storm,none,60
composite,13.65707598468517,storm,none,60
truth,13.778678269149047,storm,none,60
pw,11.143009850687937,unaltered,none,60
beale,NA,unaltered,none,60
rating,13.275459694962626,unaltered,none,60
composite,13.676961519284122,unaltered,none,60
truth,13.537599967582743,unaltered,none,60
pw,13.97949626125378,base,chemostatic,60
beale,NA,base,chemostatic,60
rating,15.701483687851466,base,chemostatic,60
composite,15.732870613698404,base,chemostatic,60
truth,15.849909097135663,base,chemostatic,60
pw,7.211753622833746,storm,chemostatic,60
beale,NA,storm,chemostatic,60
rating,13.426369319786804,storm,chemostatic,60
composite,13.541067516353651,storm,chemostatic,60
truth,13.795852444188043,storm,chemostatic,60
pw,11.359852204827252,unaltered,chemostatic,60
beale,NA,unaltered,chemostatic,60
rating,13.39385283544583,unaltered,chemostatic,60
composite,13.431746272508578,unaltered,chemostatic,60
truth,13.554876194422395,unaltered,chemostatic,60
pw,15.290253992060178,base,dilution,61
beale,NA,base,dilution,61
rating,12.267392875044168,base,dilution,61
composite,12.240499774119147,base,dilution,61
truth,12.450237639991297,base,dilution,61
pw,35.461397669589815,storm,dilution,61
beale,NA,storm,dilution,61
rating,12.92927835710303,storm,dilution,61
composite,12.168710974744268,storm,dilution,61
truth,17.296370621963945,storm,dilution,61
pw,16.698432872638715,unaltered,dilution,61
beale,NA,unaltered,dilution,61
rating,12.37644276305149,unaltered,dilution,61
composite,12.433709014608121,unaltered,dilution,61
truth,13.422886808707274,unaltered,dilution,61
pw,6.075605452907889,base,enrich,61
beale,NA,base,enrich,61
rating,13.787019738443028,base,enrich,61
composite,14.045065274231424,base,enrich,61
truth,14.128073514168621,base,enrich,61
pw,1.5985213682874984,storm,enrich,61
beale,NA,storm,enrich,61
rating,66.8059124711129,storm,enrich,61
composite,67.19938155232173,storm,enrich,61
truth,75.7021248267192,storm,enrich,61
pw,4.00531304392033,unaltered,enrich,61
beale,NA,unaltered,enrich,61
rating,14.582920374156988,unaltered,enrich,61
composite,14.709307746432966,unaltered,enrich,61
truth,13.906978495294691,unaltered,enrich,61
pw,14.311686190638547,base,none,61
beale,NA,base,none,61
rating,16.124440822258364,base,none,61
composite,16.318810365025406,base,none,61
truth,15.871944682743704,base,none,61
pw,7.340696940509879,storm,none,61
beale,NA,storm,none,61
rating,14.769062452470784,storm,none,61
composite,14.296415408446911,storm,none,61
truth,13.770918814018884,storm,none,61
pw,11.564635256646456,unaltered,none,61
beale,NA,unaltered,none,61
rating,13.884229362224067,unaltered,none,61
composite,13.964204962410339,unaltered,none,61
truth,13.579246521575833,unaltered,none,61
pw,13.987896066737347,base,chemostatic,61
beale,NA,base,chemostatic,61
rating,15.798348578861086,base,chemostatic,61
composite,15.851129116997363,base,chemostatic,61
truth,15.823656975125852,base,chemostatic,61
pw,7.174619712416128,storm,chemostatic,61
beale,NA,storm,chemostatic,61
rating,13.717141281171303,storm,chemostatic,61
composite,13.862602318011657,storm,chemostatic,61
truth,13.734133417351652,storm,chemostatic,61
pw,11.302994899756076,unaltered,chemostatic,61
beale,NA,unaltered,chemostatic,61
rating,13.53106254781592,unaltered,chemostatic,61
composite,13.584919461953348,unaltered,chemostatic,61
truth,13.54058845067094,unaltered,chemostatic,61
pw,15.132630464312449,base,dilution,62
beale,NA,base,dilution,62
rating,12.168364799595969,base,dilution,62
composite,12.245743216627023,base,dilution,62
truth,12.531838140400867,base,dilution,62
pw,35.30776473886065,storm,dilution,62
beale,NA,storm,dilution,62
rating,13.024262386854767,storm,dilution,62
composite,12.810516299518188,storm,dilution,62
truth,18.286705718423285,storm,dilution,62
pw,16.61108570928111,unaltered,dilution,62
beale,NA,unaltered,dilution,62
rating,12.36104486462822,unaltered,dilution,62
composite,12.507359762786917,unaltered,dilution,62
truth,13.844730978558188,unaltered,dilution,62
pw,6.4736204889770885,base,enrich,62
beale,NA,base,enrich,62
rating,14.342042997470337,base,enrich,62
composite,14.103854588772526,base,enrich,62
truth,14.732896464434363,base,enrich,62
pw,1.4699404038324426,storm,enrich,62
beale,NA,storm,enrich,62
rating,62.43854845208299,storm,enrich,62
composite,62.3911737129798,storm,enrich,62
truth,76.06619732769087,storm,enrich,62
pw,3.8829505674063536,unaltered,enrich,62
beale,NA,unaltered,enrich,62
rating,13.629258648593314,unaltered,enrich,62
composite,13.487406310030384,unaltered,enrich,62
truth,13.984363210203057,unaltered,enrich,62
pw,14.32271808541107,base,none,62
beale,NA,base,none,62
rating,15.844525760048086,base,none,62
composite,15.892114585864762,base,none,62
truth,15.96310195106181,base,none,62
pw,7.357671164851617,storm,none,62
beale,NA,storm,none,62
rating,13.133386727217873,storm,none,62
composite,12.682324139195225,storm,none,62
truth,13.760288179168993,storm,none,62
pw,11.583241080154576,unaltered,none,62
beale,NA,unaltered,none,62
rating,13.330920648442754,unaltered,none,62
composite,13.313415194069433,unaltered,none,62
truth,13.53109121804381,unaltered,none,62
pw,13.866632598213533,base,chemostatic,62
beale,NA,base,chemostatic,62
rating,15.90340795826875,base,chemostatic,62
composite,15.922520656065187,base,chemostatic,62
truth,15.987436383089644,base,chemostatic,62
pw,7.123377156001527,storm,chemostatic,62
beale,NA,storm,chemostatic,62
rating,13.680876015850528,storm,chemostatic,62
composite,13.748107971417543,storm,chemostatic,62
truth,13.780201453586095,storm,chemostatic,62
pw,11.214390131621979,unaltered,chemostatic,62
beale,NA,unaltered,chemostatic,62
rating,13.469078071504297,unaltered,chemostatic,62
composite,13.492878115842862,unaltered,chemostatic,62
truth,13.551739248737936,unaltered,chemostatic,62
pw,15.332563188334706,base,dilution,63
beale,NA,base,dilution,63
rating,12.020507258940386,base,dilution,63
composite,12.183740151003821,base,dilution,63
truth,12.53645502451058,base,dilution,63
pw,36.363282320467235,storm,dilution,63
beale,NA,storm,dilution,63
rating,12.523171764068017,storm,dilution,63
composite,12.164067148825916,storm,dilution,63
truth,17.63848567673295,storm,dilution,63
pw,16.74586336781637,unaltered,dilution,63
beale,NA,unaltered,dilution,63
rating,11.978527853210284,unaltered,dilution,63
composite,12.126374355167037,unaltered,dilution,63
truth,13.651019019681172,unaltered,dilution,63
pw,6.666228185694159,base,enrich,63
beale,NA,base,enrich,63
rating,14.005832928602349,base,enrich,63
composite,14.066051617975699,base,enrich,63
truth,14.47035140333164,base,enrich,63
pw,1.5918046186960453,storm,enrich,63
beale,NA,storm,enrich,63
rating,64.92891582112027,storm,enrich,63
composite,65.04907385078758,storm,enrich,63
truth,76.65236994495068,storm,enrich,63
pw,3.9806305582276784,unaltered,enrich,63
beale,NA,unaltered,enrich,63
rating,13.893570837077972,unaltered,enrich,63
composite,13.874354852437465,unaltered,enrich,63
truth,13.961383302054696,unaltered,enrich,63
pw,14.376599713309734,base,none,63
beale,NA,base,none,63
rating,15.163891530770519,base,none,63
composite,15.650316092916746,base,none,63
truth,15.925423676522028,base,none,63
pw,7.379677005990068,storm,none,63
beale,NA,storm,none,63
rating,12.665396298837399,storm,none,63
composite,13.178767219507172,storm,none,63
truth,13.744947282293058,storm,none,63
pw,11.617031450584532,unaltered,none,63
beale,NA,unaltered,none,63
rating,12.774483898740318,unaltered,none,63
composite,13.185008291192966,unaltered,none,63
truth,13.547110560099954,unaltered,none,63
pw,13.912150511365818,base,chemostatic,63
beale,NA,base,chemostatic,63
rating,15.88807293569827,base,chemostatic,63
composite,15.8895771430361,base,chemostatic,63
truth,15.921128579206886,base,chemostatic,63
pw,7.141269791183718,storm,chemostatic,63
beale,NA,storm,chemostatic,63
rating,13.827350040874911,storm,chemostatic,63
composite,13.820279787127957,storm,chemostatic,63
truth,13.75501372164213,storm,chemostatic,63
pw,11.24173262514765,unaltered,chemostatic,63
beale,NA,unaltered,chemostatic,63
rating,13.529007499445289,unaltered,chemostatic,63
composite,13.530376517939168,unaltered,chemostatic,63
truth,13.545183179403598,unaltered,chemostatic,63
pw,15.066177801542896,base,dilution,64
beale,NA,base,dilution,64
rating,12.015600837757319,base,dilution,64
composite,12.06561930363498,base,dilution,64
truth,12.60119986212728,base,dilution,64
pw,35.277401199842245,storm,dilution,64
beale,NA,storm,dilution,64
rating,12.748542908700236,storm,dilution,64
composite,11.630348802988012,storm,dilution,64
truth,17.57389054625282,storm,dilution,64
pw,16.49737578203265,unaltered,dilution,64
beale,NA,unaltered,dilution,64
rating,12.164071861088674,unaltered,dilution,64
composite,12.153098494002103,unaltered,dilution,64
truth,13.883015286073485,unaltered,dilution,64
pw,6.088169263339468,base,enrich,64
beale,NA,base,enrich,64
rating,14.822578763570057,base,enrich,64
composite,14.769072330233936,base,enrich,64
truth,14.460502625944349,base,enrich,64
pw,1.5428228871818495,storm,enrich,64
beale,NA,storm,enrich,64
rating,70.70672059516248,storm,enrich,64
composite,70.81519441367654,storm,enrich,64
truth,75.00661818810029,storm,enrich,64
pw,3.95148805440881,unaltered,enrich,64
beale,NA,unaltered,enrich,64
rating,15.19299478415995,unaltered,enrich,64
composite,15.156873078386385,unaltered,enrich,64
truth,13.922806200361444,unaltered,enrich,64
pw,14.069178340183486,base,none,64
beale,NA,base,none,64
rating,16.375844103863496,base,none,64
composite,17.20935625002904,base,none,64
truth,16.038474327316642,base,none,64
pw,7.210993650984658,storm,none,64
beale,NA,storm,none,64
rating,14.893272129962046,storm,none,64
composite,16.19498212750365,storm,none,64
truth,13.97903209776796,storm,none,64
pw,11.306048006123742,unaltered,none,64
beale,NA,unaltered,none,64
rating,14.018921050124089,unaltered,none,64
composite,14.833134602609336,unaltered,none,64
truth,13.616064625603782,unaltered,none,64
pw,14.190630860782356,base,chemostatic,64
beale,NA,base,chemostatic,64
rating,16.131066802832766,base,chemostatic,64
composite,16.15265329556727,base,chemostatic,64
truth,15.981454874001987,base,chemostatic,64
pw,7.273242727210605,storm,chemostatic,64
beale,NA,storm,chemostatic,64
rating,13.901963360988168,storm,chemostatic,64
composite,13.847011614763941,storm,chemostatic,64
truth,13.779509907400117,storm,chemostatic,64
pw,11.403647737618625,unaltered,chemostatic,64
beale,NA,unaltered,chemostatic,64
rating,13.681593558043282,unaltered,chemostatic,64
composite,13.692549550311684,unaltered,chemostatic,64
truth,13.551015911941553,unaltered,chemostatic,64
pw,14.691747487385767,base,dilution,65
beale,NA,base,dilution,65
rating,11.732145446581653,base,dilution,65
composite,11.723614492141847,base,dilution,65
truth,12.397362835432263,base,dilution,65
pw,33.54312808788905,storm,dilution,65
beale,NA,storm,dilution,65
rating,12.347455976079623,storm,dilution,65
composite,10.743303072189159,storm,dilution,65
truth,17.23957469003706,storm,dilution,65
pw,15.858572424848965,unaltered,dilution,65
beale,NA,unaltered,dilution,65
rating,11.766086204229792,unaltered,dilution,65
composite,11.694737101375098,unaltered,dilution,65
truth,13.402430168828902,unaltered,dilution,65
pw,6.09944374506234,base,enrich,65
beale,NA,base,enrich,65
rating,14.364815885086303,base,enrich,65
composite,14.48458055773453,base,enrich,65
truth,14.694967911561841,base,enrich,65
pw,1.5295687766174906,storm,enrich,65
beale,NA,storm,enrich,65
rating,63.24939828273044,storm,enrich,65
composite,63.51726447115819,storm,enrich,65
truth,76.13153885124855,storm,enrich,65
pw,3.966658811217897,unaltered,enrich,65
beale,NA,unaltered,enrich,65
rating,13.813254605218557,unaltered,enrich,65
composite,13.879908848911388,unaltered,enrich,65
truth,13.908436985774637,unaltered,enrich,65
pw,14.258501699224615,base,none,65
beale,NA,base,none,65
rating,14.710678339358779,base,none,65
composite,15.301593548135815,base,none,65
truth,15.847446771084842,base,none,65
pw,7.350968891157808,storm,none,65
beale,NA,storm,none,65
rating,11.712348537948786,storm,none,65
composite,12.035253245667224,storm,none,65
truth,13.604773564103445,storm,none,65
pw,11.606716424754541,unaltered,none,65
beale,NA,unaltered,none,65
rating,12.401685655495017,unaltered,none,65
composite,12.888152908420773,unaltered,none,65
truth,13.5049617512238,unaltered,none,65
pw,13.869165711808938,base,chemostatic,65
beale,NA,base,chemostatic,65
rating,15.943283769988069,base,chemostatic,65
composite,16.016285919683305,base,chemostatic,65
truth,15.87312220455061,base,chemostatic,65
pw,7.150246768169494,storm,chemostatic,65
beale,NA,storm,chemostatic,65
rating,13.879288925766714,storm,chemostatic,65
composite,14.09642095527663,storm,chemostatic,65
truth,13.755429072007416,storm,chemostatic,65
pw,11.289788847424916,unaltered,chemostatic,65
beale,NA,unaltered,chemostatic,65
rating,13.614367955103418,unaltered,chemostatic,65
composite,13.692094231212174,unaltered,chemostatic,65
truth,13.54127594250095,unaltered,chemostatic,65
pw,14.674195428221426,base,dilution,66
beale,NA,base,dilution,66
rating,11.86051436023147,base,dilution,66
composite,12.01983449996901,base,dilution,66
truth,12.365944505254168,base,dilution,66
pw,32.79466778481326,storm,dilution,66
beale,NA,storm,dilution,66
rating,12.38378901376402,storm,dilution,66
composite,11.05596125249055,storm,dilution,66
truth,17.2831561453963,storm,dilution,66
pw,15.560454515222096,unaltered,dilution,66
beale,NA,unaltered,dilution,66
rating,11.757127947587463,unaltered,dilution,66
composite,11.758442600146543,unaltered,dilution,66
truth,13.402712613875245,unaltered,dilution,66
pw,5.968657424544206,base,enrich,66
beale,NA,base,enrich,66
rating,12.912811448737832,base,enrich,66
composite,12.768890273255465,base,enrich,66
truth,13.529362325250007,base,enrich,66
pw,1.5043489700386523,storm,enrich,66
beale,NA,storm,enrich,66
rating,60.11805700633282,storm,enrich,66
composite,60.174723873278815,storm,enrich,66
truth,75.96849397493472,storm,enrich,66
pw,3.8811435428612224,unaltered,enrich,66
beale,NA,unaltered,enrich,66
rating,13.039663505037442,unaltered,enrich,66
composite,12.988987595209734,unaltered,enrich,66
truth,13.747121926285011,unaltered,enrich,66
pw,13.547573175046715,base,none,66
beale,NA,base,none,66
rating,14.015643468668005,base,none,66
composite,14.637694988706905,base,none,66
truth,15.628420859869115,base,none,66
pw,7.044211922867318,storm,none,66
beale,NA,storm,none,66
rating,11.291627354817106,storm,none,66
composite,12.328336747625475,storm,none,66
truth,13.66824430332181,storm,none,66
pw,11.072858020640725,unaltered,none,66
beale,NA,unaltered,none,66
rating,11.943099654690633,unaltered,none,66
composite,12.535710069298968,unaltered,none,66
truth,13.51291565171875,unaltered,none,66
pw,13.700764440070134,base,chemostatic,66
beale,NA,base,chemostatic,66
rating,15.331574962557932,base,chemostatic,66
composite,15.304304421792622,base,chemostatic,66
truth,15.636237937344614,base,chemostatic,66
pw,7.12386543140453,storm,chemostatic,66
beale,NA,storm,chemostatic,66
rating,13.263891899994418,storm,chemostatic,66
composite,13.129806079021455,storm,chemostatic,66
truth,13.771840876375894,storm,chemostatic,66
pw,11.1980660638592,unaltered,chemostatic,66
beale,NA,unaltered,chemostatic,66
rating,13.225207714363998,unaltered,chemostatic,66
composite,13.189956001214256,unaltered,chemostatic,66
truth,13.529226934247484,unaltered,chemostatic,66
pw,14.940819024944759,base,dilution,67
beale,NA,base,dilution,67
rating,11.737085158870528,base,dilution,67
composite,11.795504925034395,base,dilution,67
truth,12.35535077348043,base,dilution,67
pw,33.9291799585526,storm,dilution,67
beale,NA,storm,dilution,67
rating,12.527140999962864,storm,dilution,67
composite,11.499466652502191,storm,dilution,67
truth,22.80535702576567,storm,dilution,67
pw,16.15825106435403,unaltered,dilution,67
beale,NA,unaltered,dilution,67
rating,11.980142114997877,unaltered,dilution,67
composite,12.04964163181771,unaltered,dilution,67
truth,13.520377380400205,unaltered,dilution,67
pw,5.95898759984188,base,enrich,67
beale,NA,base,enrich,67
rating,13.838553295083784,base,enrich,67
composite,13.820790136699769,base,enrich,67
truth,14.077238951744581,base,enrich,67
pw,1.587487413525426,storm,enrich,67
beale,NA,storm,enrich,67
rating,60.66311507819426,storm,enrich,67
composite,60.82289877811111,storm,enrich,67
truth,75.95120613323496,storm,enrich,67
pw,4.035601740161036,unaltered,enrich,67
beale,NA,unaltered,enrich,67
rating,13.02490142119426,unaltered,enrich,67
composite,13.028345395581901,unaltered,enrich,67
truth,13.778657991966185,unaltered,enrich,67
pw,13.575004647940458,base,none,67
beale,NA,base,none,67
rating,14.139534872258677,base,none,67
composite,15.00026951474629,base,none,67
truth,15.703672297349197,base,none,67
pw,7.070208029227533,storm,none,67
beale,NA,storm,none,67
rating,11.049669973003542,storm,none,67
composite,12.11477003545561,storm,none,67
truth,13.69726130282913,storm,none,67
pw,11.178305484999315,unaltered,none,67
beale,NA,unaltered,none,67
rating,11.967109663706902,unaltered,none,67
composite,12.773010585800018,unaltered,none,67
truth,13.499621029652582,unaltered,none,67
pw,13.640283559578831,base,chemostatic,67
beale,NA,base,chemostatic,67
rating,15.684273754692285,base,chemostatic,67
composite,15.697885493185453,base,chemostatic,67
truth,15.741588339093317,base,chemostatic,67
pw,7.104206948356808,storm,chemostatic,67
beale,NA,storm,chemostatic,67
rating,13.683026825614062,storm,chemostatic,67
composite,13.722563914331962,storm,chemostatic,67
truth,13.73833979193199,storm,chemostatic,67
pw,11.232059250463603,unaltered,chemostatic,67
beale,NA,unaltered,chemostatic,67
rating,13.473213049881062,unaltered,chemostatic,67
composite,13.492018052084958,unaltered,chemostatic,67
truth,13.532352370161968,unaltered,chemostatic,67
pw,15.13488590242172,base,dilution,68
beale,NA,base,dilution,68
rating,12.07505366244716,base,dilution,68
composite,12.177979934545569,base,dilution,68
truth,12.509952431956597,base,dilution,68
pw,34.46654552143367,storm,dilution,68
beale,NA,storm,dilution,68
rating,12.817061371179669,storm,dilution,68
composite,11.750684181863297,storm,dilution,68
truth,18.71090839750908,storm,dilution,68
pw,16.385751965567867,unaltered,dilution,68
beale,NA,unaltered,dilution,68
rating,12.248088265951552,unaltered,dilution,68
composite,12.267630222269572,unaltered,dilution,68
truth,13.574985219038343,unaltered,dilution,68
pw,6.604516274097928,base,enrich,68
beale,NA,base,enrich,68
rating,15.986097150212794,base,enrich,68
composite,15.867271279798063,base,enrich,68
truth,15.122048670182863,base,enrich,68
pw,1.5716394702329513,storm,enrich,68
beale,NA,storm,enrich,68
rating,70.31932224683572,storm,enrich,68
composite,70.376739517411,storm,enrich,68
truth,79.45405820964788,storm,enrich,68
pw,4.009702260048939,unaltered,enrich,68
beale,NA,unaltered,enrich,68
rating,14.53681917949494,unaltered,enrich,68
composite,14.468318992729841,unaltered,enrich,68
truth,14.172007491644724,unaltered,enrich,68
pw,14.234239944625662,base,none,68
beale,NA,base,none,68
rating,14.991081673622675,base,none,68
composite,16.051374288185038,base,none,68
truth,15.937716253706403,base,none,68
pw,7.309724509515296,storm,none,68
beale,NA,storm,none,68
rating,12.020004960968848,storm,none,68
composite,13.998613634345618,storm,none,68
truth,13.747527397548891,storm,none,68
pw,11.510294922215863,unaltered,none,68
beale,NA,unaltered,none,68
rating,12.524803037326604,unaltered,none,68
composite,13.554161210912643,unaltered,none,68
truth,13.51825516780389,unaltered,none,68
pw,14.04506202690858,base,chemostatic,68
beale,NA,base,chemostatic,68
rating,16.055711661344382,base,chemostatic,68
composite,16.087606245859227,base,chemostatic,68
truth,15.987423622433845,base,chemostatic,68
pw,7.21257577047653,storm,chemostatic,68
beale,NA,storm,chemostatic,68
rating,13.842020436690103,storm,chemostatic,68
composite,13.852103019715459,storm,chemostatic,68
truth,13.84090584960108,storm,chemostatic,68
pw,11.35731916557798,unaltered,chemostatic,68
beale,NA,unaltered,chemostatic,68
rating,13.610311147848332,unaltered,chemostatic,68
composite,13.63845148112806,unaltered,chemostatic,68
truth,13.565757623664945,unaltered,chemostatic,68
pw,14.572229441642436,base,dilution,69
beale,NA,base,dilution,69
rating,12.109123739208218,base,dilution,69
composite,12.241314734134194,base,dilution,69
truth,12.49621460188362,base,dilution,69
pw,29.061121118431945,storm,dilution,69
beale,NA,storm,dilution,69
rating,12.806892474968674,storm,dilution,69
composite,11.840940160692606,storm,dilution,69
truth,19.040496772032004,storm,dilution,69
pw,15.619134295635686,unaltered,dilution,69
beale,NA,unaltered,dilution,69
rating,12.183071690522548,unaltered,dilution,69
composite,12.239992798887325,unaltered,dilution,69
truth,13.784519117573364,unaltered,dilution,69
pw,5.872444595156424,base,enrich,69
beale,NA,base,enrich,69
rating,15.301404112016598,base,enrich,69
composite,15.488414433684957,base,enrich,69
truth,14.194723697423196,base,enrich,69
pw,1.1223453931434109,storm,enrich,69
beale,NA,storm,enrich,69
rating,68.99554841419533,storm,enrich,69
composite,69.34616125306715,storm,enrich,69
truth,76.01142951952518,storm,enrich,69
pw,3.60042825587386,unaltered,enrich,69
beale,NA,unaltered,enrich,69
rating,15.139278363520432,unaltered,enrich,69
composite,15.286234511649308,unaltered,enrich,69
truth,13.920816140072661,unaltered,enrich,69
pw,13.354505533172748,base,none,69
beale,NA,base,none,69
rating,14.813516690112237,base,none,69
composite,15.181702808196585,base,none,69
truth,15.856763558064845,base,none,69
pw,6.858241040167765,storm,none,69
beale,NA,storm,none,69
rating,12.480726947734395,storm,none,69
composite,13.12276625388216,storm,none,69
truth,13.61780607060565,storm,none,69
pw,10.772471636131108,unaltered,none,69
beale,NA,unaltered,none,69
rating,12.523341037509486,unaltered,none,69
composite,12.903203774580556,unaltered,none,69
truth,13.490624166630488,unaltered,none,69
pw,13.83813362837091,base,chemostatic,69
beale,NA,base,chemostatic,69
rating,15.846034103705897,base,chemostatic,69
composite,15.921690891246051,base,chemostatic,69
truth,15.91467457734849,base,chemostatic,69
pw,7.106609505958364,storm,chemostatic,69
beale,NA,storm,chemostatic,69
rating,13.949985004744388,storm,chemostatic,69
composite,14.123733716165352,storm,chemostatic,69
truth,13.790512304304652,storm,chemostatic,69
pw,11.162592402865373,unaltered,chemostatic,69
beale,NA,unaltered,chemostatic,69
rating,13.537103373047568,unaltered,chemostatic,69
composite,13.616662666911202,unaltered,chemostatic,69
truth,13.554762777746236,unaltered,chemostatic,69
pw,14.764952326785687,base,dilution,70
beale,NA,base,dilution,70
rating,12.179669638506807,base,dilution,70
composite,12.437371799744978,base,dilution,70
truth,12.265884264202151,base,dilution,70
pw,106.13269821823819,storm,dilution,70
beale,NA,storm,dilution,70
rating,13.84422872841683,storm,dilution,70
composite,55.384074574337205,storm,dilution,70
truth,19.722617672709912,storm,dilution,70
pw,43.625391339131546,unaltered,dilution,70
beale,NA,unaltered,dilution,70
rating,13.226988226588231,unaltered,dilution,70
composite,31.853609415527867,unaltered,dilution,70
truth,13.80364465375256,unaltered,dilution,70
pw,5.903942421380544,base,enrich,70
beale,NA,base,enrich,70
rating,14.230885005662548,base,enrich,70
composite,14.27234845592729,base,enrich,70
truth,13.789008425976194,base,enrich,70
pw,1.530444172617305,storm,enrich,70
beale,NA,storm,enrich,70
rating,92.93520609732099,storm,enrich,70
composite,92.4536574410003,storm,enrich,70
truth,74.48287404270778,storm,enrich,70
pw,3.940201131334565,unaltered,enrich,70
beale,NA,unaltered,enrich,70
rating,18.011737456780452,unaltered,enrich,70
composite,17.696505044062068,unaltered,enrich,70
truth,13.603113621805583,unaltered,enrich,70
pw,12.967776307421207,base,none,70
beale,NA,base,none,70
rating,13.82252687079416,base,none,70
composite,14.16681387204096,base,none,70
truth,15.629108942290001,base,none,70
pw,6.76574454406451,storm,none,70
beale,NA,storm,none,70
rating,11.466106668758588,storm,none,70
composite,11.393947499737754,storm,none,70
truth,13.666132476554164,storm,none,70
pw,10.664721573863803,unaltered,none,70
beale,NA,unaltered,none,70
rating,11.829222477934998,unaltered,none,70
composite,12.096733859414487,unaltered,none,70
truth,13.49264482856143,unaltered,none,70
pw,13.662357676353938,base,chemostatic,70
beale,NA,base,chemostatic,70
rating,15.438249012901798,base,chemostatic,70
composite,15.415266669540198,base,chemostatic,70
truth,15.664650555176515,base,chemostatic,70
pw,7.1281320495133915,storm,chemostatic,70
beale,NA,storm,chemostatic,70
rating,13.34405343151482,storm,chemostatic,70
composite,13.302528662756671,storm,chemostatic,70
truth,13.75443957274991,storm,chemostatic,70
pw,11.235946488178651,unaltered,chemostatic,70
beale,NA,unaltered,chemostatic,70
rating,13.295241387445838,unaltered,chemostatic,70
composite,13.272276507870757,unaltered,chemostatic,70
truth,13.528478802785276,unaltered,chemostatic,70
pw,14.842198522178451,base,dilution,71
beale,NA,base,dilution,71
rating,11.550968066136559,base,dilution,71
composite,11.6893535371457,base,dilution,71
truth,12.114949871320466,base,dilution,71
pw,35.35168515134084,storm,dilution,71
beale,NA,storm,dilution,71
rating,12.265727619196788,storm,dilution,71
composite,11.970613082192024,storm,dilution,71
truth,16.95235377599642,storm,dilution,71
pw,16.447560432715758,unaltered,dilution,71
beale,NA,unaltered,dilution,71
rating,11.771876477349245,unaltered,dilution,71
composite,12.125413130121837,unaltered,dilution,71
truth,13.036468678617974,unaltered,dilution,71
pw,5.682375970960123,base,enrich,71
beale,NA,base,enrich,71
rating,13.193355420629727,base,enrich,71
composite,13.185441206840135,base,enrich,71
truth,13.250200394414138,base,enrich,71
pw,1.514409506770741,storm,enrich,71
beale,NA,storm,enrich,71
rating,66.66835198517035,storm,enrich,71
composite,66.71622368942862,storm,enrich,71
truth,73.40168535726349,storm,enrich,71
pw,3.8086206801995477,unaltered,enrich,71
beale,NA,unaltered,enrich,71
rating,14.070450022897731,unaltered,enrich,71
composite,14.011692538082427,unaltered,enrich,71
truth,13.408369812908315,unaltered,enrich,71
pw,14.429840251847814,base,none,71
beale,NA,base,none,71
rating,16.699857508539463,base,none,71
composite,17.49547794904519,base,none,71
truth,15.42490233516729,base,none,71
pw,7.553334201783869,storm,none,71
beale,NA,storm,none,71
rating,16.55289133026907,storm,none,71
composite,17.01904376183214,storm,none,71
truth,13.666887500002831,storm,none,71
pw,11.891227256350735,unaltered,none,71
beale,NA,unaltered,none,71
rating,14.900663488048476,unaltered,none,71
composite,15.54283053617175,unaltered,none,71
truth,13.478211630646744,unaltered,none,71
pw,13.525432754210295,base,chemostatic,71
beale,NA,base,chemostatic,71
rating,15.348716896196484,base,chemostatic,71
composite,15.3771124875489,base,chemostatic,71
truth,15.456380970820861,base,chemostatic,71
pw,7.07991994597598,storm,chemostatic,71
beale,NA,storm,chemostatic,71
rating,13.784504595329812,storm,chemostatic,71
composite,13.826954235892057,storm,chemostatic,71
truth,13.693399779140094,storm,chemostatic,71
pw,11.145930364697477,unaltered,chemostatic,71
beale,NA,unaltered,chemostatic,71
rating,13.441506342674261,unaltered,chemostatic,71
composite,13.465612866474228,unaltered,chemostatic,71
truth,13.505062289786894,unaltered,chemostatic,71
pw,14.54598727432992,base,dilution,72
beale,NA,base,dilution,72
rating,11.974444483327026,base,dilution,72
composite,12.275264120847874,base,dilution,72
truth,12.629698207331618,base,dilution,72
pw,35.647407444117924,storm,dilution,72
beale,NA,storm,dilution,72
rating,12.800994351067573,storm,dilution,72
composite,13.022172182903692,storm,dilution,72
truth,17.52259656210086,storm,dilution,72
pw,16.701898498136025,unaltered,dilution,72
beale,NA,unaltered,dilution,72
rating,12.17660697022875,unaltered,dilution,72
composite,12.421024017562221,unaltered,dilution,72
truth,13.699524001928745,unaltered,dilution,72
pw,5.918886021588336,base,enrich,72
beale,NA,base,enrich,72
rating,17.699357703212613,base,enrich,72
composite,17.75986427171447,base,enrich,72
truth,15.287328169438345,base,enrich,72
pw,1.5696910803357664,storm,enrich,72
beale,NA,storm,enrich,72
rating,77.77262815720644,storm,enrich,72
composite,77.88464220954806,storm,enrich,72
truth,78.69658477588324,storm,enrich,72
pw,4.067472396474927,unaltered,enrich,72
beale,NA,unaltered,enrich,72
rating,16.16714848714085,unaltered,enrich,72
composite,16.165720152426267,unaltered,enrich,72
truth,14.205133454591754,unaltered,enrich,72
pw,14.134656270382797,base,none,72
beale,NA,base,none,72
rating,15.14369622906907,base,none,72
composite,16.016462368294032,base,none,72
truth,16.081821357652938,base,none,72
pw,7.182367918798648,storm,none,72
beale,NA,storm,none,72
rating,12.381737973632857,storm,none,72
composite,13.455131849194016,storm,none,72
truth,13.777086989950872,storm,none,72
pw,11.300976244955693,unaltered,none,72
beale,NA,unaltered,none,72
rating,12.648401168636628,unaltered,none,72
composite,13.448342647647266,unaltered,none,72
truth,13.541359741510908,unaltered,none,72
pw,14.025871873172894,base,chemostatic,72
beale,NA,base,chemostatic,72
rating,15.87050347646195,base,chemostatic,72
composite,15.836197795462855,base,chemostatic,72
truth,16.099330641356794,base,chemostatic,72
pw,7.127090340791786,storm,chemostatic,72
beale,NA,storm,chemostatic,72
rating,13.458274698943745,storm,chemostatic,72
composite,13.265938092779505,storm,chemostatic,72
truth,13.788169023495433,storm,chemostatic,72
pw,11.21400066768135,unaltered,chemostatic,72
beale,NA,unaltered,chemostatic,72
rating,13.34515721086012,unaltered,chemostatic,72
composite,13.30280645565238,unaltered,chemostatic,72
truth,13.558489846291891,unaltered,chemostatic,72
pw,14.961618584345336,base,dilution,73
beale,NA,base,dilution,73
rating,12.479744181586144,base,dilution,73
composite,12.435490568873169,base,dilution,73
truth,12.443417208117348,base,dilution,73
pw,35.27065710690861,storm,dilution,73
beale,NA,storm,dilution,73
rating,12.936426095245288,storm,dilution,73
composite,11.513277889267526,storm,dilution,73
truth,17.098049644411617,storm,dilution,73
pw,16.698511221530083,unaltered,dilution,73
beale,NA,unaltered,dilution,73
rating,12.353771650953062,unaltered,dilution,73
composite,12.29962349409367,unaltered,dilution,73
truth,13.375227700510628,unaltered,dilution,73
pw,5.482373837385409,base,enrich,73
beale,NA,base,enrich,73
rating,13.901523529183205,base,enrich,73
composite,13.997795929957519,base,enrich,73
truth,13.929809641776457,base,enrich,73
pw,1.504864020602808,storm,enrich,73
beale,NA,storm,enrich,73
rating,61.64863991729412,storm,enrich,73
composite,61.72595157671235,storm,enrich,73
truth,75.5257699288152,storm,enrich,73
pw,3.94963661103888,unaltered,enrich,73
beale,NA,unaltered,enrich,73
rating,13.495654330917338,unaltered,enrich,73
composite,13.448429568197806,unaltered,enrich,73
truth,13.855144896543278,unaltered,enrich,73
pw,13.930631944819975,base,none,73
beale,NA,base,none,73
rating,15.100229571706366,base,none,73
composite,15.71547407172672,base,none,73
truth,15.788911266436665,base,none,73
pw,7.173590279327062,storm,none,73
beale,NA,storm,none,73
rating,12.853599121828548,storm,none,73
composite,12.979471081148802,storm,none,73
truth,13.686504163525637,storm,none,73
pw,11.295021492411228,unaltered,none,73
beale,NA,unaltered,none,73
rating,12.900005799329215,unaltered,none,73
composite,13.374037125553278,unaltered,none,73
truth,13.514898262437567,unaltered,none,73
pw,14.056193870869976,base,chemostatic,73
beale,NA,base,chemostatic,73
rating,15.862219765637285,base,chemostatic,73
composite,15.853356191078365,base,chemostatic,73
truth,15.812186254520212,base,chemostatic,73
pw,7.238248495532454,storm,chemostatic,73
beale,NA,storm,chemostatic,73
rating,13.681695507770574,storm,chemostatic,73
composite,13.639296314290702,storm,chemostatic,73
truth,13.726916341356475,storm,chemostatic,73
pw,11.396827688927008,unaltered,chemostatic,73
beale,NA,unaltered,chemostatic,73
rating,13.563315227180937,unaltered,chemostatic,73
composite,13.551008964789162,unaltered,chemostatic,73
truth,13.53785114801866,unaltered,chemostatic,73
pw,15.112083043238298,base,dilution,74
beale,NA,base,dilution,74
rating,12.067245738533302,base,dilution,74
composite,12.095261342485799,base,dilution,74
truth,12.366744096680014,base,dilution,74
pw,34.01315984027848,storm,dilution,74
beale,NA,storm,dilution,74
rating,12.714645276886177,storm,dilution,74
composite,11.365387863189483,storm,dilution,74
truth,19.788702819350313,storm,dilution,74
pw,16.404534994213417,unaltered,dilution,74
beale,NA,unaltered,dilution,74
rating,12.212566862821753,unaltered,dilution,74
composite,12.256434787951832,unaltered,dilution,74
truth,13.640390616932574,unaltered,dilution,74
pw,6.57366419823212,base,enrich,74
beale,NA,base,enrich,74
rating,14.572242042707495,base,enrich,74
composite,14.685553415599662,base,enrich,74
truth,14.387955835084862,base,enrich,74
pw,1.642237329464067,storm,enrich,74
beale,NA,storm,enrich,74
rating,65.96179975029388,storm,enrich,74
composite,66.25664679955767,storm,enrich,74
truth,75.2060066433082,storm,enrich,74
pw,4.0611340188133775,unaltered,enrich,74
beale,NA,unaltered,enrich,74
rating,14.109849272437511,unaltered,enrich,74
composite,14.221707624635009,unaltered,enrich,74
truth,13.76886389537554,unaltered,enrich,74
pw,14.150486710163708,base,none,74
beale,NA,base,none,74
rating,15.92467775983949,base,none,74
composite,16.257839775798264,base,none,74
truth,15.880741966388522,base,none,74
pw,7.296202821511193,storm,none,74
beale,NA,storm,none,74
rating,14.356601399223162,storm,none,74
composite,14.330121181309387,storm,none,74
truth,13.890173524592075,storm,none,74
pw,11.469233175099092,unaltered,none,74
beale,NA,unaltered,none,74
rating,13.689073556682379,unaltered,none,74
composite,13.929351894814996,unaltered,none,74
truth,13.58697632817596,unaltered,none,74
pw,13.927393781136349,base,chemostatic,74
beale,NA,base,chemostatic,74
rating,15.643223930677213,base,chemostatic,74
composite,15.641959891667065,base,chemostatic,74
truth,15.831041999171736,base,chemostatic,74
pw,7.181172766957698,storm,chemostatic,74
beale,NA,storm,chemostatic,74
rating,13.419405539896966,storm,chemostatic,74
composite,13.455005355108566,storm,chemostatic,74
truth,13.750261962670168,storm,chemostatic,74
pw,11.288412198751132,unaltered,chemostatic,74
beale,NA,unaltered,chemostatic,74
rating,13.3404467526394,unaltered,chemostatic,74
composite,13.341245948552286,unaltered,chemostatic,74
truth,13.533016405405801,unaltered,chemostatic,74
pw,14.710074763107592,base,dilution,75
beale,NA,base,dilution,75
rating,12.053894803219471,base,dilution,75
composite,12.1958572042903,base,dilution,75
truth,12.389657256154159,base,dilution,75
pw,34.41219322091239,storm,dilution,75
beale,NA,storm,dilution,75
rating,12.607030249105408,storm,dilution,75
composite,12.634895339762098,storm,dilution,75
truth,18.96283623783891,storm,dilution,75
pw,16.261015867661946,unaltered,dilution,75
beale,NA,unaltered,dilution,75
rating,12.030309116683245,unaltered,dilution,75
composite,12.201390428912006,unaltered,dilution,75
truth,13.819168632688426,unaltered,dilution,75
pw,5.52742066488384,base,enrich,75
beale,NA,base,enrich,75
rating,12.119813957867596,base,enrich,75
composite,12.238617363256578,base,enrich,75
truth,14.067236191558175,base,enrich,75
pw,1.463727685563094,storm,enrich,75
beale,NA,storm,enrich,75
rating,54.34647881330306,storm,enrich,75
composite,54.723459323313556,storm,enrich,75
truth,75.73735440037865,storm,enrich,75
pw,3.8370137850141974,unaltered,enrich,75
beale,NA,unaltered,enrich,75
rating,12.110316985465483,unaltered,enrich,75
composite,12.272082532423786,unaltered,enrich,75
truth,13.819153465531418,unaltered,enrich,75
pw,14.755843325798125,base,none,75
beale,NA,base,none,75
rating,16.943541628651563,base,none,75
composite,17.82947517842171,base,none,75
truth,15.820774681159596,base,none,75
pw,7.604482775282246,storm,none,75
beale,NA,storm,none,75
rating,15.061364900759218,storm,none,75
composite,16.45252088317109,storm,none,75
truth,13.855494987940974,storm,none,75
pw,11.967177063447334,unaltered,none,75
beale,NA,unaltered,none,75
rating,14.552007055679143,unaltered,none,75
composite,15.414689904836653,unaltered,none,75
truth,13.572654590734185,unaltered,none,75
pw,13.819036156806837,base,chemostatic,75
beale,NA,base,chemostatic,75
rating,15.664892170020192,base,chemostatic,75
composite,15.759943125504597,base,chemostatic,75
truth,15.801696079506183,base,chemostatic,75
pw,7.121695460246163,storm,chemostatic,75
beale,NA,storm,chemostatic,75
rating,13.666050938973632,storm,chemostatic,75
composite,13.692383179173207,storm,chemostatic,75
truth,13.784055531859773,storm,chemostatic,75
pw,11.20741450578822,unaltered,chemostatic,75
beale,NA,unaltered,chemostatic,75
rating,13.438914271302059,unaltered,chemostatic,75
composite,13.517502192061123,unaltered,chemostatic,75
truth,13.54952964619527,unaltered,chemostatic,75
pw,15.522326147587995,base,dilution,76
beale,NA,base,dilution,76
rating,12.221454794087704,base,dilution,76
composite,12.491488173046124,base,dilution,76
truth,12.451021718801911,base,dilution,76
pw,36.319158793487894,storm,dilution,76
beale,NA,storm,dilution,76
rating,13.00021311744058,storm,dilution,76
composite,12.557955498184741,storm,dilution,76
truth,17.338386778056197,storm,dilution,76
pw,16.991396421514132,unaltered,dilution,76
beale,NA,unaltered,dilution,76
rating,12.413998164353297,unaltered,dilution,76
composite,12.569855448974975,unaltered,dilution,76
truth,13.369672916013851,unaltered,dilution,76
pw,6.497412692106106,base,enrich,76
beale,NA,base,enrich,76
rating,13.226366322866308,base,enrich,76
composite,13.258540488779731,base,enrich,76
truth,13.831149829717768,base,enrich,76
pw,1.5292703962757772,storm,enrich,76
beale,NA,storm,enrich,76
rating,60.27317457231422,storm,enrich,76
composite,60.526491780712774,storm,enrich,76
truth,73.59627038185434,storm,enrich,76
pw,3.845319836537295,unaltered,enrich,76
beale,NA,unaltered,enrich,76
rating,13.132460933843104,unaltered,enrich,76
composite,13.172293103870844,unaltered,enrich,76
truth,13.724402448055503,unaltered,enrich,76
pw,13.718510366514277,base,none,76
beale,NA,base,none,76
rating,14.684263002176797,base,none,76
composite,14.965842889683813,base,none,76
truth,15.899941018181877,base,none,76
pw,7.036503865994116,storm,none,76
beale,NA,storm,none,76
rating,13.042228352485893,storm,none,76
composite,12.531375136164469,storm,none,76
truth,13.767005012909223,storm,none,76
pw,11.053229928382448,unaltered,none,76
beale,NA,unaltered,none,76
rating,12.521696280323862,unaltered,none,76
composite,12.671282520643745,unaltered,none,76
truth,13.579697556439928,unaltered,none,76
pw,14.052900713959716,base,chemostatic,76
beale,NA,base,chemostatic,76
rating,16.130851947949903,base,chemostatic,76
composite,16.16497279144825,base,chemostatic,76
truth,15.854938576673208,base,chemostatic,76
pw,7.208019497771039,storm,chemostatic,76
beale,NA,storm,chemostatic,76
rating,14.306869552919297,storm,chemostatic,76
composite,14.32796639309872,storm,chemostatic,76
truth,13.74109947769336,storm,chemostatic,76
pw,11.322653743169804,unaltered,chemostatic,76
beale,NA,unaltered,chemostatic,76
rating,13.837166726037493,unaltered,chemostatic,76
composite,13.868132766144074,unaltered,chemostatic,76
truth,13.541248619317587,unaltered,chemostatic,76
pw,13.884540358516634,base,dilution,77
beale,NA,base,dilution,77
rating,12.110578210240325,base,dilution,77
composite,12.268698707859903,base,dilution,77
truth,12.555342813914269,base,dilution,77
pw,34.626091059337995,storm,dilution,77
beale,NA,storm,dilution,77
rating,12.876332619919978,storm,dilution,77
composite,13.085140766740727,storm,dilution,77
truth,18.862782989029498,storm,dilution,77
pw,16.451312736320403,unaltered,dilution,77
beale,NA,unaltered,dilution,77
rating,12.28205650518141,unaltered,dilution,77
composite,12.453408374213494,unaltered,dilution,77
truth,14.628814871675447,unaltered,dilution,77
pw,4.6845484285542875,base,enrich,77
beale,NA,base,enrich,77
rating,16.274627650750386,base,enrich,77
composite,16.464684530125684,base,enrich,77
truth,14.648680238892295,base,enrich,77
pw,1.5826399277166532,storm,enrich,77
beale,NA,storm,enrich,77
rating,69.98907071473087,storm,enrich,77
composite,70.29208677187077,storm,enrich,77
truth,77.94917934051429,storm,enrich,77
pw,4.057362173346356,unaltered,enrich,77
beale,NA,unaltered,enrich,77
rating,14.740618950723242,unaltered,enrich,77
composite,14.846556664150697,unaltered,enrich,77
truth,14.06183096914393,unaltered,enrich,77
pw,14.286318270024546,base,none,77
beale,NA,base,none,77
rating,15.352074346406695,base,none,77
composite,15.951872782321008,base,none,77
truth,15.971441362358583,base,none,77
pw,7.3062785529157965,storm,none,77
beale,NA,storm,none,77
rating,12.97904316141012,storm,none,77
composite,13.063000475894725,storm,none,77
truth,13.793958722294407,storm,none,77
pw,11.495507917648617,unaltered,none,77
beale,NA,unaltered,none,77
rating,12.977902360282753,unaltered,none,77
composite,13.439394446533115,unaltered,none,77
truth,13.548237258921503,unaltered,none,77
pw,13.992719272259059,base,chemostatic,77
beale,NA,base,chemostatic,77
rating,15.947205130000453,base,chemostatic,77
composite,15.904055357501749,base,chemostatic,77
truth,15.99052520359352,base,chemostatic,77
pw,7.156126776930768,storm,chemostatic,77
beale,NA,storm,chemostatic,77
rating,13.87759113923246,storm,chemostatic,77
composite,13.729013287338223,storm,chemostatic,77
truth,13.804132884226462,storm,chemostatic,77
pw,11.259263033582975,unaltered,chemostatic,77
beale,NA,unaltered,chemostatic,77
rating,13.544300570042784,unaltered,chemostatic,77
composite,13.491966801183816,unaltered,chemostatic,77
truth,13.56614220945929,unaltered,chemostatic,77
pw,14.456139097965467,base,dilution,78
beale,NA,base,dilution,78
rating,12.018438554065684,base,dilution,78
composite,12.062962339312922,base,dilution,78
truth,12.459002074558006,base,dilution,78
pw,34.31778357637964,storm,dilution,78
beale,NA,storm,dilution,78
rating,12.66279234276632,storm,dilution,78
composite,13.100329052958637,storm,dilution,78
truth,17.357816576104256,storm,dilution,78
pw,16.219343007953388,unaltered,dilution,78
beale,NA,unaltered,dilution,78
rating,12.114715610522865,unaltered,dilution,78
composite,12.41757824207535,unaltered,dilution,78
truth,13.753469678316637,unaltered,dilution,78
pw,5.431370831436325,base,enrich,78
beale,NA,base,enrich,78
rating,13.907281110021616,base,enrich,78
composite,13.924098635465633,base,enrich,78
truth,14.31129122809873,base,enrich,78
pw,1.5377421368539799,storm,enrich,78
beale,NA,storm,enrich,78
rating,62.63544967397834,storm,enrich,78
composite,62.73538544197784,storm,enrich,78
truth,75.86106052534836,storm,enrich,78
pw,3.895936059112613,unaltered,enrich,78
beale,NA,unaltered,enrich,78
rating,13.3923452400015,unaltered,enrich,78
composite,13.366124778786016,unaltered,enrich,78
truth,13.91493277929895,unaltered,enrich,78
pw,14.508316705298961,base,none,78
beale,NA,base,none,78
rating,16.322137729958794,base,none,78
composite,16.71738360703651,base,none,78
truth,15.909217165232656,base,none,78
pw,7.476089855820068,storm,none,78
beale,NA,storm,none,78
rating,14.231872704674952,storm,none,78
composite,14.494146623716313,storm,none,78
truth,13.853019234992885,storm,none,78
pw,11.749816808589356,unaltered,none,78
beale,NA,unaltered,none,78
rating,13.894700407802484,unaltered,none,78
composite,14.252666065405013,unaltered,none,78
truth,13.573292842566028,unaltered,none,78
pw,13.863510359900628,base,chemostatic,78
beale,NA,base,chemostatic,78
rating,15.666431661132155,base,chemostatic,78
composite,15.610123755213161,base,chemostatic,78
truth,15.88229390768906,base,chemostatic,78
pw,7.143823179008401,storm,chemostatic,78
beale,NA,storm,chemostatic,78
rating,13.422225262232365,storm,chemostatic,78
composite,13.285263670477022,storm,chemostatic,78
truth,13.774834702508366,storm,chemostatic,78
pw,11.227608988802846,unaltered,chemostatic,78
beale,NA,unaltered,chemostatic,78
rating,13.333193788708328,unaltered,chemostatic,78
composite,13.272238203514187,unaltered,chemostatic,78
truth,13.544245200332318,unaltered,chemostatic,78
pw,14.930590215840903,base,dilution,79
beale,NA,base,dilution,79
rating,12.207993907955787,base,dilution,79
composite,12.362780859816203,base,dilution,79
truth,12.629435280377193,base,dilution,79
pw,33.85889717944605,storm,dilution,79
beale,NA,storm,dilution,79
rating,12.715701196705417,storm,dilution,79
composite,12.105120862883028,storm,dilution,79
truth,17.67421709130713,storm,dilution,79
pw,16.11425438618428,unaltered,dilution,79
beale,NA,unaltered,dilution,79
rating,12.105719201373658,unaltered,dilution,79
composite,12.253113241181584,unaltered,dilution,79
truth,13.971334844065735,unaltered,dilution,79
pw,5.751641668106686,base,enrich,79
beale,NA,base,enrich,79
rating,12.781763452276055,base,enrich,79
composite,12.78973896237964,base,enrich,79
truth,14.188995307325822,base,enrich,79
pw,1.4917722167311227,storm,enrich,79
beale,NA,storm,enrich,79
rating,61.131353203420566,storm,enrich,79
composite,61.25318217756008,storm,enrich,79
truth,76.43706260103224,storm,enrich,79
pw,3.911685110027504,unaltered,enrich,79
beale,NA,unaltered,enrich,79
rating,13.229205102071793,unaltered,enrich,79
composite,13.238296605707,unaltered,enrich,79
truth,14.02763221513986,unaltered,enrich,79
pw,13.908195150869645,base,none,79
beale,NA,base,none,79
rating,15.038692340594666,base,none,79
composite,15.691810552357538,base,none,79
truth,15.939580361048858,base,none,79
pw,7.098962727823041,storm,none,79
beale,NA,storm,none,79
rating,12.860804785475182,storm,none,79
composite,13.990157354755613,storm,none,79
truth,13.802996724485228,storm,none,79
pw,11.13496522306516,unaltered,none,79
beale,NA,unaltered,none,79
rating,12.749970917350154,unaltered,none,79
composite,13.361667809152031,unaltered,none,79
truth,13.541791526505252,unaltered,none,79
pw,14.088976383384338,base,chemostatic,79
beale,NA,base,chemostatic,79
rating,15.980386935556854,base,chemostatic,79
composite,15.956806652655501,base,chemostatic,79
truth,15.961613486082797,base,chemostatic,79
pw,7.191236327495064,storm,chemostatic,79
beale,NA,storm,chemostatic,79
rating,13.855954162208647,storm,chemostatic,79
composite,13.71949934127637,storm,chemostatic,79
truth,13.7931236976806,storm,chemostatic,79
pw,11.27969951210827,unaltered,chemostatic,79
beale,NA,unaltered,chemostatic,79
rating,13.582367725397312,unaltered,chemostatic,79
composite,13.54787300863627,unaltered,chemostatic,79
truth,13.555594735468953,unaltered,chemostatic,79
pw,16.19122671298153,base,dilution,80
beale,NA,base,dilution,80
rating,12.700941415035766,base,dilution,80
composite,12.946360609880777,base,dilution,80
truth,12.50364545722284,base,dilution,80
pw,35.99600139853052,storm,dilution,80
beale,NA,storm,dilution,80
rating,12.916302916236454,storm,dilution,80
composite,12.345534292397446,storm,dilution,80
truth,17.75818720913727,storm,dilution,80
pw,16.680634271500782,unaltered,dilution,80
beale,NA,unaltered,dilution,80
rating,12.19734779781369,unaltered,dilution,80
composite,12.325409621476894,unaltered,dilution,80
truth,13.768719840164104,unaltered,dilution,80
pw,6.0648612351496665,base,enrich,80
beale,NA,base,enrich,80
rating,12.498827170678696,base,enrich,80
composite,12.762135225360993,base,enrich,80
truth,14.406814078813506,base,enrich,80
pw,1.4541750141194862,storm,enrich,80
beale,NA,storm,enrich,80
rating,58.71607809716564,storm,enrich,80
composite,58.74238954733167,storm,enrich,80
truth,75.81787353246118,storm,enrich,80
pw,3.8641573070119146,unaltered,enrich,80
beale,NA,unaltered,enrich,80
rating,13.389224185070505,unaltered,enrich,80
composite,13.275524303682053,unaltered,enrich,80
truth,13.913568576626332,unaltered,enrich,80
pw,13.18718184469448,base,none,80
beale,NA,base,none,80
rating,14.356984757780177,base,none,80
composite,14.619436199056882,base,none,80
truth,15.89207962065358,base,none,80
pw,6.748272475594989,storm,none,80
beale,NA,storm,none,80
rating,12.139361698496979,storm,none,80
composite,11.920769238709147,storm,none,80
truth,13.768699824771113,storm,none,80
pw,10.654588974641921,unaltered,none,80
beale,NA,unaltered,none,80
rating,12.219308255455749,unaltered,none,80
composite,12.381829901185657,unaltered,none,80
truth,13.544816005743296,unaltered,none,80
pw,13.938690858746185,base,chemostatic,80
beale,NA,base,chemostatic,80
rating,15.779450294870584,base,chemostatic,80
composite,15.903745209283711,base,chemostatic,80
truth,15.898655847153089,base,chemostatic,80
pw,7.132841950287339,storm,chemostatic,80
beale,NA,storm,chemostatic,80
rating,13.512940669739182,storm,chemostatic,80
composite,13.777026704209817,storm,chemostatic,80
truth,13.723841232139588,storm,chemostatic,80
pw,11.261770990462892,unaltered,chemostatic,80
beale,NA,unaltered,chemostatic,80
rating,13.429927097339927,unaltered,chemostatic,80
composite,13.557237245112113,unaltered,chemostatic,80
truth,13.54717816338209,unaltered,chemostatic,80
pw,14.997954694070806,base,dilution,81
beale,NA,base,dilution,81
rating,12.282693902444683,base,dilution,81
composite,12.33320587865187,base,dilution,81
truth,12.421733200053808,base,dilution,81
pw,35.66595533966188,storm,dilution,81
beale,NA,storm,dilution,81
rating,12.978747053505346,storm,dilution,81
composite,11.806908424954974,storm,dilution,81
truth,17.526049733130442,storm,dilution,81
pw,16.82328584095475,unaltered,dilution,81
beale,NA,unaltered,dilution,81
rating,12.3362585550621,unaltered,dilution,81
composite,12.395649421153356,unaltered,dilution,81
truth,13.511485258482812,unaltered,dilution,81
pw,5.573104530708424,base,enrich,81
beale,NA,base,enrich,81
rating,15.061330669476883,base,enrich,81
composite,14.927730667258949,base,enrich,81
truth,14.199633679040565,base,enrich,81
pw,1.5250357025307015,storm,enrich,81
beale,NA,storm,enrich,81
rating,65.87105724160728,storm,enrich,81
composite,65.68949646106667,storm,enrich,81
truth,76.56351630174652,storm,enrich,81
pw,4.042698611397772,unaltered,enrich,81
beale,NA,unaltered,enrich,81
rating,14.615926830177564,unaltered,enrich,81
composite,14.404975468645503,unaltered,enrich,81
truth,13.88348792742071,unaltered,enrich,81
pw,13.839731171579418,base,none,81
beale,NA,base,none,81
rating,14.982059304811443,base,none,81
composite,15.765616037497448,base,none,81
truth,15.774706190493843,base,none,81
pw,7.163993326941785,storm,none,81
beale,NA,storm,none,81
rating,12.627015032203753,storm,none,81
composite,13.73124677822662,storm,none,81
truth,13.697391946748867,storm,none,81
pw,11.315853359467587,unaltered,none,81
beale,NA,unaltered,none,81
rating,12.81486092768227,unaltered,none,81
composite,13.518380821313846,unaltered,none,81
truth,13.531752719924071,unaltered,none,81
pw,13.861365108985025,base,chemostatic,81
beale,NA,base,chemostatic,81
rating,15.867110303292359,base,chemostatic,81
composite,15.824807672769563,base,chemostatic,81
truth,15.789609613495086,base,chemostatic,81
pw,7.175191910302098,storm,chemostatic,81
beale,NA,storm,chemostatic,81
rating,13.886923084910446,storm,chemostatic,81
composite,13.749009854443276,storm,chemostatic,81
truth,13.771667248994383,storm,chemostatic,81
pw,11.333542031323619,unaltered,chemostatic,81
beale,NA,unaltered,chemostatic,81
rating,13.621651622949795,unaltered,chemostatic,81
composite,13.568882806003193,unaltered,chemostatic,81
truth,13.549448287477556,unaltered,chemostatic,81
pw,15.074801503162302,base,dilution,82
beale,NA,base,dilution,82
rating,12.160766169678027,base,dilution,82
composite,12.274820297798403,base,dilution,82
truth,12.586206726967328,base,dilution,82
pw,35.58993894382077,storm,dilution,82
beale,NA,storm,dilution,82
rating,12.897898624329926,storm,dilution,82
composite,12.364327242759776,storm,dilution,82
truth,18.129898668704783,storm,dilution,82
pw,16.651287046963322,unaltered,dilution,82
beale,NA,unaltered,dilution,82
rating,12.31540685588339,unaltered,dilution,82
composite,12.416857239749554,unaltered,dilution,82
truth,13.723623786842817,unaltered,dilution,82
pw,6.384639630642449,base,enrich,82
beale,NA,base,enrich,82
rating,16.36751716574012,base,enrich,82
composite,16.40272409757933,base,enrich,82
truth,15.507500243110089,base,enrich,82
pw,1.625678526464771,storm,enrich,82
beale,NA,storm,enrich,82
rating,72.87723771785814,storm,enrich,82
composite,73.07053486538135,storm,enrich,82
truth,78.2290161902996,storm,enrich,82
pw,4.131296036160226,unaltered,enrich,82
beale,NA,unaltered,enrich,82
rating,15.24949487860543,unaltered,enrich,82
composite,15.258229612137233,unaltered,enrich,82
truth,14.149893278429646,unaltered,enrich,82
pw,14.702924409212939,base,none,82
beale,NA,base,none,82
rating,15.225258464094491,base,none,82
composite,16.28248525916129,base,none,82
truth,16.174858549328768,base,none,82
pw,7.4820019380194145,storm,none,82
beale,NA,storm,none,82
rating,12.155653146046287,storm,none,82
composite,13.401071181378699,storm,none,82
truth,13.888760277180285,storm,none,82
pw,11.793188250777336,unaltered,none,82
beale,NA,unaltered,none,82
rating,12.637952911182708,unaltered,none,82
composite,13.56725593277132,unaltered,none,82
truth,13.602781666014584,unaltered,none,82
pw,14.204757311955431,base,chemostatic,82
beale,NA,base,chemostatic,82
rating,16.411828118755988,base,chemostatic,82
composite,16.450301212029395,base,chemostatic,82
truth,16.145699298746365,base,chemostatic,82
pw,7.228495418948784,storm,chemostatic,82
beale,NA,storm,chemostatic,82
rating,14.20398234815052,storm,chemostatic,82
composite,14.290908519676565,storm,chemostatic,82
truth,13.81551344443643,storm,chemostatic,82
pw,11.393609351043636,unaltered,chemostatic,82
beale,NA,unaltered,chemostatic,82
rating,13.816969965569823,unaltered,chemostatic,82
composite,13.852971642535975,unaltered,chemostatic,82
truth,13.573285238595156,unaltered,chemostatic,82
pw,14.238826342004014,base,dilution,83
beale,NA,base,dilution,83
rating,11.57795762635886,base,dilution,83
composite,11.473926669314944,base,dilution,83
truth,12.282817460060462,base,dilution,83
pw,35.100992736779986,storm,dilution,83
beale,NA,storm,dilution,83
rating,12.600187679092702,storm,dilution,83
composite,10.717266670022264,storm,dilution,83
truth,17.29157675916394,storm,dilution,83
pw,16.322652632342486,unaltered,dilution,83
beale,NA,unaltered,dilution,83
rating,11.95867652723933,unaltered,dilution,83
composite,11.87676675601776,unaltered,dilution,83
truth,13.652068246694304,unaltered,dilution,83
pw,5.6847983562006,base,enrich,83
beale,NA,base,enrich,83
rating,13.26593418190009,base,enrich,83
composite,13.409478201644774,base,enrich,83
truth,13.641210662734936,base,enrich,83
pw,1.465838892102796,storm,enrich,83
beale,NA,storm,enrich,83
rating,57.137688400379254,storm,enrich,83
composite,57.387698009913564,storm,enrich,83
truth,75.0093940082692,storm,enrich,83
pw,3.799302979085093,unaltered,enrich,83
beale,NA,unaltered,enrich,83
rating,12.860155094949768,unaltered,enrich,83
composite,12.884967868044212,unaltered,enrich,83
truth,13.653303446074789,unaltered,enrich,83
pw,13.71549305103697,base,none,83
beale,NA,base,none,83
rating,14.865963800901518,base,none,83
composite,15.34374078232454,base,none,83
truth,15.645241271876412,base,none,83
pw,7.097826724006375,storm,none,83
beale,NA,storm,none,83
rating,13.607555790566444,storm,none,83
composite,14.037060572528823,storm,none,83
truth,13.75645699567082,storm,none,83
pw,11.153869402164704,unaltered,none,83
beale,NA,unaltered,none,83
rating,12.944256051044865,unaltered,none,83
composite,13.330533103290623,unaltered,none,83
truth,13.543437779211333,unaltered,none,83
pw,13.806026352588889,base,chemostatic,83
beale,NA,base,chemostatic,83
rating,15.58348783325877,base,chemostatic,83
composite,15.644171981069,base,chemostatic,83
truth,15.61596269858308,base,chemostatic,83
pw,7.144678097469696,storm,chemostatic,83
beale,NA,storm,chemostatic,83
rating,13.709890452007288,storm,chemostatic,83
composite,13.865768111139461,storm,chemostatic,83
truth,13.71322779872946,storm,chemostatic,83
pw,11.227493924323646,unaltered,chemostatic,83
beale,NA,unaltered,chemostatic,83
rating,13.488652850969682,unaltered,chemostatic,83
composite,13.555598141905925,unaltered,chemostatic,83
truth,13.514074474108734,unaltered,chemostatic,83
pw,15.124035234714414,base,dilution,84
beale,NA,base,dilution,84
rating,12.013814360436966,base,dilution,84
composite,12.055267548786585,base,dilution,84
truth,12.533265380061339,base,dilution,84
pw,35.09678591930251,storm,dilution,84
beale,NA,storm,dilution,84
rating,12.771312256834156,storm,dilution,84
composite,11.772684481017409,storm,dilution,84
truth,17.40882791758043,storm,dilution,84
pw,16.50712870006436,unaltered,dilution,84
beale,NA,unaltered,dilution,84
rating,12.204595167378063,unaltered,dilution,84
composite,12.223688654208079,unaltered,dilution,84
truth,13.718563705200957,unaltered,dilution,84
pw,6.148711245518201,base,enrich,84
beale,NA,base,enrich,84
rating,14.663055447007654,base,enrich,84
composite,14.716509368025957,base,enrich,84
truth,14.335845783326286,base,enrich,84
pw,1.554664541550264,storm,enrich,84
beale,NA,storm,enrich,84
rating,69.88907454598967,storm,enrich,84
composite,70.13469534179521,storm,enrich,84
truth,76.69969064086074,storm,enrich,84
pw,3.9293484258450455,unaltered,enrich,84
beale,NA,unaltered,enrich,84
rating,14.599892683362638,unaltered,enrich,84
composite,14.657111189678535,unaltered,enrich,84
truth,13.928549120150922,unaltered,enrich,84
pw,13.241983371173626,base,none,84
beale,NA,base,none,84
rating,14.69816561407621,base,none,84
composite,14.98538038446053,base,none,84
truth,15.953585923904495,base,none,84
pw,6.7982295289542165,storm,none,84
beale,NA,storm,none,84
rating,12.681066115929914,storm,none,84
composite,12.661462183803023,storm,none,84
truth,13.757549805931589,storm,none,84
pw,10.689743031067279,unaltered,none,84
beale,NA,unaltered,none,84
rating,12.497372061302515,unaltered,none,84
composite,12.718352257730935,unaltered,none,84
truth,13.559344976184779,unaltered,none,84
pw,13.989229185003907,base,chemostatic,84
beale,NA,base,chemostatic,84
rating,15.738043424699319,base,chemostatic,84
composite,15.761756792535403,base,chemostatic,84
truth,15.935058023187286,base,chemostatic,84
pw,7.181853976635292,storm,chemostatic,84
beale,NA,storm,chemostatic,84
rating,13.418361022505382,storm,chemostatic,84
composite,13.40325457282207,storm,chemostatic,84
truth,13.798163993641925,storm,chemostatic,84
pw,11.292965789092722,unaltered,chemostatic,84
beale,NA,unaltered,chemostatic,84
rating,13.34476485448823,unaltered,chemostatic,84
composite,13.36328500966088,unaltered,chemostatic,84
truth,13.547844545547365,unaltered,chemostatic,84
pw,15.114593861842131,base,dilution,85
beale,NA,base,dilution,85
rating,11.932204272370441,base,dilution,85
composite,11.93215412476186,base,dilution,85
truth,12.51839231887014,base,dilution,85
pw,34.510471901284184,storm,dilution,85
beale,NA,storm,dilution,85
rating,12.545852321393363,storm,dilution,85
composite,12.103080981579518,storm,dilution,85
truth,17.74981540994968,storm,dilution,85
pw,16.325857944160504,unaltered,dilution,85
beale,NA,unaltered,dilution,85
rating,11.998988358059119,unaltered,dilution,85
composite,12.0741695176832,unaltered,dilution,85
truth,13.776903365645266,unaltered,dilution,85
pw,6.456047938880725,base,enrich,85
beale,NA,base,enrich,85
rating,15.106943615888513,base,enrich,85
composite,15.120612591258539,base,enrich,85
truth,14.638998740517568,base,enrich,85
pw,1.577160351507274,storm,enrich,85
beale,NA,storm,enrich,85
rating,70.26259479431695,storm,enrich,85
composite,70.3477813320308,storm,enrich,85
truth,77.01407123522529,storm,enrich,85
pw,4.010223969114931,unaltered,enrich,85
beale,NA,unaltered,enrich,85
rating,14.692903868624304,unaltered,enrich,85
composite,14.624195739060207,unaltered,enrich,85
truth,13.999090716183975,unaltered,enrich,85
pw,14.180847614513576,base,none,85
beale,NA,base,none,85
rating,15.342767208325956,base,none,85
composite,15.644461548916235,base,none,85
truth,15.942927155684274,base,none,85
pw,7.291792559602353,storm,none,85
beale,NA,storm,none,85
rating,13.122999384588395,storm,none,85
composite,13.727125639102114,storm,none,85
truth,13.853681322504768,storm,none,85
pw,11.463860515183432,unaltered,none,85
beale,NA,unaltered,none,85
rating,13.04084258167009,unaltered,none,85
composite,13.310924715401072,unaltered,none,85
truth,13.554314736554492,unaltered,none,85
pw,13.87918215168455,base,chemostatic,85
beale,NA,base,chemostatic,85
rating,15.767204245431868,base,chemostatic,85
composite,15.839519057803567,base,chemostatic,85
truth,15.95652675100288,base,chemostatic,85
pw,7.136676163379718,storm,chemostatic,85
beale,NA,storm,chemostatic,85
rating,13.587225679254361,storm,chemostatic,85
composite,13.681808953943449,storm,chemostatic,85
truth,13.7949693532112,storm,chemostatic,85
pw,11.219992808391293,unaltered,chemostatic,85
beale,NA,unaltered,chemostatic,85
rating,13.389930814606164,unaltered,chemostatic,85
composite,13.455455610377118,unaltered,chemostatic,85
truth,13.559193539517052,unaltered,chemostatic,85
pw,14.180157946963023,base,dilution,86
beale,NA,base,dilution,86
rating,11.549619226665246,base,dilution,86
composite,11.780960277460714,base,dilution,86
truth,12.204796235169622,base,dilution,86
pw,33.50979113090394,storm,dilution,86
beale,NA,storm,dilution,86
rating,12.418275596228039,storm,dilution,86
composite,12.476805250844409,storm,dilution,86
truth,17.48752548652225,storm,dilution,86
pw,15.760768000805268,unaltered,dilution,86
beale,NA,unaltered,dilution,86
rating,11.795316278945688,unaltered,dilution,86
composite,11.903147403060837,unaltered,dilution,86
truth,13.479404019119933,unaltered,dilution,86
pw,6.85580895177221,base,enrich,86
beale,NA,base,enrich,86
rating,12.966940657701077,base,enrich,86
composite,13.046489995193015,base,enrich,86
truth,13.926279688799031,base,enrich,86
pw,1.5427223534178538,storm,enrich,86
beale,NA,storm,enrich,86
rating,56.97353004983093,storm,enrich,86
composite,57.16714396041727,storm,enrich,86
truth,75.48301153292377,storm,enrich,86
pw,3.9419575460008676,unaltered,enrich,86
beale,NA,unaltered,enrich,86
rating,12.622985156185841,unaltered,enrich,86
composite,12.627604457557148,unaltered,enrich,86
truth,13.686401844196768,unaltered,enrich,86
pw,13.702927882693027,base,none,86
beale,NA,base,none,86
rating,14.739972351799288,base,none,86
composite,15.24000745885373,base,none,86
truth,15.643574911693161,base,none,86
pw,7.166519486866769,storm,none,86
beale,NA,storm,none,86
rating,12.569807773386279,storm,none,86
composite,12.781908203089097,storm,none,86
truth,13.781067040095037,storm,none,86
pw,11.296658460973175,unaltered,none,86
beale,NA,unaltered,none,86
rating,12.709884647252746,unaltered,none,86
composite,13.128066610070576,unaltered,none,86
truth,13.544039322502245,unaltered,none,86
pw,13.691554538001842,base,chemostatic,86
beale,NA,base,chemostatic,86
rating,15.398812909490875,base,chemostatic,86
composite,15.39175826009767,base,chemostatic,86
truth,15.623646466330776,base,chemostatic,86
pw,7.16057132038308,storm,chemostatic,86
beale,NA,storm,chemostatic,86
rating,13.226960451332355,storm,chemostatic,86
composite,13.218926259736369,storm,chemostatic,86
truth,13.725591247721303,storm,chemostatic,86
pw,11.287282304896522,unaltered,chemostatic,86
beale,NA,unaltered,chemostatic,86
rating,13.28368391052138,unaltered,chemostatic,86
composite,13.277997302847039,unaltered,chemostatic,86
truth,13.524911581923025,unaltered,chemostatic,86
pw,14.294334276558862,base,dilution,87
beale,NA,base,dilution,87
rating,12.228386807554855,base,dilution,87
composite,12.140798161559786,base,dilution,87
truth,12.48762725750566,base,dilution,87
pw,34.87009194420678,storm,dilution,87
beale,NA,storm,dilution,87
rating,12.746947414507398,storm,dilution,87
composite,11.21860041119873,storm,dilution,87
truth,17.477776583355766,storm,dilution,87
pw,16.44860951144226,unaltered,dilution,87
beale,NA,unaltered,dilution,87
rating,12.156860691389577,unaltered,dilution,87
composite,12.151581795105551,unaltered,dilution,87
truth,13.431924506898442,unaltered,dilution,87
pw,4.897858955494584,base,enrich,87
beale,NA,base,enrich,87
rating,14.81255861347997,base,enrich,87
composite,14.930669846646909,base,enrich,87
truth,14.298480619777486,base,enrich,87
pw,1.5516733736746546,storm,enrich,87
beale,NA,storm,enrich,87
rating,61.96971493890866,storm,enrich,87
composite,62.08948268641746,storm,enrich,87
truth,74.38301138020847,storm,enrich,87
pw,4.032126832864792,unaltered,enrich,87
beale,NA,unaltered,enrich,87
rating,13.713676649869441,unaltered,enrich,87
composite,13.675297214143692,unaltered,enrich,87
truth,13.800828381410843,unaltered,enrich,87
pw,13.958766361403118,base,none,87
beale,NA,base,none,87
rating,15.460069553464036,base,none,87
composite,15.907273953816341,base,none,87
truth,15.896964308776237,base,none,87
pw,7.215916840814051,storm,none,87
beale,NA,storm,none,87
rating,13.394809437411155,storm,none,87
composite,13.990951414422888,storm,none,87
truth,13.862677887414636,storm,none,87
pw,11.327809442598223,unaltered,none,87
beale,NA,unaltered,none,87
rating,13.182363831354108,unaltered,none,87
composite,13.579275887751823,unaltered,none,87
truth,13.553902267917191,unaltered,none,87
pw,13.742804106967414,base,chemostatic,87
beale,NA,base,chemostatic,87
rating,15.622313432828967,base,chemostatic,87
composite,15.647402871358505,base,chemostatic,87
truth,15.883189230501014,base,chemostatic,87
pw,7.104276196618463,storm,chemostatic,87
beale,NA,storm,chemostatic,87
rating,13.367152364710483,storm,chemostatic,87
composite,13.4660744593402,storm,chemostatic,87
truth,13.76179134802307,storm,chemostatic,87
pw,11.152551887474589,unaltered,chemostatic,87
beale,NA,unaltered,chemostatic,87
rating,13.280631477410504,unaltered,chemostatic,87
composite,13.312899521899878,unaltered,chemostatic,87
truth,13.533874255975702,unaltered,chemostatic,87
pw,14.450618723848825,base,dilution,88
beale,NA,base,dilution,88
rating,11.678832752329585,base,dilution,88
composite,11.978031112783915,base,dilution,88
truth,12.233084324322343,base,dilution,88
pw,33.70706768201006,storm,dilution,88
beale,NA,storm,dilution,88
rating,12.174681437204423,storm,dilution,88
composite,12.159587594766267,storm,dilution,88
truth,17.216593042623,storm,dilution,88
pw,15.901028527649682,unaltered,dilution,88
beale,NA,unaltered,dilution,88
rating,11.659225146081729,unaltered,dilution,88
composite,11.886186516737862,unaltered,dilution,88
truth,13.545514548419462,unaltered,dilution,88
pw,4.774113060630612,base,enrich,88
beale,NA,base,enrich,88
rating,12.211238936077445,base,enrich,88
composite,12.08897270760094,base,enrich,88
truth,13.568628548005204,base,enrich,88
pw,1.409331401447423,storm,enrich,88
beale,NA,storm,enrich,88
rating,50.79153095982367,storm,enrich,88
composite,50.94721199835379,storm,enrich,88
truth,74.55836622795283,storm,enrich,88
pw,3.727923638536119,unaltered,enrich,88
beale,NA,unaltered,enrich,88
rating,11.460141373945358,unaltered,enrich,88
composite,11.461801227342292,unaltered,enrich,88
truth,13.614630889748192,unaltered,enrich,88
pw,13.822772997671741,base,none,88
beale,NA,base,none,88
rating,14.56485733446312,base,none,88
composite,14.893057884531645,base,none,88
truth,15.539445818678272,base,none,88
pw,7.211132083042788,storm,none,88
beale,NA,storm,none,88
rating,11.886113378722975,storm,none,88
composite,11.87942846557395,storm,none,88
truth,13.662004426968545,storm,none,88
pw,11.36552379562806,unaltered,none,88
beale,NA,unaltered,none,88
rating,12.554447597146657,unaltered,none,88
composite,12.802710172120456,unaltered,none,88
truth,13.49855709641116,unaltered,none,88
pw,13.739187049059844,base,chemostatic,88
beale,NA,base,chemostatic,88
rating,15.29594054446903,base,chemostatic,88
composite,15.314856823542577,base,chemostatic,88
truth,15.561199613615264,base,chemostatic,88
pw,7.167526554989311,storm,chemostatic,88
beale,NA,storm,chemostatic,88
rating,13.153320767998853,storm,chemostatic,88
composite,13.161330932646194,storm,chemostatic,88
truth,13.733765991270591,storm,chemostatic,88
pw,11.296796768996812,unaltered,chemostatic,88
beale,NA,unaltered,chemostatic,88
rating,13.241078081705037,unaltered,chemostatic,88
composite,13.256796102743252,unaltered,chemostatic,88
truth,13.523449595744665,unaltered,chemostatic,88
pw,14.528147199142122,base,dilution,89
beale,NA,base,dilution,89
rating,11.879749701840796,base,dilution,89
composite,11.97884506829532,base,dilution,89
truth,12.362584465639632,base,dilution,89
pw,33.951085074796104,storm,dilution,89
beale,NA,storm,dilution,89
rating,12.867733915825811,storm,dilution,89
composite,12.734559693138742,storm,dilution,89
truth,18.695271985687242,storm,dilution,89
pw,16.23655260352647,unaltered,dilution,89
beale,NA,unaltered,dilution,89
rating,12.295656182847942,unaltered,dilution,89
composite,12.47038909115348,unaltered,dilution,89
truth,13.707869969570742,unaltered,dilution,89
pw,6.359870872658656,base,enrich,89
beale,NA,base,enrich,89
rating,15.07609448872677,base,enrich,89
composite,15.067396850705315,base,enrich,89
truth,14.122970155516661,base,enrich,89
pw,1.5674001875603185,storm,enrich,89
beale,NA,storm,enrich,89
rating,67.58326063960862,storm,enrich,89
composite,67.81177514803773,storm,enrich,89
truth,75.42051157410913,storm,enrich,89
pw,3.9379478916529176,unaltered,enrich,89
beale,NA,unaltered,enrich,89
rating,14.282581452161638,unaltered,enrich,89
composite,14.3253557527976,unaltered,enrich,89
truth,13.77803890837078,unaltered,enrich,89
pw,14.316237685880761,base,none,89
beale,NA,base,none,89
rating,15.851324243692403,base,none,89
composite,16.535859889674033,base,none,89
truth,15.73558053098146,base,none,89
pw,7.388895433618442,storm,none,89
beale,NA,storm,none,89
rating,13.821709638089153,storm,none,89
composite,14.91169774570783,storm,none,89
truth,13.610542395221941,storm,none,89
pw,11.669015887496656,unaltered,none,89
beale,NA,unaltered,none,89
rating,13.658175608030714,unaltered,none,89
composite,14.296036083617748,unaltered,none,89
truth,13.499136718374203,unaltered,none,89
pw,13.832751922303352,base,chemostatic,89
beale,NA,base,chemostatic,89
rating,15.785568571477596,base,chemostatic,89
composite,15.835230456371594,base,chemostatic,89
truth,15.748337675774604,base,chemostatic,89
pw,7.139358800523849,storm,chemostatic,89
beale,NA,storm,chemostatic,89
rating,13.917526287873944,storm,chemostatic,89
composite,14.042106772324093,storm,chemostatic,89
truth,13.687614459678358,storm,chemostatic,89
pw,11.274931688815927,unaltered,chemostatic,89
beale,NA,unaltered,chemostatic,89
rating,13.577906487643148,unaltered,chemostatic,89
composite,13.623753155530354,unaltered,chemostatic,89
truth,13.518387224943101,unaltered,chemostatic,89
pw,14.90768207912495,base,dilution,90
beale,NA,base,dilution,90
rating,12.040323317176677,base,dilution,90
composite,12.411727846604753,base,dilution,90
truth,12.459326856325639,base,dilution,90
pw,34.832824767129964,storm,dilution,90
beale,NA,storm,dilution,90
rating,12.77439191129374,storm,dilution,90
composite,12.14007650679206,storm,dilution,90
truth,17.178986150157698,storm,dilution,90
pw,16.48243159484306,unaltered,dilution,90
beale,NA,unaltered,dilution,90
rating,12.202048572970533,unaltered,dilution,90
composite,12.280766498111651,unaltered,dilution,90
truth,13.202976954519439,unaltered,dilution,90
pw,6.338407885327718,base,enrich,90
beale,NA,base,enrich,90
rating,13.646198770946173,base,enrich,90
composite,13.850777667308337,base,enrich,90
truth,14.439020146868076,base,enrich,90
pw,1.540278392354275,storm,enrich,90
beale,NA,storm,enrich,90
rating,61.87950826858615,storm,enrich,90
composite,62.24678727646284,storm,enrich,90
truth,77.40438382528802,storm,enrich,90
pw,3.9281195979902734,unaltered,enrich,90
beale,NA,unaltered,enrich,90
rating,13.358478602392488,unaltered,enrich,90
composite,13.489008281745985,unaltered,enrich,90
truth,13.984605419417699,unaltered,enrich,90
pw,13.816020775590312,base,none,90
beale,NA,base,none,90
rating,15.41776769987691,base,none,90
composite,15.754014849222818,base,none,90
truth,15.862305938445436,base,none,90
pw,7.128337289352809,storm,none,90
beale,NA,storm,none,90
rating,13.820883840108936,storm,none,90
composite,13.796289378622944,storm,none,90
truth,13.762656018939348,storm,none,90
pw,11.185949125873588,unaltered,none,90
beale,NA,unaltered,none,90
rating,13.205134452130586,unaltered,none,90
composite,13.45407186888995,unaltered,none,90
truth,13.521983903525832,unaltered,none,90
pw,14.059278660134467,base,chemostatic,90
beale,NA,base,chemostatic,90
rating,15.978801293599181,base,chemostatic,90
composite,16.015671491531258,base,chemostatic,90
truth,15.902576716469527,base,chemostatic,90
pw,7.253845514730467,storm,chemostatic,90
beale,NA,storm,chemostatic,90
rating,13.867225273635501,storm,chemostatic,90
composite,13.964678315876936,storm,chemostatic,90
truth,13.852618660138464,storm,chemostatic,90
pw,11.382899489887665,unaltered,chemostatic,90
beale,NA,unaltered,chemostatic,90
rating,13.623023718315123,unaltered,chemostatic,90
composite,13.65969717614449,unaltered,chemostatic,90
truth,13.566231235469955,unaltered,chemostatic,90
pw,14.539204955998418,base,dilution,91
beale,NA,base,dilution,91
rating,11.731824445921804,base,dilution,91
composite,11.816794022779394,base,dilution,91
truth,12.487415316968587,base,dilution,91
pw,32.66539694687186,storm,dilution,91
beale,NA,storm,dilution,91
rating,12.221810860148805,storm,dilution,91
composite,12.40244307895909,storm,dilution,91
truth,17.691097790958974,storm,dilution,91
pw,15.586646389743143,unaltered,dilution,91
beale,NA,unaltered,dilution,91
rating,11.698401876394083,unaltered,dilution,91
composite,11.919081802013451,unaltered,dilution,91
truth,13.81419451156213,unaltered,dilution,91
pw,6.0831802672826925,base,enrich,91
beale,NA,base,enrich,91
rating,15.326914649302239,base,enrich,91
composite,15.38505245680621,base,enrich,91
truth,14.598104181803503,base,enrich,91
pw,1.6116700075651424,storm,enrich,91
beale,NA,storm,enrich,91
rating,63.3475747708802,storm,enrich,91
composite,63.55114631755754,storm,enrich,91
truth,76.16328260593525,storm,enrich,91
pw,4.141400329411094,unaltered,enrich,91
beale,NA,unaltered,enrich,91
rating,13.818195787035206,unaltered,enrich,91
composite,13.84871525364661,unaltered,enrich,91
truth,13.936438740922444,unaltered,enrich,91
pw,14.569481685981078,base,none,91
beale,NA,base,none,91
rating,15.858916020157716,base,none,91
composite,16.434347809217535,base,none,91
truth,15.807606517060307,base,none,91
pw,7.500858669574379,storm,none,91
beale,NA,storm,none,91
rating,13.208841009619343,storm,none,91
composite,13.754034398170422,storm,none,91
truth,13.701541144037913,storm,none,91
pw,11.873749820845271,unaltered,none,91
beale,NA,unaltered,none,91
rating,13.45417264686161,unaltered,none,91
composite,13.961059034028247,unaltered,none,91
truth,13.493441546382085,unaltered,none,91
pw,13.819625587816258,base,chemostatic,91
beale,NA,base,chemostatic,91
rating,15.836472606119864,base,chemostatic,91
composite,15.841428307446364,base,chemostatic,91
truth,15.871802489580974,base,chemostatic,91
pw,7.114807556976132,storm,chemostatic,91
beale,NA,storm,chemostatic,91
rating,13.777307911155662,storm,chemostatic,91
composite,13.75676512102683,storm,chemostatic,91
truth,13.75794512484227,storm,chemostatic,91
pw,11.262636542888965,unaltered,chemostatic,91
beale,NA,unaltered,chemostatic,91
rating,13.52005837487952,unaltered,chemostatic,91
composite,13.520856967190923,unaltered,chemostatic,91
truth,13.548013663058514,unaltered,chemostatic,91
pw,15.588381079610542,base,dilution,92
beale,NA,base,dilution,92
rating,12.247489784551464,base,dilution,92
composite,12.289120920407393,base,dilution,92
truth,12.543524295428316,base,dilution,92
pw,35.06471173396013,storm,dilution,92
beale,NA,storm,dilution,92
rating,12.861490749856106,storm,dilution,92
composite,13.031421047498318,storm,dilution,92
truth,17.41368778899457,storm,dilution,92
pw,16.609480201618712,unaltered,dilution,92
beale,NA,unaltered,dilution,92
rating,12.301397877947936,unaltered,dilution,92
composite,12.480206299252492,unaltered,dilution,92
truth,13.7042156529686,unaltered,dilution,92
pw,6.465048095133842,base,enrich,92
beale,NA,base,enrich,92
rating,14.378715697224562,base,enrich,92
composite,14.379754223933654,base,enrich,92
truth,14.360016419152538,base,enrich,92
pw,1.6645691730840364,storm,enrich,92
beale,NA,storm,enrich,92
rating,65.35722105547985,storm,enrich,92
composite,65.55567307278191,storm,enrich,92
truth,78.08872552834642,storm,enrich,92
pw,4.199274601737985,unaltered,enrich,92
beale,NA,unaltered,enrich,92
rating,13.99979480035233,unaltered,enrich,92
composite,14.040628798861173,unaltered,enrich,92
truth,14.062728669107484,unaltered,enrich,92
pw,14.055539792259419,base,none,92
beale,NA,base,none,92
rating,14.770523349193741,base,none,92
composite,15.270752931908936,base,none,92
truth,15.833117865690692,base,none,92
pw,7.215651359437382,storm,none,92
beale,NA,storm,none,92
rating,12.469736662081202,storm,none,92
composite,13.245748727970705,storm,none,92
truth,13.642658095249441,storm,none,92
pw,11.330412404485951,unaltered,none,92
beale,NA,unaltered,none,92
rating,12.544343516294813,unaltered,none,92
composite,13.00821948184279,unaltered,none,92
truth,13.499626316789909,unaltered,none,92
pw,14.158103621820016,base,chemostatic,92
beale,NA,base,chemostatic,92
rating,16.120631732496896,base,chemostatic,92
composite,16.15034958230675,base,chemostatic,92
truth,15.886961943926536,base,chemostatic,92
pw,7.268304252683473,storm,chemostatic,92
beale,NA,storm,chemostatic,92
rating,14.139986445785059,storm,chemostatic,92
composite,14.170607733515563,storm,chemostatic,92
truth,13.80521930200272,storm,chemostatic,92
pw,11.41309087175798,unaltered,chemostatic,92
beale,NA,unaltered,chemostatic,92
rating,13.7853104933128,unaltered,chemostatic,92
composite,13.814560095700559,unaltered,chemostatic,92
truth,13.559444078205773,unaltered,chemostatic,92
pw,15.321886259740825,base,dilution,93
beale,NA,base,dilution,93
rating,12.008813138002733,base,dilution,93
composite,12.07888978400864,base,dilution,93
truth,12.367608831066917,base,dilution,93
pw,34.37277466559476,storm,dilution,93
beale,NA,storm,dilution,93
rating,12.649212872837703,storm,dilution,93
composite,13.592695072032557,storm,dilution,93
truth,17.294871696622845,storm,dilution,93
pw,16.273546118458725,unaltered,dilution,93
beale,NA,unaltered,dilution,93
rating,12.095482243328638,unaltered,dilution,93
composite,12.330761365762667,unaltered,dilution,93
truth,13.424232885086475,unaltered,dilution,93
pw,5.833116598747145,base,enrich,93
beale,NA,base,enrich,93
rating,13.018318244552614,base,enrich,93
composite,13.271102914287738,base,enrich,93
truth,13.977833282032263,base,enrich,93
pw,1.516101813034653,storm,enrich,93
beale,NA,storm,enrich,93
rating,60.83090319643324,storm,enrich,93
composite,61.054468027426076,storm,enrich,93
truth,75.90039534105055,storm,enrich,93
pw,3.863508290057125,unaltered,enrich,93
beale,NA,unaltered,enrich,93
rating,12.9816380288601,unaltered,enrich,93
composite,13.032668397682349,unaltered,enrich,93
truth,13.831186066742479,unaltered,enrich,93
pw,13.851826275072495,base,none,93
beale,NA,base,none,93
rating,12.978103993234589,base,none,93
composite,13.606779482994565,base,none,93
truth,15.713109643465156,base,none,93
pw,7.154568595675716,storm,none,93
beale,NA,storm,none,93
rating,8.781284891980343,storm,none,93
composite,8.98625294497157,storm,none,93
truth,13.652322118821264,storm,none,93
pw,11.27733101786041,unaltered,none,93
beale,NA,unaltered,none,93
rating,10.750061608948048,unaltered,none,93
composite,11.280061891085303,unaltered,none,93
truth,13.520193683084884,unaltered,none,93
pw,13.936816949597338,base,chemostatic,93
beale,NA,base,chemostatic,93
rating,15.844660701102622,base,chemostatic,93
composite,15.955495873940563,base,chemostatic,93
truth,15.714666778185547,base,chemostatic,93
pw,7.198466894629625,storm,chemostatic,93
beale,NA,storm,chemostatic,93
rating,13.935811338272844,storm,chemostatic,93
composite,14.205599998691394,storm,chemostatic,93
truth,13.720397586614773,storm,chemostatic,93
pw,11.34652535736586,unaltered,chemostatic,93
beale,NA,unaltered,chemostatic,93
rating,13.660063595315988,unaltered,chemostatic,93
composite,13.778354182613212,unaltered,chemostatic,93
truth,13.527952512936894,unaltered,chemostatic,93
pw,15.58594734058834,base,dilution,94
beale,NA,base,dilution,94
rating,12.356779530410773,base,dilution,94
composite,12.517976951305693,base,dilution,94
truth,12.49166541305293,base,dilution,94
pw,33.802481780696645,storm,dilution,94
beale,NA,storm,dilution,94
rating,13.066896625013896,storm,dilution,94
composite,13.207828060699304,storm,dilution,94
truth,17.30451455910976,storm,dilution,94
pw,16.566888936230118,unaltered,dilution,94
beale,NA,unaltered,dilution,94
rating,12.593706093413356,unaltered,dilution,94
composite,13.052298985099268,unaltered,dilution,94
truth,13.459428616732598,unaltered,dilution,94
pw,6.678319788748359,base,enrich,94
beale,NA,base,enrich,94
rating,12.783837310328321,base,enrich,94
composite,12.789250896782846,base,enrich,94
truth,14.518064264274432,base,enrich,94
pw,1.448398059526416,storm,enrich,94
beale,NA,storm,enrich,94
rating,49.2445732066384,storm,enrich,94
composite,49.50475268884956,storm,enrich,94
truth,76.13978197001835,storm,enrich,94
pw,3.8896051190640293,unaltered,enrich,94
beale,NA,unaltered,enrich,94
rating,11.182110007902006,unaltered,enrich,94
composite,11.350151916609997,unaltered,enrich,94
truth,13.958965187846115,unaltered,enrich,94
pw,14.652556611652495,base,none,94
beale,NA,base,none,94
rating,17.6175084023678,base,none,94
composite,17.9704820011254,base,none,94
truth,15.9622633232209,base,none,94
pw,7.479871969847644,storm,none,94
beale,NA,storm,none,94
rating,16.512132016265575,storm,none,94
composite,16.997500600143578,storm,none,94
truth,13.798702750061883,storm,none,94
pw,11.817221944175134,unaltered,none,94
beale,NA,unaltered,none,94
rating,15.143973082382487,unaltered,none,94
composite,15.502693274115423,unaltered,none,94
truth,13.589526813918578,unaltered,none,94
pw,14.149307905837857,base,chemostatic,94
beale,NA,base,chemostatic,94
rating,16.00856941189337,base,chemostatic,94
composite,16.038926278688717,base,chemostatic,94
truth,15.909386442171312,base,chemostatic,94
pw,7.2229723728523,storm,chemostatic,94
beale,NA,storm,chemostatic,94
rating,13.821293775301118,storm,chemostatic,94
composite,13.779088356787518,storm,chemostatic,94
truth,13.71195521267882,storm,chemostatic,94
pw,11.411354094123553,unaltered,chemostatic,94
beale,NA,unaltered,chemostatic,94
rating,13.630644822767911,unaltered,chemostatic,94
composite,13.647288783124596,unaltered,chemostatic,94
truth,13.538462395289912,unaltered,chemostatic,94
pw,14.938572459354473,base,dilution,95
beale,NA,base,dilution,95
rating,11.805973896589297,base,dilution,95
composite,11.924935939188941,base,dilution,95
truth,12.481538475320917,base,dilution,95
pw,34.44317189399074,storm,dilution,95
beale,NA,storm,dilution,95
rating,12.528951993563046,storm,dilution,95
composite,12.253754422885674,storm,dilution,95
truth,17.22733359382966,storm,dilution,95
pw,16.25144654067177,unaltered,dilution,95
beale,NA,unaltered,dilution,95
rating,11.932890952874274,unaltered,dilution,95
composite,12.071364588482046,unaltered,dilution,95
truth,13.524368399760336,unaltered,dilution,95
pw,6.348880776026834,base,enrich,95
beale,NA,base,enrich,95
rating,14.773592803796296,base,enrich,95
composite,14.897854093536647,base,enrich,95
truth,14.463365307806303,base,enrich,95
pw,1.5816607347090765,storm,enrich,95
beale,NA,storm,enrich,95
rating,66.98459843450723,storm,enrich,95
composite,67.16739625185042,storm,enrich,95
truth,77.73197673079875,storm,enrich,95
pw,4.061778051838479,unaltered,enrich,95
beale,NA,unaltered,enrich,95
rating,14.373250543554313,unaltered,enrich,95
composite,14.38506123301649,unaltered,enrich,95
truth,14.029053242903977,unaltered,enrich,95
pw,14.140789774468175,base,none,95
beale,NA,base,none,95
rating,14.872836992837717,base,none,95
composite,15.044132379817903,base,none,95
truth,15.878103969970013,base,none,95
pw,7.32030306383981,storm,none,95
beale,NA,storm,none,95
rating,11.526612814552992,storm,none,95
composite,11.343288587519408,storm,none,95
truth,13.710610104511309,storm,none,95
pw,11.49670592037197,unaltered,none,95
beale,NA,unaltered,none,95
rating,12.464221563540583,unaltered,none,95
composite,12.576464813593356,unaltered,none,95
truth,13.524160772161286,unaltered,none,95
pw,13.956414325290597,base,chemostatic,95
beale,NA,base,chemostatic,95
rating,15.883940436835253,base,chemostatic,95
composite,15.896742258582222,base,chemostatic,95
truth,15.896811433480107,base,chemostatic,95
pw,7.224856898028875,storm,chemostatic,95
beale,NA,storm,chemostatic,95
rating,13.64928865856975,storm,chemostatic,95
composite,13.709815745921071,storm,chemostatic,95
truth,13.792537895531916,storm,chemostatic,95
pw,11.346805500951385,unaltered,chemostatic,95
beale,NA,unaltered,chemostatic,95
rating,13.5127538098773,unaltered,chemostatic,95
composite,13.528024193533177,unaltered,chemostatic,95
truth,13.54727271577462,unaltered,chemostatic,95
pw,15.100834407223282,base,dilution,96
beale,NA,base,dilution,96
rating,12.095927119916015,base,dilution,96
composite,12.05444636168346,base,dilution,96
truth,12.518558356426992,base,dilution,96
pw,33.72619736855615,storm,dilution,96
beale,NA,storm,dilution,96
rating,12.803404554069328,storm,dilution,96
composite,11.336777899144854,storm,dilution,96
truth,17.67098201985429,storm,dilution,96
pw,16.147231253164605,unaltered,dilution,96
beale,NA,unaltered,dilution,96
rating,12.205115256633894,unaltered,dilution,96
composite,12.155745313160052,unaltered,dilution,96
truth,13.818705222231813,unaltered,dilution,96
pw,6.333935588666589,base,enrich,96
beale,NA,base,enrich,96
rating,15.782244809519286,base,enrich,96
composite,15.776217047604316,base,enrich,96
truth,15.099972102682644,base,enrich,96
pw,1.5447895225888648,storm,enrich,96
beale,NA,storm,enrich,96
rating,69.58160084086296,storm,enrich,96
composite,69.74635602219324,storm,enrich,96
truth,78.71290508277445,storm,enrich,96
pw,3.940473567666039,unaltered,enrich,96
beale,NA,unaltered,enrich,96
rating,14.344203014828816,unaltered,enrich,96
composite,14.347668728713423,unaltered,enrich,96
truth,14.141042891103771,unaltered,enrich,96
pw,14.646062287027664,base,none,96
beale,NA,base,none,96
rating,15.999636369104328,base,none,96
composite,16.378677310289223,base,none,96
truth,15.941367858986858,base,none,96
pw,7.482529842002031,storm,none,96
beale,NA,storm,none,96
rating,13.332296820431393,storm,none,96
composite,13.937737086322466,storm,none,96
truth,13.748329958785316,storm,none,96
pw,11.808526095299378,unaltered,none,96
beale,NA,unaltered,none,96
rating,13.530962289388928,unaltered,none,96
composite,13.857914772368316,unaltered,none,96
truth,13.526688948918673,unaltered,none,96
pw,13.884615413580065,base,chemostatic,96
beale,NA,base,chemostatic,96
rating,15.858547145844234,base,chemostatic,96
composite,15.84821623901375,base,chemostatic,96
truth,15.95442743479027,base,chemostatic,96
pw,7.093514088688101,storm,chemostatic,96
beale,NA,storm,chemostatic,96
rating,13.840993315222125,storm,chemostatic,96
composite,13.712153450132456,storm,chemostatic,96
truth,13.778657459573449,storm,chemostatic,96
pw,11.19460235941208,unaltered,chemostatic,96
beale,NA,unaltered,chemostatic,96
rating,13.471848919556223,unaltered,chemostatic,96
composite,13.44850185684439,unaltered,chemostatic,96
truth,13.540374414562422,unaltered,chemostatic,96
pw,14.668966442348696,base,dilution,97
beale,NA,base,dilution,97
rating,12.342882473325265,base,dilution,97
composite,12.493322937763566,base,dilution,97
truth,12.53594888345816,base,dilution,97
pw,34.15351956702133,storm,dilution,97
beale,NA,storm,dilution,97
rating,12.999592379500301,storm,dilution,97
composite,12.344450635640376,storm,dilution,97
truth,17.588120954457317,storm,dilution,97
pw,16.286717518435136,unaltered,dilution,97
beale,NA,unaltered,dilution,97
rating,12.360958710757622,unaltered,dilution,97
composite,12.400543289351969,unaltered,dilution,97
truth,13.524577953900259,unaltered,dilution,97
pw,5.484323719199323,base,enrich,97
beale,NA,base,enrich,97
rating,14.683848228030248,base,enrich,97
composite,14.542789495468382,base,enrich,97
truth,14.569788568307908,base,enrich,97
pw,1.4906196640797404,storm,enrich,97
beale,NA,storm,enrich,97
rating,63.19605221668365,storm,enrich,97
composite,63.21877023376328,storm,enrich,97
truth,76.94570304544654,storm,enrich,97
pw,3.901663961337992,unaltered,enrich,97
beale,NA,unaltered,enrich,97
rating,13.614097506047978,unaltered,enrich,97
composite,13.54553895291807,unaltered,enrich,97
truth,14.003872754150603,unaltered,enrich,97
pw,12.66417539431526,base,none,97
beale,NA,base,none,97
rating,14.445801510029554,base,none,97
composite,15.058899026378329,base,none,97
truth,15.883177935391211,base,none,97
pw,6.513756430533848,storm,none,97
beale,NA,storm,none,97
rating,13.632903612610553,storm,none,97
composite,13.67744513289563,storm,none,97
truth,13.675957994117564,storm,none,97
pw,10.239782710454204,unaltered,none,97
beale,NA,unaltered,none,97
rating,12.51870575395091,unaltered,none,97
composite,12.961546670095846,unaltered,none,97
truth,13.493752890564824,unaltered,none,97
pw,14.050875937400514,base,chemostatic,97
beale,NA,base,chemostatic,97
rating,15.95243849746183,base,chemostatic,97
composite,15.981627959955532,base,chemostatic,97
truth,15.948816309023417,base,chemostatic,97
pw,7.226999045903891,storm,chemostatic,97
beale,NA,storm,chemostatic,97
rating,13.6956245420697,storm,chemostatic,97
composite,13.718263295678602,storm,chemostatic,97
truth,13.798612605228614,storm,chemostatic,97
pw,11.361017358865325,unaltered,chemostatic,97
beale,NA,unaltered,chemostatic,97
rating,13.549280580842328,unaltered,chemostatic,97
composite,13.572863142563394,unaltered,chemostatic,97
truth,13.558381503707587,unaltered,chemostatic,97
pw,16.413479504722698,base,dilution,98
beale,NA,base,dilution,98
rating,12.760290306833642,base,dilution,98
composite,12.891905538946412,base,dilution,98
truth,12.549663274862029,base,dilution,98
pw,36.96460076047496,storm,dilution,98
beale,NA,storm,dilution,98
rating,13.45524713246707,storm,dilution,98
composite,11.543698304924293,storm,dilution,98
truth,17.661077014788823,storm,dilution,98
pw,17.505110202747638,unaltered,dilution,98
beale,NA,unaltered,dilution,98
rating,12.89868752408728,unaltered,dilution,98
composite,12.795187456996352,unaltered,dilution,98
truth,13.651915566201122,unaltered,dilution,98
pw,6.533403485792895,base,enrich,98
beale,NA,base,enrich,98
rating,15.281849410932296,base,enrich,98
composite,15.18341068654946,base,enrich,98
truth,14.840980219602837,base,enrich,98
pw,1.5250075735083917,storm,enrich,98
beale,NA,storm,enrich,98
rating,66.73707358889179,storm,enrich,98
composite,66.73336576471094,storm,enrich,98
truth,77.80251115457955,storm,enrich,98
pw,3.9686796064784975,unaltered,enrich,98
beale,NA,unaltered,enrich,98
rating,14.040786156959802,unaltered,enrich,98
composite,13.958852026283067,unaltered,enrich,98
truth,14.065103922313892,unaltered,enrich,98
pw,14.118092497610391,base,none,98
beale,NA,base,none,98
rating,16.09746317658669,base,none,98
composite,16.419504809762245,base,none,98
truth,15.93155756430797,base,none,98
pw,7.219959958079554,storm,none,98
beale,NA,storm,none,98
rating,14.408114271308037,storm,none,98
composite,14.33636390095141,storm,none,98
truth,13.622561370577627,storm,none,98
pw,11.3767056056025,unaltered,none,98
beale,NA,unaltered,none,98
rating,13.696706631315838,unaltered,none,98
composite,13.943061550111114,unaltered,none,98
truth,13.484271669081595,unaltered,none,98
pw,14.125775120951085,base,chemostatic,98
beale,NA,base,chemostatic,98
rating,15.961865098427728,base,chemostatic,98
composite,15.932741979648426,base,chemostatic,98
truth,16.001953195253268,base,chemostatic,98
pw,7.2238888339459075,storm,chemostatic,98
beale,NA,storm,chemostatic,98
rating,13.687078764133199,storm,chemostatic,98
composite,13.60589263197308,storm,chemostatic,98
truth,13.777666309903866,storm,chemostatic,98
pw,11.382896452137937,unaltered,chemostatic,98
beale,NA,unaltered,chemostatic,98
rating,13.50705358203286,unaltered,chemostatic,98
composite,13.470427617256595,unaltered,chemostatic,98
truth,13.556102606475806,unaltered,chemostatic,98
pw,14.95784554930765,base,dilution,99
beale,NA,base,dilution,99
rating,12.074656019231655,base,dilution,99
composite,12.005182103721513,base,dilution,99
truth,12.37422733024722,base,dilution,99
pw,34.54320300883219,storm,dilution,99
beale,NA,storm,dilution,99
rating,12.82569228048779,storm,dilution,99
composite,12.471479381118751,storm,dilution,99
truth,17.255688461991898,storm,dilution,99
pw,16.3160392971556,unaltered,dilution,99
beale,NA,unaltered,dilution,99
rating,12.244418698290232,unaltered,dilution,99
composite,12.487262120014897,unaltered,dilution,99
truth,13.341041449490088,unaltered,dilution,99
pw,6.052494753823641,base,enrich,99
beale,NA,base,enrich,99
rating,13.067076348001846,base,enrich,99
composite,13.137647894504711,base,enrich,99
truth,14.096890429113703,base,enrich,99
pw,1.4752345552588961,storm,enrich,99
beale,NA,storm,enrich,99
rating,62.929418903112584,storm,enrich,99
composite,62.822230981228174,storm,enrich,99
truth,74.17722796165982,storm,enrich,99
pw,3.833662059209904,unaltered,enrich,99
beale,NA,unaltered,enrich,99
rating,13.585693121881077,unaltered,enrich,99
composite,13.447241160822474,unaltered,enrich,99
truth,13.702760423198304,unaltered,enrich,99
pw,13.80649089203317,base,none,99
beale,NA,base,none,99
rating,15.418435097140522,base,none,99
composite,15.860416632159371,base,none,99
truth,15.788706945805968,base,none,99
pw,7.061256543823829,storm,none,99
beale,NA,storm,none,99
rating,13.906410519843243,storm,none,99
composite,14.15789873520945,storm,none,99
truth,13.690652243752426,storm,none,99
pw,11.159375544914944,unaltered,none,99
beale,NA,unaltered,none,99
rating,13.274213434017273,unaltered,none,99
composite,13.6476844466407,unaltered,none,99
truth,13.522722702276576,unaltered,none,99
pw,13.779757424193374,base,chemostatic,99
beale,NA,base,chemostatic,99
rating,15.716959681804118,base,chemostatic,99
composite,15.75407531382006,base,chemostatic,99
truth,15.79597221227415,base,chemostatic,99
pw,7.047583853478464,storm,chemostatic,99
beale,NA,storm,chemostatic,99
rating,13.818076919507167,storm,chemostatic,99
composite,13.769625036538708,storm,chemostatic,99
truth,13.702885026962422,storm,chemostatic,99
pw,11.137767678761614,unaltered,chemostatic,99
beale,NA,unaltered,chemostatic,99
rating,13.497107741525477,unaltered,chemostatic,99
composite,13.523088927346791,unaltered,chemostatic,99
truth,13.530315891466698,unaltered,chemostatic,99
pw,15.16550818373173,base,dilution,100
beale,NA,base,dilution,100
rating,12.223445551393835,base,dilution,100
composite,12.365818168852245,base,dilution,100
truth,12.753855118133993,base,dilution,100
pw,36.04022840338894,storm,dilution,100
beale,NA,storm,dilution,100
rating,12.968205816096496,storm,dilution,100
composite,12.6364919184933,storm,dilution,100
truth,18.513958670346632,storm,dilution,100
pw,16.92700278568794,unaltered,dilution,100
beale,NA,unaltered,dilution,100
rating,12.378105333428074,unaltered,dilution,100
composite,12.581635569449865,unaltered,dilution,100
truth,13.998598163410207,unaltered,dilution,100
pw,5.386083611476496,base,enrich,100
beale,NA,base,enrich,100
rating,16.75638527016142,base,enrich,100
composite,16.950722560527282,base,enrich,100
truth,15.246725271502726,base,enrich,100
pw,1.5210228259853524,storm,enrich,100
beale,NA,storm,enrich,100
rating,68.21813242603052,storm,enrich,100
composite,68.52533530704288,storm,enrich,100
truth,78.35325470415934,storm,enrich,100
pw,3.9052880701637567,unaltered,enrich,100
beale,NA,unaltered,enrich,100
rating,14.63583146972084,unaltered,enrich,100
composite,14.752561185135734,unaltered,enrich,100
truth,14.22143086208313,unaltered,enrich,100
pw,14.874868725420427,base,none,100
beale,NA,base,none,100
rating,16.13541406271252,base,none,100
composite,16.926396030778385,base,none,100
truth,16.2686930991177,base,none,100
pw,7.507889711750846,storm,none,100
beale,NA,storm,none,100
rating,13.524500934958523,storm,none,100
composite,14.503571868530665,storm,none,100
truth,13.898672552358345,storm,none,100
pw,11.794312028718712,unaltered,none,100
beale,NA,unaltered,none,100
rating,13.448314644171848,unaltered,none,100
composite,14.153023158624562,unaltered,none,100
truth,13.612336538172094,unaltered,none,100
pw,14.2439305722947,base,chemostatic,100
beale,NA,base,chemostatic,100
rating,16.177133516156303,base,chemostatic,100
composite,16.230455466483935,base,chemostatic,100
truth,16.230570519672902,base,chemostatic,100
pw,7.189432174004083,storm,chemostatic,100
beale,NA,storm,chemostatic,100
rating,13.721561314154066,storm,chemostatic,100
composite,13.89639198465125,storm,chemostatic,100
truth,13.811775396078747,storm,chemostatic,100
pw,11.294039953303944,unaltered,chemostatic,100
beale,NA,unaltered,chemostatic,100
rating,13.523137948831662,unaltered,chemostatic,100
composite,13.58478937494989,unaltered,chemostatic,100
truth,13.572780882026928,unaltered,chemostatic,100
